<?xml version="1.0" encoding="utf-8"?>
<COLLADA xmlns="http://www.collada.org/2005/11/COLLADASchema" version="1.4.1">
  <asset>
    <contributor>
      <author></author>
      <authoring_tool>FBX COLLADA exporter</authoring_tool>
      <comments></comments>
    </contributor>
    <created>2026-07-25T20:06:09Z</created>
    <keywords></keywords>
    <modified>2026-07-25T20:06:09Z</modified>
    <revision></revision>
    <subject></subject>
    <title></title>
    <unit meter="0.010000" name="centimeter"></unit>
    <up_axis>Y_UP</up_axis>
  </asset>
  <library_materials>
    <material id="m_bars" name="m_bars">
      <instance_effect url="#m_bars-fx"/>
    </material>
    <material id="m_screen" name="m_screen">
      <instance_effect url="#m_screen-fx"/>
    </material>
    <material id="m_boombox" name="m_boombox">
      <instance_effect url="#m_boombox-fx"/>
    </material>
    <material id="m_boombox_matcap" name="m_boombox_matcap">
      <instance_effect url="#m_boombox_matcap-fx"/>
    </material>
  </library_materials>
  <library_effects>
    <effect id="m_bars-fx" name="m_bars">
      <profile_COMMON>
        <technique sid="standard">
          <phong>
            <emission>
              <color sid="emission">0.000000  0.000000 0.000000 1.000000</color>
            </emission>
            <ambient>
              <color sid="ambient">0.000000  0.000000 0.000000 1.000000</color>
            </ambient>
            <diffuse>
              <color sid="diffuse">0.000000  0.026039 1.000000 1.000000</color>
            </diffuse>
            <specular>
              <color sid="specular">0.000000  0.006510 0.250000 1.000000</color>
            </specular>
            <shininess>
              <float sid="shininess">25.000000</float>
            </shininess>
            <reflective>
              <color sid="reflective">0.000000  0.026039 1.000000 1.000000</color>
            </reflective>
            <reflectivity>
              <float sid="reflectivity">0.000000</float>
            </reflectivity>
            <transparent opaque="RGB_ZERO">
              <color sid="transparent">0.000000  0.000000 0.000000 1.000000</color>
            </transparent>
            <transparency>
              <float sid="transparency">0.000000</float>
            </transparency>
          </phong>
        </technique>
      </profile_COMMON>
    </effect>
    <effect id="m_screen-fx" name="m_screen">
      <profile_COMMON>
        <technique sid="standard">
          <phong>
            <emission>
              <color sid="emission">0.000000  0.615898 1.000000 1.000000</color>
            </emission>
            <ambient>
              <color sid="ambient">0.000000  0.000000 0.000000 1.000000</color>
            </ambient>
            <diffuse>
              <color sid="diffuse">0.001506  0.332667 0.800000 1.000000</color>
            </diffuse>
            <specular>
              <color sid="specular">0.000377  0.083167 0.200000 1.000000</color>
            </specular>
            <shininess>
              <float sid="shininess">25.000000</float>
            </shininess>
            <reflective>
              <color sid="reflective">0.001506  0.332667 0.800000 1.000000</color>
            </reflective>
            <reflectivity>
              <float sid="reflectivity">0.000000</float>
            </reflectivity>
            <transparent opaque="RGB_ZERO">
              <color sid="transparent">0.000000  0.000000 0.000000 1.000000</color>
            </transparent>
            <transparency>
              <float sid="transparency">0.000000</float>
            </transparency>
          </phong>
        </technique>
      </profile_COMMON>
    </effect>
    <effect id="m_boombox-fx" name="m_boombox">
      <profile_COMMON>
        <technique sid="standard">
          <phong>
            <emission>
              <color sid="emission">0.000000  0.000000 0.000000 1.000000</color>
            </emission>
            <ambient>
              <color sid="ambient">0.000000  0.000000 0.000000 1.000000</color>
            </ambient>
            <diffuse>
              <color sid="diffuse">0.574742  0.791809 0.606632 1.000000</color>
            </diffuse>
            <specular>
              <color sid="specular">0.143686  0.197952 0.151658 1.000000</color>
            </specular>
            <shininess>
              <float sid="shininess">0.000000</float>
            </shininess>
            <reflective>
              <color sid="reflective">0.574742  0.791809 0.606632 1.000000</color>
            </reflective>
            <reflectivity>
              <float sid="reflectivity">0.000000</float>
            </reflectivity>
            <transparent opaque="RGB_ZERO">
              <color sid="transparent">0.000000  0.000000 0.000000 1.000000</color>
            </transparent>
            <transparency>
              <float sid="transparency">0.000000</float>
            </transparency>
          </phong>
        </technique>
      </profile_COMMON>
    </effect>
    <effect id="m_boombox_matcap-fx" name="m_boombox_matcap">
      <profile_COMMON>
        <technique sid="standard">
          <phong>
            <emission>
              <color sid="emission">0.000000  0.000000 0.000000 1.000000</color>
            </emission>
            <ambient>
              <color sid="ambient">0.000000  0.000000 0.000000 1.000000</color>
            </ambient>
            <diffuse>
              <color sid="diffuse">0.574742  0.791809 0.606632 1.000000</color>
            </diffuse>
            <specular>
              <color sid="specular">0.143686  0.197952 0.151658 1.000000</color>
            </specular>
            <shininess>
              <float sid="shininess">86.432420</float>
            </shininess>
            <reflective>
              <color sid="reflective">0.574742  0.791809 0.606632 1.000000</color>
            </reflective>
            <reflectivity>
              <float sid="reflectivity">0.739394</float>
            </reflectivity>
            <transparent opaque="RGB_ZERO">
              <color sid="transparent">0.000000  0.000000 0.000000 1.000000</color>
            </transparent>
            <transparency>
              <float sid="transparency">0.000000</float>
            </transparency>
          </phong>
        </technique>
      </profile_COMMON>
    </effect>
  </library_effects>
  <library_geometries>
    <geometry id="char_heavytool-lib" name="char_heavytoolMesh">
      <mesh>
        <source id="char_heavytool-POSITION">
          <float_array id="char_heavytool-POSITION-array" count="5904">
-2.275924 0.732694 0.159272
-2.367122 0.683959 0.159272
-2.697543 0.011410 0.159272
-2.275924 -0.709874 0.159272
-2.544321 0.500321 0.159272
-2.658245 0.268579 0.159272
-2.658245 -0.245760 0.159272
-2.544321 -0.477502 0.159272
-2.367122 -0.661140 0.159272
-2.275924 0.732694 -0.218603
-2.367122 0.683959 -0.218603
-2.697543 0.011410 -0.218604
-2.275924 -0.709874 -0.218604
-2.544321 0.500321 -0.218603
-2.658245 0.268579 -0.218604
-2.658245 -0.245760 -0.218604
-2.544321 -0.477502 -0.218604
-2.367122 -0.661140 -0.218604
-0.193819 -0.293313 -0.902663
2.276172 0.732694 0.159272
2.367369 0.683959 0.159272
2.697791 0.011410 0.159272
-0.137681 0.500412 -1.048765
-0.193819 0.448416 -1.029715
-0.193819 -0.145658 -0.794672
2.276172 -0.709874 0.159272
-0.155547 -0.501152 0.811461
-0.201992 0.689133 0.413368
-0.202008 0.452975 0.846697
-0.198459 0.344786 0.907259
-0.200970 0.405824 0.892791
-0.195956 0.295184 0.901660
-0.159631 -0.420662 0.820578
2.544568 0.500321 0.159272
2.658493 0.268579 0.159272
2.658493 -0.245760 0.159272
2.544568 -0.477502 0.159272
2.367369 -0.661140 0.159272
2.276172 0.732694 -0.218603
2.367369 0.683959 -0.218603
2.697791 0.011410 -0.218604
2.276172 -0.709874 -0.218604
2.544568 0.500321 -0.218603
2.658493 0.268579 -0.218604
2.658493 -0.245760 -0.218604
2.544568 -0.477502 -0.218604
2.367369 -0.661140 -0.218604
0.194067 -0.293313 -0.902663
0.137928 0.500412 -1.048765
0.194067 0.448416 -1.029715
0.194067 -0.145658 -0.794672
0.155795 -0.501152 0.811461
0.202240 0.689133 0.413368
0.202256 0.452975 0.846697
0.198707 0.344786 0.907259
0.201217 0.405824 0.892791
0.196204 0.295184 0.901660
0.159879 -0.420662 0.820578
-2.274153 0.729353 0.153426
-2.364847 0.680939 0.153426
-2.693762 0.011410 0.153426
-2.274153 -0.706534 0.153426
-2.541226 0.498149 0.153426
-2.654637 0.267446 0.153426
-2.654637 -0.244627 0.153426
-2.541226 -0.475329 0.153426
-2.364847 -0.658119 0.153426
-2.274153 0.729353 -0.212757
-2.364847 0.680939 -0.212757
-2.693762 0.011410 -0.212758
-2.274153 -0.706534 -0.212758
-2.541226 0.498149 -0.212757
-2.654637 0.267446 -0.212758
-2.654637 -0.244627 -0.212758
-2.541226 -0.475329 -0.212758
-2.364847 -0.658119 -0.212758
-0.190340 -0.289838 -0.893242
2.274400 0.729353 0.153426
2.365095 0.680939 0.153426
2.694010 0.011410 0.153426
-0.135209 0.499037 -1.039259
-0.190340 0.445348 -1.023440
-0.190340 -0.146239 -0.789963
2.274400 -0.706534 0.153426
-0.152795 -0.500967 0.809828
-0.198419 0.687689 0.412584
-0.198435 0.451651 0.845723
-0.194949 0.344713 0.905617
-0.197415 0.405021 0.891358
-0.192490 0.295386 0.900030
-0.156807 -0.420477 0.818945
2.541474 0.498149 0.153426
2.654885 0.267446 0.153426
2.654885 -0.244627 0.153426
2.541474 -0.475329 0.153426
2.365095 -0.658119 0.153426
2.274400 0.729353 -0.212757
2.365095 0.680939 -0.212757
2.694010 0.011410 -0.212758
2.274400 -0.706534 -0.212758
2.541474 0.498149 -0.212757
2.654885 0.267446 -0.212758
2.654885 -0.244627 -0.212758
2.541474 -0.475329 -0.212758
2.365095 -0.658119 -0.212758
0.190588 -0.289838 -0.893242
0.135457 0.499037 -1.039259
0.190588 0.445348 -1.023440
0.190588 -0.146239 -0.789963
0.153043 -0.500967 0.809828
0.198667 0.687689 0.412584
0.198682 0.451651 0.845723
0.195196 0.344713 0.905617
0.197662 0.405021 0.891358
0.192738 0.295386 0.900030
0.157055 -0.420477 0.818945
-2.241667 -0.839375 0.777538
-1.409891 -0.997131 0.777538
-1.623402 -1.203619 0.777538
-2.315539 -0.800805 0.777538
-0.711039 -0.821354 0.777538
-1.209361 -0.997131 0.777538
-1.007632 -0.817209 0.777568
-0.538340 -0.821354 0.777538
-2.370984 -1.129679 0.777538
-2.343827 -1.203619 0.777538
-2.428921 -1.046934 0.777538
-2.443629 -1.157724 0.777538
-0.831186 -0.817209 0.777547
-0.588417 -0.907989 0.777538
-0.747930 -0.906551 0.777547
-2.450131 -1.100497 0.777538
-2.399573 -1.193355 0.777538
-2.428926 -1.046932 0.363062
-2.400012 -1.193388 0.430242
-2.443799 -1.157775 0.444263
-2.450382 -1.100608 0.430242
-2.315741 -0.800699 0.465627
-1.665790 -1.129679 -0.836869
-1.409891 -0.997131 -0.836869
-1.623402 -1.203619 -0.836869
-0.711039 -0.821354 -0.836869
-1.209361 -0.997131 -0.836869
-1.240674 -0.911704 -0.836869
-1.007632 -0.817209 -0.836899
-0.815446 -0.718684 -0.836869
-2.343827 -1.203619 -0.836869
-2.428921 -1.046934 -0.836869
-2.443629 -1.157724 -0.836869
-0.831186 -0.817209 -0.836878
-0.588417 -0.907989 -0.836869
-0.747930 -0.906551 -0.836878
-2.450131 -1.100497 -0.836869
-2.399573 -1.193355 -0.836869
-2.428926 -1.046932 -0.422394
-2.400012 -1.193388 -0.489574
-2.443799 -1.157775 -0.503594
-2.450382 -1.100608 -0.489574
-2.315741 -0.800699 -0.524959
-2.343827 -1.203619 -0.422394
-2.343827 -1.203619 0.363062
-2.268243 -1.062204 0.849925
-1.500718 -0.774162 0.777538
-1.444472 -0.911354 0.777538
-1.473943 -0.839470 0.849925
-1.722688 -0.992755 0.777538
-1.665790 -1.129679 0.777538
-1.695603 -1.057935 0.849925
-2.243014 -0.671380 0.777538
-2.343162 -0.698672 0.849925
-2.051750 -0.773864 0.777538
-2.134489 -0.808744 0.849925
-0.654772 -0.684145 0.777538
-0.682837 -0.749209 0.849925
-1.295215 -0.773812 0.777538
-1.240674 -0.911704 0.777538
-1.268590 -0.839327 0.849925
-1.089436 -0.581134 0.777538
-1.034895 -0.719026 0.777538
-1.062811 -0.646648 0.849829
-0.759179 -0.581475 0.777538
-0.815446 -0.718684 0.777538
-0.787244 -0.646539 0.849829
-0.538340 -0.684145 0.777538
-0.468259 -0.749209 0.849925
-2.161327 -0.992755 0.777538
-2.383321 -1.129679 -0.836869
-2.268243 -1.057935 -0.908945
-1.500718 -0.774162 -0.836869
-1.444472 -0.911354 -0.836869
-1.473943 -0.839470 -0.908945
-1.722688 -0.992755 -0.836869
-1.695603 -1.057935 -0.908945
-2.243014 -0.671380 -0.836869
-2.315539 -0.800805 -0.836869
-2.343162 -0.698672 -0.909472
-2.051750 -0.773864 -0.836869
-2.134489 -0.808744 -0.908945
-0.654772 -0.684145 -0.836869
-0.682837 -0.749209 -0.908945
-1.295215 -0.773812 -0.836869
-1.268590 -0.839327 -0.908945
-1.089436 -0.581134 -0.836869
-1.034895 -0.719026 -0.836869
-1.062811 -0.646648 -0.909472
-0.759179 -0.581475 -0.836869
-0.787244 -0.646539 -0.909472
-2.161327 -0.992755 -0.836869
-2.241667 -0.839375 -0.836869
-0.538340 -0.684145 -0.836869
-0.468259 -0.749209 -0.908945
-0.538340 -0.821354 -0.836869
-2.242814 -0.671484 -0.492091
-2.242814 -0.671484 0.420184
-2.343193 -0.698654 0.430473
-2.343193 -0.698654 -0.499236
-2.317870 -0.812657 0.268663
-2.317630 -0.812660 -0.326512
-2.405775 -0.848176 0.276123
-2.405826 -0.848325 -0.333989
-2.384169 -0.928980 0.308707
-2.379647 -0.930646 -0.365373
-0.538340 -0.684145 0.632091
-0.538340 -0.684145 -0.733184
-0.654772 -0.684145 0.631888
-0.654772 -0.684145 -0.733375
-0.759179 -0.581475 0.631884
-0.759179 -0.581475 -0.733371
-1.089436 -0.581134 0.631881
-1.089436 -0.581134 -0.733368
-1.295215 -0.773812 0.631879
-1.295215 -0.773812 -0.733365
-1.500718 -0.774162 0.631877
-1.500718 -0.774162 -0.733364
-1.722688 -0.992755 0.631876
-1.722688 -0.992755 -0.733363
-2.051750 -0.773864 0.420184
-2.051750 -0.773864 -0.492091
-2.126806 -0.915036 0.268663
-2.126565 -0.915039 -0.326512
-1.673414 1.003474 0.766201
-1.655782 1.061230 0.849925
-1.623081 1.126495 0.766201
-0.784459 0.166621 0.766201
-0.783379 0.254848 0.849925
-0.782299 0.345139 0.766201
-2.254375 1.064024 0.849925
-2.059496 0.803613 0.766201
-2.136441 0.823701 0.849925
-2.222295 0.852875 0.766201
-2.260463 0.684915 0.766205
-2.343725 0.714077 0.849925
-2.260861 0.684879 -0.834576
-2.343608 0.713800 -0.902976
-2.315595 0.805201 -0.834576
-0.619724 0.321450 0.766201
-0.643833 0.390137 0.849925
-0.537492 0.321450 0.766201
-0.468800 0.390136 0.849925
-0.537488 0.454458 0.766201
-0.537493 0.816604 -0.250803
-0.468800 0.936655 -0.224186
-0.537488 0.977554 -0.216759
-2.056374 0.801568 -0.834576
-2.136026 0.823598 -0.902976
-2.261929 1.068207 -0.902976
-2.368936 1.130424 -0.834576
-0.996265 1.005889 -0.834576
-0.989962 1.066847 -0.897360
-0.716924 0.703054 -1.125546
-0.696419 0.758798 -1.200508
-2.054344 1.003642 0.623938
-2.056133 1.004037 -0.728978
0.000124 0.703871 -1.125546
0.000124 0.758798 -1.200508
-2.260773 0.684891 -0.461239
-2.260549 0.684904 0.417254
-2.343634 0.713862 -0.474576
-2.343699 0.714016 0.429718
-2.323020 0.821817 -0.325943
-2.322852 0.821790 0.269232
-2.401064 0.861046 -0.333405
-2.401116 0.861194 0.276707
-2.377911 0.942848 0.296341
-0.915680 1.217142 -0.834576
-2.315521 0.805224 -0.512800
-1.608606 1.217142 0.766201
-0.781658 0.444354 0.766201
-2.315229 0.805316 0.766202
-0.962654 1.128543 -0.834576
-2.218149 0.851272 -0.834576
-0.674191 0.529015 0.766201
-0.537488 1.034802 -0.163685
-0.667945 0.454458 0.766201
-0.660683 0.766037 0.330341
-2.360477 1.130424 0.766201
-2.313858 1.217556 -0.834576
-2.427503 1.050199 -0.834576
-2.430186 1.168054 -0.834576
-2.425800 1.047373 0.766201
-2.313668 1.217142 0.766201
-2.430186 1.168054 0.766201
-2.390910 1.206689 -0.834576
-2.390910 1.206689 0.766201
-2.439773 1.111676 -0.834576
-2.439773 1.111676 0.766201
-1.282066 1.217142 0.337048
-2.378173 0.943051 -0.354240
-2.314295 0.803084 0.454600
-0.537487 0.452316 0.766201
-0.537488 0.529015 0.766201
-2.427611 1.050553 -0.406336
-2.439773 1.111676 0.410414
-2.426436 1.048489 0.372946
-2.390910 1.206689 0.411769
-2.430186 1.168054 0.421692
-2.314342 1.217507 -0.406167
-2.390910 1.206689 -0.443946
-2.439773 1.111676 -0.444030
-2.430186 1.168054 -0.454921
-2.314746 1.217296 0.375688
-0.684678 0.827521 -1.125546
-0.536226 1.013053 -0.834576
-0.663263 0.910948 -1.123314
0.000124 0.827521 -1.125546
0.000124 0.907656 -1.123314
0.000124 1.013053 -0.834576
-0.996265 1.005889 -0.740739
-0.716924 0.703054 -0.736904
0.000124 0.703871 -0.736904
-2.058871 0.803204 0.445687
-2.057072 0.802025 -0.504486
-2.130708 0.946669 0.281159
-2.126548 0.937080 -0.353486
-0.784459 0.243949 0.605462
-0.619724 0.398777 0.605462
-0.537492 0.399697 0.605488
-1.673414 1.003594 0.618892
-2.161870 1.004008 -0.834576
-2.159754 1.003474 0.766201
-2.045928 -0.992755 0.631875
-2.045928 -0.992755 -0.733362
2.241915 -0.839375 0.777538
1.410139 -0.997131 0.777538
1.623650 -1.203619 0.777538
2.315786 -0.800805 0.777538
0.711287 -0.821354 0.777538
1.209609 -0.997131 0.777538
1.007879 -0.817209 0.777568
0.538588 -0.821354 0.777538
2.371231 -1.129679 0.777538
2.344074 -1.203619 0.777538
2.429169 -1.046934 0.777538
2.443877 -1.157724 0.777538
0.831434 -0.817209 0.777547
0.588664 -0.907989 0.777538
0.748178 -0.906551 0.777547
2.450379 -1.100497 0.777538
2.399820 -1.193355 0.777538
2.429174 -1.046932 0.363062
2.400259 -1.193388 0.430242
2.444047 -1.157775 0.444263
2.450630 -1.100608 0.430242
2.315989 -0.800699 0.465627
1.666038 -1.129679 -0.836869
1.410139 -0.997131 -0.836869
1.623650 -1.203619 -0.836869
0.711287 -0.821354 -0.836869
1.209609 -0.997131 -0.836869
1.240922 -0.911704 -0.836869
1.007879 -0.817209 -0.836899
0.815694 -0.718684 -0.836869
2.344074 -1.203619 -0.836869
2.429169 -1.046934 -0.836869
2.443877 -1.157724 -0.836869
0.831434 -0.817209 -0.836878
0.588664 -0.907989 -0.836869
0.748178 -0.906551 -0.836878
2.450379 -1.100497 -0.836869
2.399820 -1.193355 -0.836869
2.429174 -1.046932 -0.422394
2.400259 -1.193388 -0.489574
2.444047 -1.157775 -0.503594
2.450630 -1.100608 -0.489574
2.315989 -0.800699 -0.524959
2.344074 -1.203619 -0.422394
2.344074 -1.203619 0.363062
2.268491 -1.062204 0.849925
1.500966 -0.774162 0.777538
1.444719 -0.911354 0.777538
1.474191 -0.839470 0.849925
1.722936 -0.992755 0.777538
1.666038 -1.129679 0.777538
1.695851 -1.057935 0.849925
2.243261 -0.671380 0.777538
2.343410 -0.698672 0.849925
2.051998 -0.773864 0.777538
2.134737 -0.808744 0.849925
0.655020 -0.684145 0.777538
0.683085 -0.749209 0.849925
1.295463 -0.773812 0.777538
1.240922 -0.911704 0.777538
1.268838 -0.839327 0.849925
1.089684 -0.581134 0.777538
1.035143 -0.719026 0.777538
1.063059 -0.646648 0.849829
0.759427 -0.581475 0.777538
0.815694 -0.718684 0.777538
0.787492 -0.646539 0.849829
0.538588 -0.684145 0.777538
0.468506 -0.749209 0.849925
2.161575 -0.992755 0.777538
2.383569 -1.129679 -0.836869
2.268491 -1.057935 -0.908945
1.500966 -0.774162 -0.836869
1.444719 -0.911354 -0.836869
1.474191 -0.839470 -0.908945
1.722936 -0.992755 -0.836869
1.695851 -1.057935 -0.908945
2.243261 -0.671380 -0.836869
2.315786 -0.800805 -0.836869
2.343410 -0.698672 -0.909472
2.051998 -0.773864 -0.836869
2.134737 -0.808744 -0.908945
0.655020 -0.684145 -0.836869
0.683085 -0.749209 -0.908945
1.295463 -0.773812 -0.836869
1.268838 -0.839327 -0.908945
1.089684 -0.581134 -0.836869
1.035143 -0.719026 -0.836869
1.063059 -0.646648 -0.909472
0.759427 -0.581475 -0.836869
0.787492 -0.646539 -0.909472
2.161575 -0.992755 -0.836869
2.241915 -0.839375 -0.836869
0.538588 -0.684145 -0.836869
0.468506 -0.749209 -0.908945
0.538588 -0.821354 -0.836869
2.243062 -0.671484 -0.492091
2.243062 -0.671484 0.420184
2.343441 -0.698654 0.430473
2.343441 -0.698654 -0.499236
2.318118 -0.812657 0.268663
2.317877 -0.812660 -0.326512
2.406023 -0.848176 0.276123
2.406074 -0.848325 -0.333989
2.384416 -0.928980 0.308707
2.379895 -0.930646 -0.365373
0.538588 -0.684145 0.632091
0.538588 -0.684145 -0.733184
0.655020 -0.684145 0.631888
0.655020 -0.684145 -0.733375
0.759427 -0.581475 0.631884
0.759427 -0.581475 -0.733371
1.089684 -0.581134 0.631881
1.089684 -0.581134 -0.733368
1.295463 -0.773812 0.631879
1.295463 -0.773812 -0.733365
1.500966 -0.774162 0.631877
1.500966 -0.774162 -0.733364
1.722936 -0.992755 0.631876
1.722936 -0.992755 -0.733363
2.051998 -0.773864 0.420184
2.051998 -0.773864 -0.492091
2.127054 -0.915036 0.268663
2.126813 -0.915039 -0.326512
1.673662 1.003474 0.766201
1.656030 1.061230 0.849925
1.623329 1.126495 0.766201
0.784707 0.166621 0.766201
0.783627 0.254848 0.849925
0.782547 0.345139 0.766201
2.254622 1.064024 0.849925
2.059743 0.803613 0.766201
2.136689 0.823701 0.849925
2.222543 0.852875 0.766201
2.260710 0.684915 0.766205
2.343972 0.714077 0.849925
2.261109 0.684879 -0.834576
2.343856 0.713800 -0.902976
2.315842 0.805201 -0.834576
0.619972 0.321450 0.766201
0.644081 0.390137 0.849925
0.537740 0.321450 0.766201
0.469048 0.390136 0.849925
0.537736 0.454458 0.766201
0.537740 0.816604 -0.250803
0.469048 0.936655 -0.224186
0.537736 0.977554 -0.216759
2.056622 0.801568 -0.834576
2.136273 0.823598 -0.902976
2.262176 1.068207 -0.902976
2.369184 1.130424 -0.834576
0.996513 1.005889 -0.834576
0.990210 1.066847 -0.897360
0.717171 0.703054 -1.125546
0.696667 0.758798 -1.200508
2.054592 1.003642 0.623938
2.056381 1.004037 -0.728978
2.261020 0.684891 -0.461239
2.260796 0.684904 0.417254
2.343882 0.713862 -0.474576
2.343947 0.714016 0.429718
2.323268 0.821817 -0.325943
2.323100 0.821790 0.269232
2.401311 0.861046 -0.333405
2.401364 0.861194 0.276707
2.378158 0.942848 0.296341
0.915927 1.217142 -0.834576
2.315769 0.805224 -0.512800
1.608854 1.217142 0.766201
0.781905 0.444354 0.766201
2.315476 0.805316 0.766202
0.962902 1.128543 -0.834576
2.218397 0.851272 -0.834576
0.674439 0.529015 0.766201
0.537736 1.034802 -0.163685
0.668192 0.454458 0.766201
0.660930 0.766037 0.330341
2.360724 1.130424 0.766201
2.314105 1.217556 -0.834576
2.427751 1.050199 -0.834576
2.430434 1.168054 -0.834576
2.426047 1.047373 0.766201
2.313915 1.217142 0.766201
2.430434 1.168054 0.766201
2.391157 1.206689 -0.834576
2.391157 1.206689 0.766201
2.440021 1.111676 -0.834576
2.440021 1.111676 0.766201
1.282314 1.217142 0.337048
2.378421 0.943051 -0.354240
2.314543 0.803084 0.454600
0.537735 0.452316 0.766201
0.537736 0.529015 0.766201
2.427859 1.050553 -0.406336
2.440021 1.111676 0.410414
2.426684 1.048489 0.372946
2.391157 1.206689 0.411769
2.430434 1.168054 0.421692
2.314590 1.217507 -0.406167
2.391157 1.206689 -0.443946
2.440021 1.111676 -0.444030
2.430434 1.168054 -0.454921
2.314993 1.217296 0.375688
0.684925 0.827521 -1.125546
0.536473 1.013053 -0.834576
0.663511 0.910948 -1.123314
0.996513 1.005889 -0.740739
0.717171 0.703054 -0.736904
2.059119 0.803204 0.445687
2.057319 0.802025 -0.504486
2.130956 0.946669 0.281159
2.126796 0.937080 -0.353486
0.784707 0.243949 0.605462
0.619972 0.398777 0.605462
0.537740 0.399697 0.605488
1.673662 1.003594 0.618892
2.162118 1.004008 -0.834576
2.160002 1.003474 0.766201
2.046176 -0.992755 0.631875
2.046176 -0.992755 -0.733362
0.000124 0.875387 -0.222812
0.000124 0.402304 0.608792
-1.573980 1.095550 0.699668
-0.538340 0.407222 0.699668
-1.630091 -0.472868 0.699668
-0.538340 0.900051 -0.218689
-0.365294 0.402304 0.608792
-0.362356 0.875387 -0.222812
-1.630091 0.601391 0.699668
-1.114374 -0.677116 0.699668
-1.244922 -0.799725 0.699668
-1.457887 -0.842131 0.699668
-1.722039 -1.052865 0.699668
-1.951772 -0.823291 0.699668
-2.153244 -1.051188 0.699668
-2.040848 -0.823291 0.699668
-1.920435 0.854330 0.699668
-2.163927 1.094897 0.699668
-2.036338 0.854330 0.699668
-0.691743 0.794959 -0.759000
-1.630091 -0.472868 -0.758999
-1.630091 0.601391 -0.758999
-1.114374 -0.677116 -0.758999
-1.244922 -0.799725 -0.758999
-1.457887 -0.842131 -0.758999
-1.722039 -1.052865 -0.758999
-1.951772 -0.823291 -0.758999
-2.153244 -1.051188 -0.758999
-2.040848 -0.823291 -0.758999
-1.920435 0.854330 -0.758999
-0.967227 1.126265 -0.759000
-2.163927 1.094897 -0.758999
-2.036338 0.854330 -0.758999
-0.743471 0.360278 0.699668
-0.538340 -0.684145 0.684259
-0.365294 -0.568641 0.608792
-0.538340 -0.684145 -0.758999
-0.365294 -0.568641 -0.758999
0.000124 0.794959 -0.758999
0.000124 -0.568641 -0.758999
1.574228 1.095550 0.699668
0.538588 0.407222 0.699668
1.630339 -0.472868 0.699668
0.538588 0.900051 -0.218689
0.365541 0.402304 0.608792
0.362604 0.875387 -0.222812
1.630339 0.601391 0.699668
1.114621 -0.677116 0.699668
1.245170 -0.799725 0.699668
1.458135 -0.842131 0.699668
1.722287 -1.052865 0.699668
1.952020 -0.823291 0.699668
2.153491 -1.051188 0.699668
2.041096 -0.823291 0.699668
1.920683 0.854330 0.699668
2.164174 1.094897 0.699668
2.036586 0.854330 0.699668
0.691991 0.794959 -0.759000
1.630339 -0.472868 -0.758999
1.630339 0.601391 -0.758999
1.114621 -0.677116 -0.758999
1.245170 -0.799725 -0.758999
1.458135 -0.842131 -0.758999
1.722287 -1.052865 -0.758999
1.952020 -0.823291 -0.758999
2.153491 -1.051188 -0.758999
2.041096 -0.823291 -0.758999
1.920683 0.854330 -0.758999
0.967475 1.126265 -0.759000
2.164174 1.094897 -0.758999
2.036586 0.854330 -0.758999
0.743719 0.360278 0.699668
0.538588 -0.684145 0.684259
0.365541 -0.568641 0.608792
0.538588 -0.684145 -0.758999
0.365541 -0.568641 -0.758999
-0.397270 -0.493535 -0.724343
-0.397270 -0.348539 -0.724343
-0.397270 -0.493535 -0.932241
-0.330917 -0.493535 -1.039787
-0.241033 -0.276218 -0.991053
-0.397270 -0.346303 -0.939803
-0.397270 -0.133592 -0.724343
-0.397270 -0.133592 -0.768640
-0.241033 -0.133592 -0.876526
-0.238585 0.697621 -0.724343
-0.397270 0.547682 -0.724343
-0.397270 0.547565 -1.063292
-0.238119 0.697621 -1.119930
-0.241033 0.431795 -1.111999
-0.156380 0.513332 -1.138614
-0.330917 -0.133592 -0.876526
-0.330917 -0.346303 -1.047331
-0.193890 0.596579 -1.172513
-0.330917 0.466020 -1.125935
-0.241033 -0.146239 -0.789963
-0.190340 -0.289838 -0.893242
-0.135209 0.499037 -1.039259
-0.190340 0.445348 -1.023440
-0.190340 -0.146239 -0.789963
-0.241033 -0.330991 -0.922841
-0.156380 0.546302 -1.057583
-0.241033 0.464765 -1.030967
0.397517 -0.493535 -0.724343
0.397517 -0.348539 -0.724343
0.397517 -0.493535 -0.932241
0.331165 -0.493535 -1.039787
0.241281 -0.276218 -0.991053
0.397517 -0.346303 -0.939803
0.397517 -0.133592 -0.724343
0.397517 -0.133592 -0.768640
0.241280 -0.133592 -0.876526
0.238833 0.697621 -0.724343
0.397517 0.547682 -0.724343
-0.195765 1.262495 -0.838155
-0.347376 1.184970 -0.921585
-0.435713 0.939688 -1.028519
-0.347376 1.048717 -1.064945
-0.435319 1.013053 -0.834576
0.000124 1.241531 -0.710025
0.000124 1.262495 -0.838155
0.000124 1.184970 -0.921585
0.000124 1.048717 -1.064945
0.000124 0.939688 -1.028519
-0.918344 1.217142 -0.834576
-1.282066 1.217142 0.337048
-0.660683 0.766037 0.330341
-1.280085 1.363672 0.342593
-0.537488 0.821017 0.228824
-0.860234 1.363733 -0.834576
-0.618436 0.924617 0.330896
-0.860545 1.363300 -0.192563
-0.546096 0.918418 0.250268
-0.542909 1.124017 -0.834576
-0.543015 1.013053 -0.834576
-0.537488 0.965179 -0.037358
-0.541717 1.069324 -0.042971
-2.061901 1.217402 -0.547337
-1.884825 1.217372 -0.834576
-1.884825 1.364140 -0.839379
-2.061901 1.364140 -0.555130
0.000124 0.971322 -0.184002
0.000124 1.271003 -0.177749
0.000124 1.279328 -0.670983
-0.271446 0.971985 -0.184000
-0.271435 1.271665 -0.177772
-0.272097 1.279578 -0.670992
-0.542941 1.120184 -0.550316
-0.542961 1.117814 -0.354421
-0.407296 1.195917 -0.292392
-0.407420 1.198704 -0.480160
-0.756857 1.283618 -0.462272
-0.756851 1.284385 -0.650001
-0.519614 1.278883 -0.347971
-0.519671 1.280866 -0.539408
-1.194354 1.217206 -0.276450
-1.194354 1.363873 -0.276450
-1.198415 1.217213 -0.323137
-1.198414 1.363867 -0.323136
-1.214181 1.217205 -0.233988
-1.214181 1.363897 -0.233988
-1.223925 1.217221 -0.360405
-1.223925 1.363874 -0.360405
-1.311725 1.217240 -0.375039
-1.311725 1.363902 -0.375039
-1.265038 1.217230 -0.379099
-1.265038 1.363886 -0.379099
-1.492899 1.217215 0.097827
-1.493035 1.364135 0.097990
-1.350126 1.217244 -0.348179
-1.350126 1.363916 -0.348179
-1.611656 1.217254 -0.036826
-1.611068 1.364136 -0.037525
-1.559401 1.217294 -0.450634
-1.559401 1.363980 -0.450634
-1.555341 1.217290 -0.403947
-1.555341 1.363981 -0.403947
-1.575167 1.217288 -0.361485
-1.575167 1.364004 -0.361485
-1.584912 1.217300 -0.487902
-1.584912 1.363986 -0.487902
-1.626024 1.217310 -0.506596
-1.626024 1.363999 -0.506596
-1.672711 1.217319 -0.502536
-1.672711 1.364015 -0.502536
-1.732644 1.217294 -0.174008
-1.731319 1.364137 -0.175586
-1.711112 1.217327 -0.475676
-1.711112 1.364028 -0.475676
-1.851401 1.217333 -0.308662
-1.849352 1.364138 -0.311101
-0.537950 0.791157 -0.041263
-0.000338 0.797300 -0.217568
-0.271908 0.797962 -0.217565
-0.436108 1.124017 -0.834576
-0.213470 1.241840 -0.710676
0.000124 -0.493535 -1.039787
0.000124 0.697621 -1.119930
0.000124 0.596579 -1.172513
0.000124 0.513332 -1.138614
0.000124 0.546302 -1.057583
0.000124 0.499037 -1.039259
0.000124 -0.346303 -1.047331
0.000124 -0.276218 -0.991053
0.000124 -0.330991 -0.922841
0.000124 -0.289838 -0.893242
0.000124 0.697621 -0.724343
0.397517 0.547565 -1.063292
0.238367 0.697621 -1.119930
0.241281 0.431795 -1.111999
0.156627 0.513332 -1.138614
0.331165 -0.133592 -0.876526
0.331165 -0.346303 -1.047331
0.194137 0.596579 -1.172513
0.331165 0.466020 -1.125935
0.241280 -0.146239 -0.789963
0.190588 -0.289838 -0.893242
0.135457 0.499037 -1.039259
0.190588 0.445348 -1.023440
0.190588 -0.146239 -0.789963
0.241281 -0.330991 -0.922841
0.156627 0.546302 -1.057583
0.241281 0.464765 -1.030967
0.196013 1.262495 -0.838155
0.347624 1.184970 -0.921585
0.435961 0.939688 -1.028519
0.347624 1.048717 -1.064945
0.435567 1.013053 -0.834576
0.918592 1.217142 -0.834576
1.282314 1.217142 0.337048
0.660930 0.766037 0.330341
1.280333 1.363672 0.342593
0.537736 0.821017 0.228824
0.860481 1.363733 -0.834576
0.618683 0.924617 0.330896
0.860792 1.363300 -0.192563
0.546344 0.918418 0.250268
0.543157 1.124017 -0.834576
0.543263 1.013053 -0.834576
0.537736 0.965179 -0.037358
0.541965 1.069324 -0.042971
2.062149 1.217402 -0.547337
1.885072 1.217372 -0.834576
1.885072 1.364140 -0.839379
2.062149 1.364140 -0.555130
0.271693 0.971985 -0.184000
0.271682 1.271665 -0.177772
0.272344 1.279578 -0.670992
0.543189 1.120184 -0.550316
0.543209 1.117814 -0.354421
0.407544 1.195917 -0.292392
0.407668 1.198704 -0.480160
0.757105 1.283618 -0.462272
0.757098 1.284385 -0.650001
0.519862 1.278883 -0.347971
0.519919 1.280866 -0.539408
1.194602 1.217206 -0.276450
1.194602 1.363873 -0.276450
1.198662 1.217213 -0.323137
1.198662 1.363867 -0.323136
1.214429 1.217205 -0.233988
1.214429 1.363897 -0.233988
1.224173 1.217221 -0.360405
1.224173 1.363874 -0.360405
1.311972 1.217240 -0.375039
1.311972 1.363902 -0.375039
1.265286 1.217230 -0.379099
1.265286 1.363886 -0.379099
1.493146 1.217215 0.097827
1.493283 1.364135 0.097990
1.350374 1.217244 -0.348179
1.350374 1.363916 -0.348179
1.611903 1.217254 -0.036826
1.611316 1.364136 -0.037525
1.559649 1.217294 -0.450634
1.559649 1.363980 -0.450634
1.555588 1.217290 -0.403947
1.555588 1.363981 -0.403947
1.575415 1.217288 -0.361485
1.575415 1.364004 -0.361485
1.585159 1.217300 -0.487902
1.585159 1.363986 -0.487902
1.626272 1.217310 -0.506596
1.626272 1.363999 -0.506596
1.672958 1.217319 -0.502536
1.672958 1.364015 -0.502536
1.732892 1.217294 -0.174008
1.731567 1.364137 -0.175586
1.711360 1.217327 -0.475676
1.711360 1.364028 -0.475676
1.851649 1.217333 -0.308662
1.849600 1.364138 -0.311101
0.538198 0.791157 -0.041263
0.000586 0.797300 -0.217568
0.272155 0.797962 -0.217565
0.436355 1.124017 -0.834576
0.213718 1.241840 -0.710676
-0.630385 -0.393262 -1.102655
-0.470214 -0.392492 -1.102564
-0.469044 -0.638573 -0.731178
-0.470214 -0.638447 -0.780996
-0.630385 -0.638736 -0.781455
-0.633018 -0.638736 -0.731178
-0.640191 0.811804 -0.730596
-0.476216 0.812479 -0.730596
-0.472529 -0.007091 -0.851480
-0.470515 -0.124436 -1.099506
-0.633819 -0.007916 -0.851480
-0.631359 -0.125154 -1.099505
-0.474786 0.380109 -0.851297
-0.636075 0.378792 -0.851297
-0.477044 0.786570 -0.980991
-0.638333 0.786191 -0.980991
-0.474787 0.524292 -0.981174
-0.636077 0.522975 -0.981174
0.630633 -0.393262 -1.102655
0.470462 -0.392492 -1.102564
0.469292 -0.638573 -0.731178
0.470462 -0.638447 -0.780996
0.630633 -0.638736 -0.781455
0.633266 -0.638736 -0.731178
0.640438 0.811804 -0.730596
0.476464 0.812479 -0.730596
0.472777 -0.007091 -0.851480
0.470763 -0.124436 -1.099506
0.634066 -0.007916 -0.851480
0.631606 -0.125154 -1.099505
0.475033 0.380109 -0.851297
0.636323 0.378792 -0.851297
0.477291 0.786570 -0.980991
0.638581 0.786191 -0.980991
0.475035 0.524292 -0.981174
0.636324 0.522975 -0.981174
-0.370811 -0.819631 -0.066787
-0.438314 0.836634 -0.029666
-0.277500 -0.819631 0.671171
-0.270086 0.820850 0.416924
-0.438314 0.736470 -0.029666
-0.222310 -0.596330 0.901036
-0.344666 0.863916 0.356029
-0.293324 -0.668651 0.882848
-0.270519 0.727941 0.352763
-0.152795 -0.500967 0.809828
-0.198419 0.687689 0.412584
-0.221275 -0.570605 0.791141
-0.268515 0.374148 1.012381
-0.270365 0.505642 0.942950
-0.270078 0.447611 0.995265
-0.343070 0.372694 1.011341
-0.344937 0.505060 0.942017
-0.344660 0.446358 0.994448
-0.267030 0.342849 0.904377
-0.270537 0.451097 0.845125
-0.269511 0.403570 0.890619
-0.198435 0.451651 0.845723
-0.194949 0.344713 0.905617
-0.197415 0.405021 0.891358
-0.391715 -0.474286 0.551033
-0.635487 -0.294005 0.848136
-0.635487 -0.294005 0.663294
-0.634891 -0.003506 0.876440
-0.634052 0.041110 0.677235
-0.382520 -0.623011 0.757084
-0.370811 -0.819631 0.528508
-0.438314 0.867054 0.168732
-0.379229 -0.532664 -0.066787
-0.437228 0.416421 0.856746
-0.434606 0.354785 0.870938
-0.438314 0.466784 0.811020
-0.428361 0.237542 0.857286
-0.390417 -0.474761 0.774346
-0.426073 0.295519 0.591455
0.371058 -0.819631 -0.066787
0.438562 0.836634 -0.029666
0.277748 -0.819631 0.671171
0.270334 0.820850 0.416924
0.438562 0.736470 -0.029666
0.222558 -0.596330 0.901036
0.344914 0.863916 0.356029
0.293572 -0.668651 0.882848
0.270767 0.727941 0.352763
0.153043 -0.500967 0.809828
0.198667 0.687689 0.412584
0.221522 -0.570605 0.791141
0.268763 0.374148 1.012381
0.270612 0.505642 0.942950
0.270326 0.447611 0.995265
0.343318 0.372694 1.011341
0.345185 0.505060 0.942017
0.344907 0.446358 0.994448
0.267278 0.342849 0.904377
0.270785 0.451097 0.845125
0.269759 0.403570 0.890619
0.198682 0.451651 0.845723
0.195196 0.344713 0.905617
0.197662 0.405021 0.891358
0.391963 -0.474286 0.551033
0.635734 -0.294005 0.848136
0.635734 -0.294005 0.663294
0.635139 -0.003506 0.876440
0.634299 0.041110 0.677235
0.382768 -0.623011 0.757084
0.371058 -0.819631 0.528508
0.438562 0.867054 0.168732
0.379477 -0.532664 -0.066787
0.437476 0.416421 0.856746
0.434854 0.354785 0.870938
0.438562 0.466784 0.811020
0.428609 0.237542 0.857286
0.390665 -0.474761 0.774346
0.426321 0.295519 0.591455
-0.505450 0.872541 -0.036668
-0.505432 1.017440 -0.028108
-0.249664 1.189098 -0.163548
-0.229462 1.020689 0.256617
0.505698 0.872541 -0.036668
0.505679 1.017440 -0.028108
0.249912 1.189098 -0.163548
0.229710 1.020689 0.256617
-0.254543 0.877943 0.253648
-0.387431 0.878361 0.174543
-0.305059 0.877895 0.242600
-0.353699 0.878048 0.213646
-0.387621 0.971342 0.179551
-0.254576 1.006107 0.256614
-0.353796 0.969738 0.218080
-0.305098 0.982463 0.246287
0.387679 0.878361 0.174543
0.254791 0.877943 0.253648
0.353947 0.878048 0.213646
0.305307 0.877895 0.242600
0.254824 1.006107 0.256614
0.387869 0.971342 0.179551
0.305345 0.982463 0.246287
0.354043 0.969738 0.218080
-0.509810 0.868639 -0.196723
-0.247945 1.199138 -0.299968
-0.509791 1.021927 -0.188095
0.510057 0.868639 -0.196723
0.248192 1.199138 -0.299968
0.510038 1.021927 -0.188095
-2.041445 -0.542346 -1.125812
-2.089101 -0.657549 -1.125812
-2.239842 -0.342803 -1.125811
-1.760059 -0.543157 -1.125812
-1.560515 -0.344761 -1.125811
-1.713361 -0.658632 -1.125812
-1.446396 -0.392416 -1.125811
-1.559704 -0.063374 -1.125811
-1.758101 0.136170 -1.125811
-1.710445 0.250289 -1.125811
-2.086496 0.252885 -1.125811
-1.445313 -0.016377 -1.125811
-2.352940 -0.015356 -1.125811
-2.039487 0.136981 -1.125811
-2.239031 -0.061416 -1.125811
-2.354023 -0.391095 -1.125811
-2.041445 -0.542346 -0.884607
-2.239842 -0.342803 -0.884607
-1.760059 -0.543157 -0.884607
-1.560515 -0.344761 -0.884607
-1.559704 -0.063374 -0.884607
-1.758101 0.136170 -0.884607
-2.039487 0.136981 -0.884607
-2.239031 -0.061416 -0.884607
-2.086496 0.252885 -0.865851
-1.710445 0.250288 -0.865851
-1.446396 -0.392416 -0.865851
-1.713361 -0.658632 -0.865852
-1.583986 -0.368096 -0.967615
-1.736588 -0.519822 -0.967615
-1.583986 -0.368096 -1.063355
-2.064683 0.115381 -0.967615
-2.217286 -0.036345 -0.967615
-2.064683 0.115381 -1.063355
-2.217286 -0.036345 -1.063355
-1.736588 -0.519822 -1.063355
-1.445313 -0.016377 -0.865851
-1.675821 0.666331 -0.865851
-1.677261 0.293580 -0.865851
-1.033701 0.025495 -0.865851
-1.412128 0.026914 -0.865852
-2.354023 -0.391095 -0.865851
-2.089101 -0.657549 -0.865851
-2.352940 -0.015356 -0.865851
-2.354023 -0.391095 -0.727296
-2.089101 -0.657549 -0.727297
-2.352940 -0.015356 -0.727296
-1.396884 -0.340020 -0.727296
-1.204902 -0.530715 -0.865851
-1.713361 -0.658632 -0.727297
-1.204902 -0.530715 -0.727296
-1.078993 -0.532201 -0.865851
-1.078993 -0.532201 -0.727296
-0.891797 -0.343742 -0.865851
-0.891797 -0.343742 -0.727296
-0.894129 -0.217846 -0.865851
-0.894129 -0.217846 -0.727296
-1.086111 -0.027150 -0.727296
-0.769634 0.291462 -0.727296
-0.768551 0.667202 -0.727296
-1.033473 0.933655 -0.727296
-0.768551 0.667202 -0.865851
-1.409212 0.934738 -0.727296
-1.033473 0.933667 -0.865851
-0.769424 0.290963 -0.865851
-1.446946 -0.390420 -0.865851
-1.086111 -0.027150 -0.865851
-1.396884 -0.340020 -0.865851
-0.420309 -0.843147 -0.992464
-0.420309 -0.949293 -0.813297
-0.201309 -0.488269 -0.933795
-0.370264 -1.036189 -0.837106
-0.370264 -0.892667 -1.079361
-0.370729 -1.036189 -0.433744
-0.420758 -0.949293 -0.433744
-0.370729 -0.967690 -0.304609
-0.420758 -0.880794 -0.304609
-0.201803 -0.488269 -0.029666
-0.201716 -0.807216 -0.029666
-0.370264 -0.488269 -1.079361
-0.420309 -0.488269 -0.992464
-0.420860 -0.488269 -0.029666
-0.370729 -0.967690 -0.029666
-0.420758 -0.880794 -0.029666
0.000124 -0.892667 -1.079361
0.000124 -1.036189 -0.433744
0.000124 -0.967690 -0.304609
0.000124 -0.967690 -0.029666
0.000124 -0.488269 -1.079361
0.000124 -1.036189 -0.837106
0.000124 -0.807216 -0.029666
0.000124 -0.488269 -0.933795
-1.364684 0.138436 -1.125812
-1.412339 0.023233 -1.125812
-1.563080 0.337980 -1.125811
-1.083297 0.137625 -1.125812
-0.883753 0.336022 -1.125811
-1.036600 0.022150 -1.125812
-0.769634 0.288366 -1.125811
-0.882942 0.617408 -1.125811
-1.081339 0.816952 -1.125811
-1.033683 0.931071 -1.125811
-1.409734 0.933667 -1.125811
-0.768551 0.664405 -1.125811
-1.676178 0.665426 -1.125811
-1.362725 0.817763 -1.125811
-1.562269 0.619366 -1.125811
-1.677261 0.289687 -1.125811
-1.364684 0.138436 -0.884607
-1.563080 0.337980 -0.884607
-1.083297 0.137625 -0.884607
-0.883753 0.336022 -0.884607
-0.882942 0.617408 -0.884607
-1.081339 0.816952 -0.884607
-1.362725 0.817763 -0.884607
-1.562269 0.619366 -0.884607
-1.409734 0.933667 -0.865851
-1.033683 0.931071 -0.865851
-0.768551 0.664405 -0.865851
-0.769634 0.288366 -0.865851
-0.907224 0.312686 -0.967615
-1.059826 0.160960 -0.967615
-0.907224 0.312686 -1.063355
-1.387921 0.796163 -0.967615
-1.540524 0.644438 -0.967615
-1.387921 0.796163 -1.063355
-1.540524 0.644438 -1.063355
-1.059826 0.160960 -1.063355
2.041693 -0.542346 -1.125812
2.089348 -0.657549 -1.125812
2.240090 -0.342803 -1.125811
1.760306 -0.543157 -1.125812
1.560763 -0.344761 -1.125811
1.713609 -0.658632 -1.125812
1.446644 -0.392416 -1.125811
1.559952 -0.063374 -1.125811
1.758348 0.136170 -1.125811
1.710693 0.250289 -1.125811
2.086744 0.252885 -1.125811
1.445560 -0.016377 -1.125811
2.353187 -0.015356 -1.125811
2.039735 0.136981 -1.125811
2.239279 -0.061416 -1.125811
2.354270 -0.391095 -1.125811
2.041693 -0.542346 -0.884607
2.240090 -0.342803 -0.884607
1.760306 -0.543157 -0.884607
1.560763 -0.344761 -0.884607
1.559952 -0.063374 -0.884607
1.758348 0.136170 -0.884607
2.039735 0.136981 -0.884607
2.239279 -0.061416 -0.884607
2.353187 -0.015356 -0.865851
2.354270 -0.391095 -0.865851
1.445560 -0.016377 -0.865851
1.446644 -0.392416 -0.865851
2.089348 -0.657549 -0.865852
1.584233 -0.368096 -0.967615
1.736836 -0.519822 -0.967615
1.584233 -0.368096 -1.063355
2.064931 0.115381 -0.967615
2.217534 -0.036345 -0.967615
2.064931 0.115381 -1.063355
2.217534 -0.036345 -1.063355
1.736836 -0.519822 -1.063355
2.086744 0.252885 -0.865851
1.710693 0.250288 -0.865851
1.676069 0.666331 -0.865851
1.677509 0.293580 -0.865851
1.033949 0.025495 -0.865851
1.412376 0.026914 -0.865852
2.354270 -0.391095 -0.727296
2.089349 -0.657549 -0.727297
2.353187 -0.015356 -0.727296
1.397132 -0.340020 -0.727296
1.205150 -0.530715 -0.865851
1.713609 -0.658632 -0.865851
1.713609 -0.658632 -0.727297
1.205150 -0.530715 -0.727296
1.079240 -0.532201 -0.865851
1.079240 -0.532201 -0.727296
0.892045 -0.343742 -0.865851
0.892045 -0.343742 -0.727296
0.894377 -0.217846 -0.865851
0.894377 -0.217846 -0.727296
1.086359 -0.027150 -0.727296
0.769881 0.291462 -0.727296
0.768798 0.667202 -0.727296
1.033720 0.933655 -0.727296
0.768798 0.667202 -0.865851
1.409460 0.934738 -0.865851
1.409460 0.934738 -0.727296
1.033720 0.933667 -0.865851
0.769671 0.290963 -0.865851
1.447194 -0.390420 -0.865851
1.086359 -0.027150 -0.865851
1.397132 -0.340020 -0.865851
0.420557 -0.843147 -0.992464
0.420557 -0.949293 -0.813297
0.201557 -0.488269 -0.933795
0.370512 -1.036189 -0.837106
0.370512 -0.892667 -1.079361
0.370977 -1.036189 -0.433744
0.421006 -0.949293 -0.433744
0.370977 -0.967690 -0.304609
0.421006 -0.880794 -0.304609
0.202050 -0.488269 -0.029666
0.201963 -0.807216 -0.029666
0.370512 -0.488269 -1.079361
0.420556 -0.488269 -0.992464
0.421108 -0.488269 -0.029666
0.370977 -0.967690 -0.029666
0.421006 -0.880794 -0.029666
1.364931 0.138436 -1.125812
1.412587 0.023233 -1.125812
1.563328 0.337980 -1.125811
1.083545 0.137625 -1.125812
0.884001 0.336022 -1.125811
1.036847 0.022150 -1.125812
0.769882 0.288366 -1.125811
0.883190 0.617408 -1.125811
1.081586 0.816952 -1.125811
1.033931 0.931071 -1.125811
1.409982 0.933667 -1.125811
0.768798 0.664405 -1.125811
1.676425 0.665426 -1.125811
1.362973 0.817763 -1.125811
1.562517 0.619366 -1.125811
1.677508 0.289687 -1.125811
1.364931 0.138436 -0.884607
1.563328 0.337980 -0.884607
1.083545 0.137625 -0.884607
0.884001 0.336022 -0.884607
0.883190 0.617408 -0.884607
1.081586 0.816952 -0.884607
1.362973 0.817763 -0.884607
1.562517 0.619366 -0.884607
1.033931 0.931071 -0.865851
0.768798 0.664405 -0.865851
0.769882 0.288366 -0.865851
1.036847 0.022150 -0.865852
0.907471 0.312686 -0.967615
1.060074 0.160960 -0.967615
0.907471 0.312686 -1.063355
1.388169 0.796163 -0.967615
1.540772 0.644438 -0.967615
1.388169 0.796163 -1.063355
1.540772 0.644438 -1.063355
1.060074 0.160960 -1.063355
-0.264178 -0.794352 0.556833
-0.264178 -0.794352 -0.166618
-0.101499 -0.794352 0.556833
-0.264178 -0.856628 0.556833
-0.264178 -0.935533 0.477927
-0.101499 -0.856628 0.556833
-0.101499 -0.935533 0.477927
-0.101499 -0.935533 -0.166618
-0.264178 -0.935533 -0.166618
-0.101499 -0.794352 -0.166618
-1.030373 -0.151108 -0.901584
-1.043018 -0.163753 -0.944757
-1.017836 -0.163645 -0.898057
-1.026060 -0.146795 -0.855252
-1.042910 -0.138571 -0.898057
-1.067238 -0.139533 -0.937944
-1.053539 -0.127942 -0.888013
-1.087771 -0.119000 -0.918542
-1.060640 -0.120840 -0.872983
-1.101490 -0.105281 -0.889505
-1.063134 -0.118347 -0.855252
-1.106308 -0.100463 -0.855252
-1.152639 -0.094364 -0.855253
-1.198970 -0.100463 -0.855252
-1.145826 -0.101177 -0.903692
-1.190626 -0.108808 -0.914579
-1.126424 -0.120579 -0.944757
-1.166863 -0.132571 -0.964873
-1.097386 -0.149617 -0.972196
-1.131300 -0.168134 -0.998479
-1.063134 -0.183869 -0.981832
-1.089350 -0.210084 -1.010279
-1.028882 -0.218121 -0.972196
-1.018799 -0.187973 -0.937944
-1.047400 -0.252034 -0.998479
-0.999845 -0.247158 -0.944757
-0.998266 -0.208505 -0.918542
-1.011836 -0.287598 -0.964873
-0.980442 -0.266561 -0.903692
-0.984546 -0.222225 -0.889504
-0.988073 -0.311360 -0.914579
-0.973629 -0.273374 -0.855252
-0.979729 -0.227042 -0.855252
-0.979729 -0.319705 -0.855252
-0.997612 -0.362879 -0.855252
-1.026060 -0.399953 -0.855252
-1.006919 -0.353572 -0.921422
-1.035695 -0.390317 -0.923756
-1.033423 -0.327068 -0.977518
-1.232837 -0.127654 -0.921422
-1.269583 -0.156430 -0.923757
-1.242144 -0.118347 -0.855253
-1.206333 -0.154158 -0.977518
-1.166667 -0.193823 -1.015001
-1.119878 -0.240613 -1.028163
-1.073089 -0.287402 -1.015001
-1.279218 -0.146795 -0.855253
-1.307666 -0.183869 -0.855253
-1.325549 -0.227043 -0.855252
-1.298359 -0.193176 -0.921422
-1.317205 -0.235387 -0.914579
-1.271855 -0.219680 -0.977518
-1.072441 -0.419094 -0.921422
-1.114652 -0.437939 -0.914579
-1.098945 -0.392590 -0.977518
-1.063134 -0.428401 -0.855252
-1.106308 -0.446284 -0.855252
-1.152639 -0.452383 -0.855252
-1.198970 -0.446284 -0.855252
-1.159452 -0.445570 -0.903692
-1.203788 -0.441466 -0.889504
-1.178854 -0.426168 -0.944757
-1.138415 -0.414177 -0.964873
-1.217507 -0.427747 -0.918542
-1.207892 -0.397131 -0.972196
-1.173979 -0.378613 -0.998479
-1.238040 -0.407214 -0.937944
-1.242144 -0.362879 -0.981832
-1.276396 -0.328627 -0.972196
-1.215929 -0.336663 -1.010279
-1.262260 -0.382994 -0.944757
-1.274905 -0.395640 -0.901584
-1.286480 -0.358775 -0.937944
-1.287442 -0.383103 -0.898057
-1.307012 -0.338242 -0.918542
-1.305434 -0.299589 -0.944757
-1.298071 -0.372474 -0.888013
-1.320732 -0.324522 -0.889505
-1.324836 -0.280187 -0.903692
-1.305172 -0.365372 -0.872983
-1.325549 -0.319705 -0.855252
-1.331649 -0.273374 -0.855253
-1.307666 -0.362879 -0.855252
-1.279218 -0.399953 -0.855252
-1.262368 -0.408177 -0.898057
-1.251740 -0.418805 -0.888013
-1.244638 -0.425907 -0.872983
-1.242144 -0.428401 -0.855252
-1.293442 -0.259150 -0.964873
-1.257879 -0.294713 -0.998479
-1.232189 -0.259346 -1.015001
-1.185400 -0.306135 -1.028163
-1.138611 -0.352924 -1.015001
-0.997612 -0.183869 -0.855252
-1.000106 -0.181375 -0.872983
-1.007208 -0.174273 -0.888013
0.264426 -0.794352 0.556833
0.264426 -0.794352 -0.166618
0.101747 -0.794352 0.556833
0.264426 -0.856628 0.556833
0.264426 -0.935533 0.477927
0.101747 -0.856628 0.556833
0.101747 -0.935533 0.477927
0.101747 -0.935533 -0.166618
0.264426 -0.935533 -0.166618
0.101747 -0.794352 -0.166618
1.030621 -0.151108 -0.901584
1.043266 -0.163753 -0.944757
1.018084 -0.163645 -0.898057
1.026308 -0.146795 -0.855252
1.043158 -0.138571 -0.898057
1.067486 -0.139533 -0.937944
1.053786 -0.127942 -0.888013
1.088019 -0.119000 -0.918542
1.060888 -0.120840 -0.872983
1.101738 -0.105281 -0.889505
1.063382 -0.118347 -0.855252
1.106556 -0.100463 -0.855252
1.152887 -0.094364 -0.855253
1.199218 -0.100463 -0.855252
1.146074 -0.101177 -0.903692
1.190874 -0.108808 -0.914579
1.126671 -0.120579 -0.944757
1.167111 -0.132571 -0.964873
1.097634 -0.149617 -0.972196
1.131547 -0.168134 -0.998479
1.063382 -0.183869 -0.981832
1.089597 -0.210084 -1.010279
1.029130 -0.218121 -0.972196
1.019046 -0.187973 -0.937944
1.047647 -0.252034 -0.998479
1.000092 -0.247158 -0.944757
0.998514 -0.208505 -0.918542
1.012084 -0.287598 -0.964873
0.980690 -0.266561 -0.903692
0.984794 -0.222225 -0.889504
0.988321 -0.311360 -0.914579
0.973877 -0.273374 -0.855252
0.979976 -0.227042 -0.855252
0.979976 -0.319705 -0.855252
0.997860 -0.362879 -0.855252
1.026308 -0.399953 -0.855252
1.007167 -0.353572 -0.921422
1.035943 -0.390317 -0.923756
1.033671 -0.327068 -0.977518
1.233085 -0.127654 -0.921422
1.269831 -0.156430 -0.923757
1.242392 -0.118347 -0.855253
1.206581 -0.154158 -0.977518
1.166915 -0.193823 -1.015001
1.120126 -0.240613 -1.028163
1.073337 -0.287402 -1.015001
1.279466 -0.146795 -0.855253
1.307914 -0.183869 -0.855253
1.325797 -0.227043 -0.855252
1.298607 -0.193176 -0.921422
1.317453 -0.235387 -0.914579
1.272103 -0.219680 -0.977518
1.072689 -0.419094 -0.921422
1.114900 -0.437939 -0.914579
1.099193 -0.392590 -0.977518
1.063382 -0.428401 -0.855252
1.106556 -0.446284 -0.855252
1.152887 -0.452383 -0.855252
1.199218 -0.446284 -0.855252
1.159700 -0.445570 -0.903692
1.204036 -0.441466 -0.889504
1.179102 -0.426168 -0.944757
1.138663 -0.414177 -0.964873
1.217755 -0.427747 -0.918542
1.208140 -0.397131 -0.972196
1.174226 -0.378613 -0.998479
1.238288 -0.407214 -0.937944
1.242392 -0.362879 -0.981832
1.276644 -0.328627 -0.972196
1.216176 -0.336663 -1.010279
1.262507 -0.382994 -0.944757
1.275153 -0.395640 -0.901584
1.286727 -0.358775 -0.937944
1.287690 -0.383103 -0.898057
1.307260 -0.338242 -0.918542
1.305681 -0.299589 -0.944757
1.298318 -0.372474 -0.888013
1.320979 -0.324522 -0.889505
1.325083 -0.280187 -0.903692
1.305420 -0.365372 -0.872983
1.325797 -0.319705 -0.855252
1.331897 -0.273374 -0.855253
1.307914 -0.362879 -0.855252
1.279466 -0.399953 -0.855252
1.262616 -0.408177 -0.898057
1.251987 -0.418805 -0.888013
1.244885 -0.425907 -0.872983
1.242392 -0.428401 -0.855252
1.293690 -0.259150 -0.964873
1.258126 -0.294713 -0.998479
1.232437 -0.259346 -1.015001
1.185648 -0.306135 -1.028163
1.138859 -0.352924 -1.015001
0.997860 -0.183869 -0.855252
1.000353 -0.181375 -0.872983
1.007455 -0.174273 -0.888013
-2.039448 -0.784363 0.391694
-2.576658 0.269972 0.391694
-2.457810 0.503224 0.391694
-2.272701 0.688335 0.391694
-2.247515 0.808515 0.214442
-2.399468 0.726585 0.284650
-2.588110 0.531074 0.284650
-2.709296 0.284613 0.284650
-2.709296 -0.261794 0.284650
-2.588110 -0.508255 0.284650
-2.399468 -0.703766 0.284650
-2.247515 -0.785695 0.214442
-2.185718 0.841834 0.284650
-2.399468 0.726585 0.214442
-2.588110 0.531074 0.214442
-2.709296 0.284613 0.214442
-2.751053 0.011410 0.214442
-2.709296 -0.261794 0.214442
-2.588110 -0.508255 0.214442
-2.399468 -0.703766 0.214442
-2.185718 -0.819015 0.284650
-2.654637 0.267446 0.214442
-2.364847 -0.658119 0.214442
-2.220326 0.758087 0.214442
-2.220326 -0.735268 0.214442
-2.364847 0.680939 0.214442
-2.541226 0.498149 0.214442
-2.693762 0.011410 0.214442
-2.654637 -0.244627 0.214442
-2.541226 -0.475329 0.214442
-2.274153 0.729353 0.153426
-2.364847 0.680939 0.153426
-2.693762 0.011410 0.153426
-2.274153 -0.706534 0.153426
-2.541226 0.498149 0.153426
-2.654637 0.267446 0.153426
-2.654637 -0.244627 0.153426
-2.541226 -0.475329 0.153426
-2.364847 -0.658119 0.153426
-2.617610 0.011410 0.492711
-2.588448 0.195535 0.492711
-2.592167 -0.149236 0.492711
-2.751053 0.011410 0.404101
-2.727489 0.165583 0.404101
-2.729621 -0.128813 0.404101
-2.039448 0.807182 -0.451025
-2.272701 -0.665515 -0.451025
-2.457810 -0.480405 -0.451025
-2.576658 -0.247153 -0.451025
-2.457810 0.503224 -0.451025
-2.247515 0.808515 -0.273773
-2.399468 0.726585 -0.343981
-2.588110 0.531074 -0.343981
-2.709296 0.284613 -0.343981
-2.709296 -0.261794 -0.343981
-2.588110 -0.508255 -0.343981
-2.399468 -0.703766 -0.343981
-2.247515 -0.785695 -0.273773
-2.185718 0.841834 -0.343981
-2.399468 0.726585 -0.273773
-2.588110 0.531074 -0.273773
-2.709296 0.284613 -0.273773
-2.751053 0.011410 -0.273773
-2.709296 -0.261794 -0.273773
-2.588110 -0.508255 -0.273773
-2.399468 -0.703766 -0.273773
-2.185718 -0.819015 -0.343981
-2.654637 0.267446 -0.273773
-2.364847 -0.658119 -0.273773
-2.220326 0.758087 -0.273773
-2.220326 -0.735268 -0.273773
-2.364847 0.680939 -0.273773
-2.541226 0.498149 -0.273773
-2.693762 0.011410 -0.273773
-2.654637 -0.244627 -0.273773
-2.541226 -0.475329 -0.273773
-2.274153 0.729353 -0.212757
-2.364847 0.680939 -0.212757
-2.693762 0.011410 -0.212758
-2.274153 -0.706534 -0.212758
-2.541226 0.498149 -0.212757
-2.654637 0.267446 -0.212758
-2.654637 -0.244627 -0.212758
-2.541226 -0.475329 -0.212758
-2.364847 -0.658119 -0.212758
-2.751053 0.011410 -0.463432
-2.727489 0.165583 -0.463432
-2.729621 -0.128813 -0.463432
-1.611753 0.531945 0.995677
-1.459177 0.454203 0.995677
-1.780885 0.309641 0.829230
-1.539611 0.186706 0.829230
-1.482654 0.011410 0.829230
-1.539611 -0.163886 0.829230
-1.873044 -0.272225 0.829230
-2.022160 -0.163886 0.829230
-2.079117 0.011410 0.829230
-2.022160 0.186706 0.829230
-1.956181 0.252684 0.829230
-1.780885 0.668215 0.995677
-1.577921 0.636069 0.995677
-1.394825 0.542777 0.995677
-1.249518 0.397471 0.995678
-1.156226 0.214374 0.995678
-1.124080 0.011410 0.995678
-1.156226 -0.191554 0.995678
-1.249518 -0.374651 0.995678
-1.394825 -0.519957 0.995678
-1.577921 -0.613249 0.995678
-1.780885 -0.645396 0.995678
-1.983849 -0.613249 0.995678
-2.166946 -0.519957 0.995678
-2.312253 -0.374651 0.995678
-2.405545 -0.191554 0.995678
-2.437691 0.011410 0.995678
-2.405545 0.214374 0.995678
-2.312253 0.397471 0.995678
-2.166946 0.542777 0.995677
-1.983849 0.636069 0.995677
-1.780885 0.558733 0.995677
-1.338092 0.333118 0.995678
-1.260350 0.180542 0.995678
-1.233562 0.011410 0.995678
-1.260350 -0.157722 0.995678
-1.338092 -0.310298 0.995678
-1.459177 -0.431383 0.995678
-1.611753 -0.509125 0.995678
-1.780885 -0.535913 0.995678
-1.950017 -0.509125 0.995678
-2.102593 -0.431383 0.995678
-2.223679 -0.310298 0.995678
-2.301421 -0.157722 0.995678
-2.328209 0.011410 0.995678
-2.301421 0.180542 0.995678
-2.223679 0.333118 0.995678
-2.102593 0.454203 0.995677
-1.950017 0.531945 0.995677
-1.688727 0.295045 0.829230
-1.605590 0.252684 0.829230
-1.497250 0.103568 0.829230
-1.497250 -0.080749 0.829230
-1.605590 -0.229864 0.829230
-1.688727 -0.272225 0.829230
-1.780885 -0.286822 0.829230
-1.956181 -0.229864 0.829230
-2.064521 -0.080749 0.829230
-2.064521 0.103568 0.829230
-1.873044 0.295045 0.829230
-1.702469 0.252752 0.888204
-1.780885 0.265172 0.888204
-1.631728 0.216708 0.888204
-1.575587 0.160568 0.888204
-1.539543 0.089827 0.888204
-1.527123 0.011410 0.888204
-1.539543 -0.067007 0.888204
-1.575587 -0.137748 0.888204
-1.631728 -0.193888 0.888204
-1.702469 -0.229933 0.888204
-1.780885 -0.242353 0.888204
-1.859302 -0.229933 0.888204
-1.930043 -0.193888 0.888204
-1.986184 -0.137748 0.888204
-2.022228 -0.067007 0.888204
-2.034648 0.011410 0.888204
-2.022228 0.089827 0.888204
-1.986184 0.160568 0.888204
-1.930043 0.216708 0.888204
-1.859302 0.252752 0.888204
-1.780886 0.739571 0.828763
-1.780886 0.848135 0.734697
-1.555871 0.703932 0.828763
-1.522323 0.807182 0.734697
-1.352883 0.600505 0.828763
-1.289071 0.688335 0.734697
-1.191791 0.439412 0.828763
-1.103961 0.503224 0.734697
-1.088363 0.236424 0.828763
-0.985113 0.269972 0.734697
-1.052724 0.011410 0.828763
-0.944161 0.011410 0.734697
-1.088363 -0.213605 0.828763
-0.985113 -0.247153 0.734697
-1.191791 -0.416593 0.828763
-1.103961 -0.480405 0.734697
-1.352883 -0.577685 0.828763
-1.289071 -0.665515 0.734697
-1.555871 -0.681113 0.828763
-1.522323 -0.784363 0.734697
-1.780886 -0.716752 0.828763
-1.780886 -0.825315 0.734697
-2.005900 -0.681113 0.828763
-2.039448 -0.784363 0.734697
-2.208889 -0.577685 0.828763
-2.272701 -0.665515 0.734697
-2.369981 -0.416593 0.828763
-2.457810 -0.480405 0.734697
-2.473408 -0.213605 0.828763
-2.576658 -0.247153 0.734697
-2.509047 0.011410 0.828763
-2.617610 0.011410 0.734697
-2.473408 0.236424 0.828763
-2.576658 0.269972 0.734697
-2.369981 0.439412 0.828763
-2.457810 0.503224 0.734697
-2.208889 0.600505 0.828763
-2.272701 0.688335 0.734697
-2.005900 0.703932 0.828763
-2.039448 0.807182 0.734697
-1.780886 0.752687 -0.727297
-1.780886 0.848135 -0.620542
-1.780886 -0.825316 -0.620541
-1.780886 -0.729868 -0.727296
-2.039448 -0.784363 -0.620541
-2.009953 -0.693587 -0.727296
-2.272701 -0.665515 -0.620541
-2.216598 -0.588296 -0.727296
-2.457810 -0.480405 -0.620541
-2.380591 -0.424303 -0.727296
-2.576658 -0.247153 -0.620542
-2.485882 -0.217658 -0.727296
-2.617610 0.011410 -0.620542
-2.522163 0.011409 -0.727296
-2.576658 0.269972 -0.620542
-2.485882 0.240477 -0.727297
-2.457810 0.503224 -0.620542
-2.380591 0.447122 -0.727296
-2.272701 0.688335 -0.620542
-2.216598 0.611115 -0.727297
-2.039448 0.807182 -0.620542
-2.009953 0.716406 -0.727297
-1.780886 0.848135 0.678509
-2.272701 0.688335 -0.451025
-2.039448 0.807182 0.391694
-1.522323 0.807182 0.678509
-1.289071 0.688335 0.678509
-1.103961 0.503224 0.678509
-0.985113 0.269972 0.678509
-0.944161 0.011410 0.678509
-0.985113 -0.247153 0.678509
-1.103961 -0.480405 0.678509
-1.289071 -0.665515 0.678509
-1.522323 -0.784363 0.678509
-1.780886 -0.825315 0.678509
-2.039448 -0.784363 -0.451025
-2.272701 -0.665515 0.391694
-2.457810 -0.480405 0.391694
-2.576658 -0.247153 0.391694
-2.576658 0.269972 -0.451025
-2.617610 0.011410 -0.552042
-2.592167 -0.149236 -0.552042
-2.588448 0.195535 -0.552042
-1.670449 0.650124 -0.727296
2.039696 -0.784363 0.391694
2.576906 0.269972 0.391694
2.458058 0.503224 0.391694
2.272948 0.688335 0.391694
2.247763 0.808515 0.214442
2.399715 0.726585 0.284650
2.588358 0.531074 0.284650
2.709543 0.284613 0.284650
2.709543 -0.261794 0.284650
2.588358 -0.508255 0.284650
2.399715 -0.703766 0.284650
2.247763 -0.785695 0.214442
2.185965 0.841834 0.284650
2.399715 0.726585 0.214442
2.588358 0.531074 0.214442
2.709543 0.284613 0.214442
2.751300 0.011410 0.214442
2.709543 -0.261794 0.214442
2.588358 -0.508255 0.214442
2.399715 -0.703766 0.214442
2.185965 -0.819015 0.284650
2.654885 0.267446 0.214442
2.365095 -0.658119 0.214442
2.220573 0.758087 0.214442
2.220573 -0.735268 0.214442
2.365095 0.680939 0.214442
2.541474 0.498149 0.214442
2.694010 0.011410 0.214442
2.654885 -0.244627 0.214442
2.541474 -0.475329 0.214442
2.274400 0.729353 0.153426
2.365095 0.680939 0.153426
2.694010 0.011410 0.153426
2.274400 -0.706534 0.153426
2.541474 0.498149 0.153426
2.654885 0.267446 0.153426
2.654885 -0.244627 0.153426
2.541474 -0.475329 0.153426
2.365095 -0.658119 0.153426
2.617858 0.011410 0.492711
2.588696 0.195535 0.492711
2.592415 -0.149236 0.492711
2.751300 0.011410 0.404101
2.727736 0.165583 0.404101
2.729868 -0.128813 0.404101
2.039696 0.807182 -0.451025
2.272948 -0.665515 -0.451025
2.458058 -0.480405 -0.451025
2.576906 -0.247153 -0.451025
2.458058 0.503224 -0.451025
2.247763 0.808515 -0.273773
2.399715 0.726585 -0.343981
2.588358 0.531074 -0.343981
2.709543 0.284613 -0.343981
2.709543 -0.261794 -0.343981
2.588358 -0.508255 -0.343981
2.399715 -0.703766 -0.343981
2.247763 -0.785695 -0.273773
2.185965 0.841834 -0.343981
2.399715 0.726585 -0.273773
2.588358 0.531074 -0.273773
2.709543 0.284613 -0.273773
2.751300 0.011410 -0.273773
2.709543 -0.261794 -0.273773
2.588358 -0.508255 -0.273773
2.399715 -0.703766 -0.273773
2.185965 -0.819015 -0.343981
2.654885 0.267446 -0.273773
2.365095 -0.658119 -0.273773
2.220573 0.758087 -0.273773
2.220573 -0.735268 -0.273773
2.365095 0.680939 -0.273773
2.541474 0.498149 -0.273773
2.694010 0.011410 -0.273773
2.654885 -0.244627 -0.273773
2.541474 -0.475329 -0.273773
2.274400 0.729353 -0.212757
2.365095 0.680939 -0.212757
2.694010 0.011410 -0.212758
2.274400 -0.706534 -0.212758
2.541474 0.498149 -0.212757
2.654885 0.267446 -0.212758
2.654885 -0.244627 -0.212758
2.541474 -0.475329 -0.212758
2.365095 -0.658119 -0.212758
2.751300 0.011410 -0.463432
2.727736 0.165583 -0.463432
2.729868 -0.128813 -0.463432
1.612001 0.531945 0.995677
1.459425 0.454203 0.995677
1.781133 0.309641 0.829230
1.539859 0.186706 0.829230
1.482902 0.011410 0.829230
1.539859 -0.163886 0.829230
1.873292 -0.272225 0.829230
2.022408 -0.163886 0.829230
2.079365 0.011410 0.829230
2.022408 0.186706 0.829230
1.956429 0.252684 0.829230
1.781133 0.668215 0.995677
1.578169 0.636069 0.995677
1.395072 0.542777 0.995677
1.249766 0.397471 0.995678
1.156474 0.214374 0.995678
1.124327 0.011410 0.995678
1.156474 -0.191554 0.995678
1.249766 -0.374651 0.995678
1.395072 -0.519957 0.995678
1.578169 -0.613249 0.995678
1.781133 -0.645396 0.995678
1.984097 -0.613249 0.995678
2.167193 -0.519957 0.995678
2.312500 -0.374651 0.995678
2.405792 -0.191554 0.995678
2.437939 0.011410 0.995678
2.405792 0.214374 0.995678
2.312500 0.397471 0.995678
2.167193 0.542777 0.995677
1.984097 0.636069 0.995677
1.781133 0.558733 0.995677
1.338339 0.333118 0.995678
1.260598 0.180542 0.995678
1.233810 0.011410 0.995678
1.260598 -0.157722 0.995678
1.338339 -0.310298 0.995678
1.459425 -0.431383 0.995678
1.612001 -0.509125 0.995678
1.781133 -0.535913 0.995678
1.950265 -0.509125 0.995678
2.102841 -0.431383 0.995678
2.223927 -0.310298 0.995678
2.301668 -0.157722 0.995678
2.328456 0.011410 0.995678
2.301668 0.180542 0.995678
2.223927 0.333118 0.995678
2.102841 0.454203 0.995677
1.950265 0.531945 0.995677
1.688975 0.295045 0.829230
1.605837 0.252684 0.829230
1.497498 0.103568 0.829230
1.497498 -0.080749 0.829230
1.605837 -0.229864 0.829230
1.688975 -0.272225 0.829230
1.781133 -0.286822 0.829230
1.956429 -0.229864 0.829230
2.064768 -0.080749 0.829230
2.064768 0.103568 0.829230
1.873292 0.295045 0.829230
1.702716 0.252752 0.888204
1.781133 0.265172 0.888204
1.631976 0.216708 0.888204
1.575835 0.160568 0.888204
1.539791 0.089827 0.888204
1.527371 0.011410 0.888204
1.539791 -0.067007 0.888204
1.575835 -0.137748 0.888204
1.631976 -0.193888 0.888204
1.702716 -0.229933 0.888204
1.781133 -0.242353 0.888204
1.859550 -0.229933 0.888204
1.930291 -0.193888 0.888204
1.986431 -0.137748 0.888204
2.022476 -0.067007 0.888204
2.034896 0.011410 0.888204
2.022476 0.089827 0.888204
1.986431 0.160568 0.888204
1.930291 0.216708 0.888204
1.859550 0.252752 0.888204
1.781133 0.739571 0.828763
1.781133 0.848135 0.734697
1.556119 0.703932 0.828763
1.522571 0.807182 0.734697
1.353131 0.600505 0.828763
1.289319 0.688335 0.734697
1.192039 0.439412 0.828763
1.104208 0.503224 0.734697
1.088611 0.236424 0.828763
0.985360 0.269972 0.734697
1.052972 0.011410 0.828763
0.944408 0.011410 0.734697
1.088611 -0.213605 0.828763
0.985360 -0.247153 0.734697
1.192038 -0.416593 0.828763
1.104208 -0.480405 0.734697
1.353131 -0.577685 0.828763
1.289319 -0.665515 0.734697
1.556119 -0.681113 0.828763
1.522571 -0.784363 0.734697
1.781133 -0.716752 0.828763
1.781133 -0.825315 0.734697
2.006147 -0.681113 0.828763
2.039696 -0.784363 0.734697
2.209136 -0.577685 0.828763
2.272948 -0.665515 0.734697
2.370228 -0.416593 0.828763
2.458058 -0.480405 0.734697
2.473656 -0.213605 0.828763
2.576906 -0.247153 0.734697
2.509294 0.011410 0.828763
2.617858 0.011410 0.734697
2.473656 0.236424 0.828763
2.576906 0.269972 0.734697
2.370228 0.439412 0.828763
2.458058 0.503224 0.734697
2.209136 0.600505 0.828763
2.272948 0.688335 0.734697
2.006147 0.703932 0.828763
2.039696 0.807182 0.734697
1.781133 0.752687 -0.727297
1.781133 0.848135 -0.620542
1.781133 -0.825316 -0.620541
1.781133 -0.729868 -0.727296
2.039696 -0.784363 -0.620541
2.010201 -0.693587 -0.727296
2.272948 -0.665515 -0.620541
2.216846 -0.588296 -0.727296
2.458058 -0.480405 -0.620541
2.380839 -0.424303 -0.727296
2.576906 -0.247153 -0.620542
2.486130 -0.217658 -0.727296
2.617858 0.011410 -0.620542
2.522410 0.011409 -0.727296
2.576906 0.269972 -0.620542
2.486130 0.240477 -0.727297
2.458058 0.503224 -0.620542
2.380839 0.447122 -0.727296
2.272948 0.688335 -0.620542
2.216846 0.611115 -0.727297
2.039696 0.807182 -0.620542
2.010200 0.716406 -0.727297
1.781133 0.848135 0.678509
2.272948 0.688335 -0.451025
2.039696 0.807182 0.391694
1.522571 0.807182 0.678509
1.289319 0.688335 0.678509
1.104208 0.503224 0.678509
0.985360 0.269972 0.678509
0.944408 0.011410 0.678509
0.985360 -0.247153 0.678509
1.104208 -0.480405 0.678509
1.289319 -0.665515 0.678509
1.522571 -0.784363 0.678509
1.781133 -0.825315 0.678509
2.039696 -0.784363 -0.451025
2.272948 -0.665515 0.391694
2.458058 -0.480405 0.391694
2.576906 -0.247153 0.391694
2.576906 0.269972 -0.451025
2.617858 0.011410 -0.552042
2.592415 -0.149236 -0.552042
2.588696 0.195535 -0.552042
1.670696 0.650124 -0.727296
          </float_array>
          <technique_common>
            <accessor source="#char_heavytool-POSITION-array" count="1968" stride="3">
              <param name="X" type="float"/>
              <param name="Y" type="float"/>
              <param name="Z" type="float"/>
            </accessor>
          </technique_common>
        </source>
        <source id="char_heavytool-Normal0">
          <float_array id="char_heavytool-Normal0-array" count="12486">
0.000000 0.000000 1.000000
0.000000 0.000000 -1.000000
0.000000 0.000000 1.000000
0.000000 0.000000 -1.000000
0.000000 0.000002 -1.000000
0.000000 0.230096 0.973168
0.000000 0.654840 0.755767
0.000000 0.724653 -0.689114
0.000000 0.741698 -0.670734
0.000000 0.741698 -0.670734
0.000000 0.741699 -0.670733
0.000000 0.743726 0.668484
0.000000 0.779731 0.626114
0.000000 1.000000 0.000000
0.000000 1.000000 0.000000
0.000000 1.000000 -0.000000
0.000000 1.000000 0.000000
0.000000 1.000000 -0.000000
0.000000 1.000000 0.000000
0.000000 1.000000 -0.000001
0.000000 1.000000 -0.000001
0.000000 1.000000 -0.000000
0.000000 1.000000 0.000000
0.000000 1.000000 0.000000
0.000000 1.000000 0.000000
0.000000 1.000000 0.000001
0.000000 1.000000 0.000001
0.000000 1.000000 -0.000000
0.000000 1.000000 -0.000001
0.000000 1.000000 -0.000000
0.000000 1.000000 -0.000001
0.000000 1.000000 -0.000001
0.000000 -0.000000 -1.000000
0.000000 -0.000000 -1.000000
0.000000 -0.000000 -1.000000
0.000000 -0.051171 -0.998690
0.000000 -0.367105 -0.930179
0.000000 -0.706767 -0.707447
0.000000 -0.708737 -0.705472
0.000000 -0.708737 -0.705472
0.000000 -1.000000 0.000000
0.000000 -1.000000 -0.000000
0.000000 -1.000000 0.000001
0.000000 -1.000000 -0.000000
0.000000 -1.000000 -0.000000
0.000000 -1.000000 0.000000
0.000000 -1.000000 -0.000000
0.000000 0.000000 1.000000
0.000000 0.583888 -0.811835
0.000000 0.590334 -0.807159
0.000000 0.590334 -0.807159
0.000000 0.699435 0.714696
0.000000 0.724653 -0.689114
0.000000 0.732557 -0.680706
0.000000 0.779731 0.626114
0.000000 0.792997 0.609226
0.000000 0.973679 0.227923
0.000000 -0.000000 -1.000000
0.000000 -0.568249 0.822857
0.000000 -0.806639 -0.591044
0.000000 -0.860349 -0.509705
0.000000 -0.926265 0.376872
0.000000 -0.999703 0.024369
0.000000 -0.999991 0.004338
0.000000 0.000000 1.000000
0.000000 0.583886 -0.811836
0.000000 0.590334 -0.807159
0.000000 0.626114 -0.779731
0.000000 0.742291 -0.670078
0.000000 0.743726 0.668484
0.000000 0.869196 0.494469
0.000000 0.869196 0.494469
0.000000 0.973679 0.227923
0.000000 0.997303 0.073399
0.000000 -0.051171 -0.998690
0.000000 -0.112345 0.993669
0.000000 -0.112548 0.993646
0.000000 -0.112548 0.993646
0.000000 -0.344020 -0.938962
0.000000 -0.367106 -0.930179
0.000000 -0.367106 -0.930179
0.000000 -0.367897 -0.929866
0.000000 -0.367897 -0.929866
0.000000 -0.568249 0.822857
0.000000 -0.708738 -0.705472
0.000000 -0.985929 0.167164
0.000000 -0.999703 0.024370
0.000000 0.230097 0.973168
0.000000 0.583886 -0.811836
0.000000 0.583886 -0.811836
0.000000 0.626115 -0.779731
0.000000 0.724652 -0.689115
0.000000 0.724844 -0.688913
0.000000 0.726767 -0.686884
0.000000 0.732557 -0.680706
0.000000 0.928215 0.372044
0.000000 0.928215 0.372044
0.000000 0.997303 0.073398
0.000000 -0.000000 -1.000000
0.000000 -0.051171 -0.998690
0.000000 -0.112548 0.993646
0.000000 -0.112548 0.993646
0.000000 -0.112548 0.993646
0.000000 -0.282641 -0.959226
0.000000 -0.316877 -0.948467
0.000000 -0.361460 -0.932388
0.000000 -0.384468 -0.923138
0.000000 -0.706767 -0.707447
0.000000 -0.708290 0.705921
0.000000 -0.708290 0.705921
0.000000 -0.708737 -0.705473
0.000000 -0.926265 0.376872
0.000000 -0.926266 0.376871
0.000000 0.000001 1.000000
0.000000 0.583886 -0.811836
0.000000 0.626115 -0.779731
0.000000 0.626115 -0.779731
0.000000 0.699435 0.714696
0.000000 0.728712 -0.684820
0.000000 0.732557 -0.680706
0.000000 0.737118 -0.675764
0.000000 0.743135 0.669142
0.000000 0.743726 0.668484
0.000000 0.743726 0.668485
0.000000 0.878069 0.478535
0.000000 0.928215 0.372044
0.000000 0.928215 0.372044
0.000000 0.939374 -0.342895
0.000000 0.999860 0.016753
0.000000 0.999860 0.016753
0.000000 -0.000000 -1.000000
0.000000 -0.051171 -0.998690
0.000000 -0.316877 -0.948467
0.000000 -0.344020 -0.938962
0.000000 -0.568249 0.822857
0.000000 -0.706767 -0.707446
0.000000 -0.708290 0.705921
0.000000 -0.860349 -0.509706
0.000000 0.026738 -0.999643
0.000000 0.626115 -0.779731
0.000000 0.626115 -0.779731
0.000000 0.724843 -0.688914
0.000000 0.741698 -0.670734
0.000000 0.743726 0.668485
0.000000 0.779731 0.626114
0.000000 0.878069 0.478534
0.000000 0.878083 0.478508
0.000000 0.973679 0.227924
0.000000 0.988448 -0.151557
0.000000 0.988448 -0.151557
0.000000 0.999860 0.016753
0.000000 0.999860 0.016753
0.000000 -0.000000 -1.000000
0.000000 -0.000000 1.000000
0.000000 -0.000000 -1.000000
0.000000 -0.112548 0.993646
0.000000 -0.112548 0.993646
0.000000 -0.112549 0.993646
0.000000 -0.112549 0.993646
0.000000 -0.282641 -0.959226
0.000000 -0.316877 -0.948467
0.000000 -0.384468 -0.923138
0.000000 -0.706767 -0.707447
0.000000 -0.707107 0.707107
0.000000 -0.708737 -0.705473
0.000000 -0.708738 -0.705472
0.000000 -0.708738 -0.705472
0.000000 -0.731491 0.681851
0.000000 -0.731491 0.681851
0.000000 0.000001 1.000000
0.000000 0.583887 -0.811835
0.000000 0.626115 -0.779731
0.000000 0.724843 -0.688914
0.000000 0.741698 -0.670734
0.000000 0.741699 -0.670733
0.000000 0.743134 0.669143
0.000000 0.743726 0.668484
0.000000 0.779731 0.626114
0.000000 0.878083 0.478508
0.000000 0.988449 -0.151557
0.000000 -0.000000 -1.000000
0.000000 -0.112345 0.993669
0.000000 -0.316877 -0.948467
0.000000 -0.361460 -0.932388
0.000000 -0.367106 -0.930179
0.000000 -0.377135 -0.926158
0.000000 -0.377135 -0.926158
0.000000 -0.706766 -0.707447
0.000000 -0.706767 -0.707446
0.000000 -0.706767 -0.707446
0.000000 -0.707107 0.707107
0.000000 -0.708290 0.705921
0.000000 -0.814131 0.580682
0.000000 -0.860349 -0.509705
0.000000 -0.860349 -0.509705
0.000000 -0.860349 -0.509705
0.000000 -0.926266 0.376871
0.000000 -0.926266 0.376871
0.000000 0.000002 -1.000000
0.000000 0.026738 -0.999642
0.000000 0.461640 -0.887067
0.000000 0.583887 -0.811835
0.000000 0.583888 -0.811835
0.000000 0.626115 -0.779731
0.000000 0.741699 -0.670733
0.000000 0.742291 -0.670077
0.000000 0.743727 0.668484
0.000000 0.779731 0.626114
0.000000 0.792997 0.609226
0.000000 0.973679 0.227924
0.000000 0.986877 0.161472
0.000000 0.986963 0.160949
0.000000 1.000000 0.000000
0.000000 -0.112548 0.993646
0.000000 -0.708738 -0.705471
0.000000 -0.814131 0.580682
0.000000 -0.926266 0.376870
0.000000 -1.000000 0.000000
0.000000 0.726767 -0.686884
0.000000 -0.999977 -0.006722
0.000000 1.000000 0.000000
0.000000 0.000000 1.000000
0.000000 0.798446 0.602066
0.000000 -0.999975 -0.007013
0.000000 -0.999672 0.025616
0.000000 -0.000000 1.000000
0.000000 0.000000 1.000000
0.000000 0.000000 1.000000
0.000000 0.722493 -0.691378
0.000000 -0.999759 0.021968
0.000000 -0.000000 -1.000000
0.000000 0.000000 -1.000000
0.000000 0.000000 -1.000000
0.000000 0.000000 1.000000
0.000000 -0.366337 -0.930482
0.000000 0.000000 1.000000
0.000000 0.000000 1.000000
0.000000 0.000000 -1.000000
0.000000 0.000000 1.000000
0.000000 0.000000 1.000000
0.000000 0.406020 0.913864
0.000000 0.999970 -0.007727
0.000000 -0.361302 -0.932449
0.000000 -0.000000 -1.000000
0.000000 0.000000 1.000000
0.000000 0.000000 1.000000
0.000000 0.000000 -1.000000
0.000000 0.000000 1.000000
0.000000 0.000000 -1.000000
0.000000 0.792997 0.609226
0.000001 0.000000 1.000000
0.000001 -0.366274 -0.930507
0.000001 0.000000 1.000000
0.000001 0.000000 1.000000
0.000001 -0.000000 1.000000
0.000001 -0.773120 0.634260
0.000001 0.000000 -1.000000
0.000001 0.792997 0.609226
0.000001 0.019906 0.999802
0.000002 -0.000002 -1.000000
0.000002 0.000473 -1.000000
0.000003 0.000696 -1.000000
0.000003 -0.991815 0.127682
0.000003 0.566273 0.824218
0.000004 0.135129 0.990828
0.000004 0.869081 0.494670
0.000004 0.869195 0.494470
0.000007 -0.985932 0.167145
0.000008 0.134169 0.990959
0.000059 0.000066 1.000000
0.000078 0.000123 -1.000000
0.000238 -0.363535 -0.931580
0.000270 -0.083730 0.996488
0.000328 1.000000 -0.000051
0.000365 -0.379562 -0.925166
0.000434 -0.020041 0.999799
0.000436 -0.020036 0.999799
0.000453 -0.189387 0.981902
0.000511 0.011747 -0.999931
0.000529 -1.000000 -0.000781
0.000620 0.987028 0.160547
0.000712 -0.708657 -0.705553
0.000899 0.741802 0.670618
0.001088 -0.999999 -0.000794
0.001261 0.740811 -0.671713
0.001359 0.999999 0.000143
0.001427 0.999853 0.017094
0.001437 0.999992 -0.003830
0.001532 0.999999 0.000562
0.001702 0.999999 0.000000
0.001728 0.999999 -0.000043
0.002068 -0.999998 -0.000000
0.002103 -0.817178 0.576381
0.002407 -0.016846 -0.999855
0.002407 -0.721416 0.692497
0.002534 0.999997 0.000256
0.002883 -0.999996 0.000000
0.002883 0.999996 0.000088
0.003098 0.733140 0.680071
0.003231 -0.014118 0.999895
0.004033 0.903916 -0.427690
0.004162 -0.794292 -0.607522
0.004189 0.786077 0.618115
0.004675 0.942129 -0.335217
0.005173 -0.900096 -0.435662
0.005469 -0.669275 -0.742995
0.009015 -0.999959 0.000000
0.010191 -0.899051 -0.437726
0.011979 0.846077 0.532926
0.013138 0.999914 0.000055
0.014003 0.824995 0.564966
0.014421 0.223201 0.974666
0.014969 0.999834 0.010356
0.015177 0.731254 -0.681936
0.020270 0.844061 0.535864
0.022861 -0.999739 0.000145
0.035578 -0.035580 -0.998733
0.037728 -0.797876 0.601640
0.042086 -0.555104 0.830716
0.046772 -0.797574 0.601405
0.057669 0.482648 -0.873914
0.078397 -0.000074 0.996922
0.078978 -0.169505 0.982360
0.117258 -0.740340 -0.661927
0.122667 -0.576237 -0.808024
0.123851 -0.022999 0.992034
0.144114 -0.909902 0.388984
0.144114 0.909903 0.388982
0.144115 0.909903 0.388982
0.144115 0.909903 0.388982
0.153738 -0.534131 0.831306
0.156434 -0.987688 0.000000
0.156434 0.987688 -0.000001
0.156434 -0.987688 0.000000
0.156435 0.987688 0.000000
0.193531 -0.981094 -0.000033
0.222647 0.974899 -0.000005
0.228467 -0.967979 -0.104013
0.230523 0.973067 0.000000
0.240844 0.887578 0.392682
0.262360 0.964970 0.000106
0.264654 0.697341 -0.666089
0.306059 0.755042 -0.579861
0.316938 -0.605364 -0.730126
0.324885 0.606312 -0.725834
0.329236 -0.944248 0.000382
0.330430 -0.943830 0.000112
0.335976 -0.659392 -0.672549
0.335977 -0.659391 0.672549
0.336554 0.633192 0.696993
0.339876 0.634289 0.694379
0.339876 0.634288 0.694379
0.339933 0.634410 0.694240
0.340782 -0.644277 -0.684671
0.358710 -0.933449 0.000000
0.380765 -0.722245 0.577391
0.380770 -0.722242 0.577391
0.383158 -0.743015 -0.548742
0.389823 0.817039 0.424836
0.396591 0.598007 0.696493
0.406934 -0.012896 0.913366
0.412005 -0.035948 0.910472
0.413917 0.000000 0.910315
0.417206 -0.535725 0.734124
0.421725 -0.713999 0.558885
0.426344 -0.574891 -0.698378
0.431532 0.026440 0.901710
0.441022 0.703468 -0.557344
0.441022 0.703468 0.557344
0.449123 -0.893470 0.000086
0.454386 -0.651065 0.607986
0.455594 0.308255 0.835113
0.460479 -0.311268 0.831307
0.460479 0.311269 0.831306
0.462851 -0.006855 -0.886410
0.470921 0.882175 -0.000001
0.470922 -0.882175 0.000000
0.471310 0.881967 0.000000
0.471310 -0.881967 0.000000
0.472299 0.881438 0.000005
0.472306 0.881435 0.000186
0.472306 0.881435 0.000186
0.474588 -0.880208 -0.000000
0.476228 0.244171 0.844741
0.480201 -0.260704 -0.837520
0.484143 -0.517982 -0.705196
0.484798 -0.517480 0.705114
0.485858 0.870931 0.073631
0.491619 -0.870810 0.000533
0.491619 -0.870810 -0.000423
0.496805 -0.503618 -0.706791
0.499361 -0.864867 -0.051412
0.499406 0.764813 0.407007
0.499864 -0.507918 0.701538
0.503320 0.864022 0.011595
0.503332 0.769713 0.392682
0.504800 0.539459 0.673914
0.506342 0.312613 0.803674
0.520597 -0.020599 -0.853554
0.520735 0.528349 0.670584
0.522048 0.561751 0.641796
0.526006 0.567558 0.633400
0.527152 0.460185 -0.714381
0.543478 0.837633 0.054797
0.548648 0.086896 0.831525
0.548649 0.086896 -0.831525
0.551906 0.005024 0.833891
0.555163 -0.831741 0.000000
0.576501 0.716551 0.392684
0.578072 -0.815986 -0.000016
0.587786 -0.809017 0.000000
0.589130 0.807977 0.009941
0.590395 0.807031 0.011588
0.593910 -0.804531 0.001126
0.615805 -0.787899 0.000000
0.652165 -0.344526 -0.675265
0.654840 0.000000 0.755767
0.661675 -0.355154 -0.660342
0.671042 -0.354116 0.651387
0.672374 -0.181638 0.717580
0.673185 0.299872 0.675943
0.680386 0.732854 0.000000
0.682513 -0.351605 0.640742
0.682516 -0.351602 0.640741
0.683489 0.729961 0.000000
0.701150 0.713014 0.000000
0.701150 0.713013 0.000000
0.701266 0.712900 0.000000
0.701666 0.712506 0.000000
0.701666 0.712506 0.000000
0.704505 -0.704506 -0.085690
0.704725 -0.709480 0.000000
0.705066 0.709141 0.000000
0.706113 -0.708099 -0.000000
0.707106 0.707107 0.000001
0.707107 -0.707107 -0.000001
0.709088 -0.705118 0.001683
0.709103 -0.705026 0.010556
0.709142 0.705066 0.000000
0.709142 -0.705065 0.000000
0.709142 0.705066 0.000000
0.709143 0.705065 0.000000
0.709480 -0.704726 0.000000
0.709480 -0.704725 0.000000
0.731585 -0.681751 0.000000
0.743892 -0.540469 0.393088
0.745482 -0.000000 -0.666525
0.753612 0.034861 0.656394
0.754155 -0.014649 0.656533
0.759368 -0.246734 0.602065
0.765713 0.000000 0.643182
0.765714 -0.000000 0.643182
0.774219 -0.000020 -0.632918
0.787806 -0.615923 -0.000000
0.794679 0.000003 -0.607030
0.797574 0.046772 0.601405
0.797882 -0.037727 0.601632
0.809017 -0.587786 0.000000
0.809017 0.587785 0.000000
0.847645 -0.530564 0.000000
0.847655 0.530548 0.000025
0.849799 -0.022604 -0.526622
0.849799 -0.022603 -0.526622
0.851838 -0.427217 -0.303081
0.865775 -0.500433 0.000000
0.866633 -0.498945 -0.001025
0.872142 -0.028739 0.488408
0.878757 -0.477269 0.000000
0.880209 -0.474586 0.000000
0.880210 0.474585 0.000000
0.883440 -0.468544 0.000000
0.884471 0.105379 -0.454539
0.887447 0.460908 -0.000699
0.894213 -0.447641 0.000000
0.909189 0.416355 -0.004859
0.912406 0.409285 -0.000452
0.918265 0.051876 0.392553
0.927434 -0.373987 0.000024
0.933444 -0.358723 0.000025
0.934371 0.356303 0.000004
0.947547 -0.039790 -0.317130
0.949156 0.314764 -0.005098
0.954554 0.298038 -0.000102
0.955906 0.293672 0.000058
0.968284 0.249853 0.000018
0.974501 0.224382 -0.000426
0.984716 0.000000 -0.174168
0.984717 0.000000 -0.174163
0.993471 -0.114085 0.000733
0.993471 -0.114085 -0.000733
0.993607 -0.112893 0.000526
0.993607 -0.112893 -0.000526
0.997384 0.060431 0.039675
0.998417 0.042529 0.036796
0.998806 -0.048412 -0.006623
0.999629 -0.001476 0.027195
0.999905 0.013805 -0.000390
0.999911 -0.006722 -0.011535
0.999927 -0.006702 -0.010051
0.999942 0.010789 0.000000
0.999942 0.010789 0.000000
0.999974 0.007247 0.000000
0.999974 0.007246 0.000000
0.999993 0.003583 -0.000750
0.999993 0.003534 0.000888
1.000000 0.000000 0.000000
1.000000 0.000000 -0.000000
1.000000 0.000000 -0.000000
1.000000 0.000000 -0.000000
1.000000 0.000000 0.000000
1.000000 0.000000 0.000000
1.000000 0.000000 0.000000
1.000000 0.000012 0.000005
1.000000 0.000013 0.000006
1.000000 -0.000000 -0.000000
1.000000 0.000000 0.000000
1.000000 0.000000 0.000000
1.000000 0.000000 0.000000
1.000000 0.000000 0.000000
1.000000 0.000000 0.000000
1.000000 -0.000000 0.000000
1.000000 -0.000261 0.000000
1.000000 0.000000 0.000000
1.000000 0.000000 0.000000
1.000000 -0.000000 -0.000000
1.000000 -0.000000 -0.000000
-0.000000 -0.999991 0.004331
-0.000000 0.654840 0.755767
-0.000000 -0.000000 -1.000000
-0.000000 -0.999999 -0.001289
-0.000000 0.000000 -1.000000
-0.000000 -0.361264 -0.932464
-0.000000 1.000000 0.000000
-0.000000 0.000000 -1.000000
-0.000000 -0.804535 -0.593906
-0.000000 0.000000 -1.000000
-0.000000 -0.999671 0.025652
-0.000000 0.000000 -1.000000
-0.000000 -0.999993 -0.003691
-0.000000 -0.999644 0.026692
-0.000000 0.000000 -1.000000
-0.000000 0.000000 -1.000000
-0.000000 0.000000 1.000000
-0.000000 0.000000 -1.000000
-0.000000 -0.999739 0.022837
-0.000000 0.000001 -1.000000
-0.000000 0.000000 -1.000000
-0.000000 0.000000 -1.000000
-0.000000 0.020939 0.999781
-0.000001 0.000000 1.000000
-0.000001 0.000001 -1.000000
-0.000001 0.000000 1.000000
-0.000001 -0.773119 0.634261
-0.000001 0.000000 1.000000
-0.000001 -0.000000 1.000000
-0.000002 -0.000002 -1.000000
-0.000016 0.134130 0.990964
-0.000019 0.846900 0.531752
-0.000051 0.027144 -0.999632
-0.000059 0.000066 1.000000
-0.000060 0.943031 0.332706
-0.000236 -0.363534 -0.931581
-0.000254 0.742068 0.670325
-0.000301 -0.020847 0.999783
-0.000356 1.000000 -0.000150
-0.000364 -0.379562 -0.925166
-0.000378 0.878460 0.477815
-0.000389 -0.708395 0.705817
-0.000430 -0.020047 0.999799
-0.000430 -0.020047 0.999799
-0.000434 -0.020036 0.999799
-0.000436 -0.020037 0.999799
-0.000511 0.011747 -0.999931
-0.000529 -1.000000 -0.000781
-0.000620 0.987028 0.160547
-0.000751 1.000000 0.000263
-0.000918 0.999871 0.016041
-0.001034 0.999999 0.000000
-0.001114 -0.999999 -0.000822
-0.001158 -0.717521 -0.696536
-0.001261 0.740810 -0.671714
-0.001359 0.999999 0.000135
-0.001414 -0.999998 -0.001290
-0.001527 0.999999 0.000566
-0.001747 -0.722910 -0.690940
-0.001747 -0.722923 -0.690926
-0.002068 -0.999998 0.000001
-0.002108 -0.817167 0.576398
-0.002601 0.940917 -0.338627
-0.002882 -0.999996 -0.000000
-0.002882 -0.999996 0.000000
-0.002883 0.999996 0.000000
-0.002883 0.999996 0.000000
-0.002883 0.999996 0.000000
-0.002883 -0.999996 0.000000
-0.003231 -0.014118 0.999895
-0.003384 0.994754 -0.102243
-0.003957 0.786943 0.617013
-0.004424 0.904011 -0.427485
-0.004675 0.942129 -0.335217
-0.004751 -0.999989 0.000000
-0.005286 -0.709158 0.705029
-0.005469 -0.669275 -0.742995
-0.014001 0.824995 0.564966
-0.014969 0.999834 0.010356
-0.015177 0.731255 -0.681936
-0.015454 -0.021443 0.999651
-0.017023 0.667768 0.744174
-0.025980 0.868863 0.494370
-0.033014 0.834628 0.549823
-0.102218 0.867713 0.486443
-0.102268 0.867709 0.486438
-0.123851 -0.022997 0.992034
-0.153737 -0.534129 0.831307
-0.156434 -0.987688 0.000000
-0.156435 0.987688 -0.000000
-0.156435 0.987688 0.000000
-0.189697 0.721502 -0.665921
-0.253509 0.789654 0.558730
-0.255046 0.951910 -0.169761
-0.261299 0.965258 0.000444
-0.270618 -0.695209 -0.665921
-0.271289 0.857840 0.436478
-0.297583 0.954696 0.000000
-0.315885 -0.604996 -0.730887
-0.316938 -0.605364 -0.730127
-0.319033 -0.880085 -0.351666
-0.326859 -0.859629 0.392684
-0.331296 -0.656045 -0.678121
-0.331297 0.656046 -0.678119
-0.339933 0.634409 0.694241
-0.345980 -0.660645 0.666218
-0.346020 0.660651 -0.666191
-0.374851 0.927085 -0.000161
-0.396610 -0.598038 0.696456
-0.406934 -0.012896 0.913366
-0.413914 -0.000001 0.910316
-0.413920 0.000000 0.910313
-0.424346 0.360328 0.830719
-0.435545 0.763568 -0.476723
-0.451196 -0.534615 0.714569
-0.460303 0.879241 -0.122702
-0.462851 -0.006855 -0.886409
-0.469315 -0.645957 0.602066
-0.472239 0.641508 0.604531
-0.472297 0.881440 -0.000006
-0.472297 0.881440 0.000005
-0.472300 0.881438 0.000004
-0.472306 0.881435 0.000186
-0.474588 -0.880208 -0.000001
-0.474588 -0.880208 -0.000001
-0.474588 0.880208 0.000000
-0.480200 -0.260704 0.837521
-0.480201 -0.260704 -0.837520
-0.482650 0.057671 -0.873913
-0.490885 0.871225 0.000000
-0.497231 -0.867617 0.000931
-0.498082 -0.505365 0.704642
-0.499361 -0.864867 -0.051412
-0.499848 -0.508051 0.701453
-0.504691 0.539005 0.674360
-0.506932 -0.861986 0.000718
-0.511045 0.410142 0.755392
-0.511540 0.760215 0.400499
-0.514927 -0.211561 0.830718
-0.518732 0.525770 -0.674154
-0.525895 -0.850509 0.008322
-0.538448 0.836618 0.100717
-0.539118 0.831874 0.131668
-0.543129 0.838393 0.045920
-0.543478 0.837633 0.054798
-0.545929 -0.572600 0.611629
-0.549829 0.085678 0.830871
-0.549829 0.085678 -0.830871
-0.549842 -0.085819 -0.830848
-0.552557 -0.350822 0.756046
-0.555163 -0.831741 0.000000
-0.555163 -0.831741 0.000000
-0.569236 -0.615841 0.544711
-0.573155 0.000000 0.819447
-0.581711 0.712400 0.392553
-0.587786 -0.809017 0.000000
-0.599592 -0.800306 0.000000
-0.605701 0.795619 0.010797
-0.606709 0.794918 0.003031
-0.609507 -0.739158 -0.286612
-0.612771 -0.232146 0.755394
-0.615778 -0.118192 -0.779004
-0.629616 0.776906 0.000000
-0.633302 0.306397 0.710668
-0.646297 -0.687651 -0.330812
-0.654526 0.756039 0.000000
-0.661675 -0.355155 -0.660342
-0.665617 -0.746293 0.000000
-0.670428 0.345076 -0.656848
-0.673185 0.299872 0.675943
-0.682365 -0.731012 0.000000
-0.683489 0.729961 0.000000
-0.696086 -0.348459 0.627726
-0.701150 0.713014 0.000000
-0.701667 0.712505 0.000000
-0.704725 0.709480 0.000000
-0.705066 0.709141 0.000000
-0.706112 -0.708100 -0.000000
-0.707106 0.707107 0.000000
-0.707106 -0.707107 -0.000000
-0.707107 -0.707107 0.000000
-0.708996 0.230367 -0.666525
-0.709038 0.705170 -0.000568
-0.709126 -0.705080 0.001953
-0.709142 0.705066 0.000000
-0.709142 0.705065 0.000000
-0.709142 0.705066 0.000000
-0.709143 -0.705064 0.000000
-0.709480 -0.704725 0.000000
-0.710845 -0.651488 0.265072
-0.710845 -0.651488 0.265072
-0.731585 -0.681751 0.000000
-0.732537 -0.191342 -0.653282
-0.732604 0.363121 0.575704
-0.743892 -0.540469 0.393088
-0.743893 0.540471 0.393083
-0.745483 -0.000001 -0.666525
-0.748152 0.000038 0.663527
-0.749974 0.006149 0.661439
-0.752234 -0.008131 0.658845
-0.753612 0.034859 0.656394
-0.765713 -0.000002 0.643182
-0.765714 -0.000000 -0.643181
-0.765908 -0.466744 0.442193
-0.787803 -0.615928 0.000000
-0.797573 0.046769 0.601407
-0.809018 0.587784 0.000000
-0.838870 -0.544332 0.000000
-0.847641 0.530570 -0.000000
-0.848109 -0.474065 -0.236587
-0.857290 0.333096 0.392557
-0.864892 0.499318 -0.051419
-0.865775 -0.500433 0.000000
-0.866565 0.000000 -0.499065
-0.867203 0.154002 0.473543
-0.878757 -0.477269 0.000000
-0.880209 -0.474586 0.000000
-0.880210 0.474585 0.000000
-0.886194 -0.119107 -0.447744
-0.889482 0.456971 -0.000332
-0.909601 -0.415483 0.000237
-0.910421 0.000017 0.413683
-0.912407 0.409284 0.000451
-0.922111 -0.386925 0.000005
-0.926643 -0.375943 0.000000
-0.927944 -0.372720 0.000088
-0.941753 0.336306 0.000011
-0.952319 0.305096 -0.002205
-0.962570 0.271034 0.000182
-0.965305 -0.261124 -0.000061
-0.965361 -0.260919 -0.000128
-0.965362 -0.260915 0.000125
-0.965497 -0.260412 0.000285
-0.965701 -0.259657 -0.000538
-0.984717 -0.000000 -0.174163
-0.993471 -0.114085 -0.000733
-0.993607 -0.112893 -0.000526
-0.998716 0.050650 -0.000580
-0.998716 0.050650 0.000604
-0.999261 0.038427 -0.000000
-0.999609 -0.026639 -0.008555
-0.999629 -0.001475 0.027195
-0.999828 0.018524 0.000000
-0.999828 0.018524 0.000000
-0.999905 0.013805 -0.000390
-0.999911 -0.006723 -0.011535
-0.999927 -0.006701 -0.010051
-0.999942 0.010789 -0.000000
-0.999942 0.010789 0.000000
-0.999974 0.007244 0.000000
-0.999974 0.007245 -0.000000
-0.999993 0.003582 -0.000751
-1.000000 0.000000 0.000000
-1.000000 0.000000 -0.000000
-1.000000 0.000000 0.000000
-1.000000 0.000000 0.000000
-1.000000 0.000000 -0.000000
-1.000000 0.000001 0.000000
-1.000000 0.000011 0.000005
-1.000000 -0.000000 0.000000
-1.000000 -0.000000 0.000000
-1.000000 0.000011 0.000005
-1.000000 0.000000 0.000000
-1.000000 0.000000 0.000000
-1.000000 -0.000261 0.000000
-1.000000 0.000000 -0.000000
-1.000000 0.000000 -0.000000
-1.000000 0.000000 -0.000000
-1.000000 0.000000 -0.000000
-1.000000 -0.000000 0.000000
0.000000 -0.000000 -1.000000
0.000000 0.654841 0.755767
0.000000 0.000000 -1.000000
0.000000 0.000000 1.000000
0.000000 0.000000 -1.000000
0.000000 0.000000 1.000000
0.000000 0.000000 -1.000000
0.000000 -0.000000 -1.000000
0.000000 -0.000000 1.000000
0.000000 -0.000000 1.000000
0.000000 0.798446 0.602066
0.000000 0.000000 1.000000
0.000000 -0.000000 1.000000
0.000000 0.000000 -1.000000
0.000000 -0.000000 -1.000000
0.000000 0.000000 1.000000
0.000000 0.000000 1.000000
0.000000 0.000000 -1.000000
0.000000 -0.823142 0.567836
0.000000 0.000000 -1.000000
0.000000 0.000000 -1.000000
0.000000 0.000000 -1.000000
0.000001 0.000001 -1.000000
0.000001 -0.000001 -1.000000
0.000001 0.000000 -1.000000
0.000001 0.000000 1.000000
0.000001 0.000000 1.000000
0.000004 -0.000011 -1.000000
0.000008 0.000007 1.000000
0.000008 -0.032709 -0.999465
0.000051 0.011407 -0.999935
0.000055 -0.000020 -1.000000
0.000068 0.000078 -1.000000
0.000078 0.000123 1.000000
0.000142 0.011524 -0.999934
0.000356 1.000000 -0.000154
0.000379 1.000000 0.000132
0.000393 1.000000 -0.000335
0.000493 -0.707945 -0.706267
0.000716 0.740139 -0.672454
0.000944 0.987106 0.160064
0.001034 0.999999 0.000000
0.001114 -0.999999 -0.000822
0.001174 -0.367018 -0.930213
0.001620 0.999999 0.000443
0.001702 0.999999 0.000000
0.002882 0.999996 0.000000
0.002882 0.999996 0.000000
0.002883 -0.999996 0.000000
0.003455 0.994758 -0.102198
0.003613 -0.794426 -0.607351
0.006904 0.999976 0.000000
0.012930 0.999908 0.004084
0.021565 0.735261 -0.677441
0.026268 0.846037 0.532476
0.030070 0.845702 0.532808
0.035580 0.035580 -0.998733
0.117259 0.740341 -0.661926
0.156434 -0.987688 0.000000
0.156435 -0.987688 0.000000
0.194344 -0.913437 -0.357580
0.200303 0.979734 0.000019
0.202357 0.622791 0.755767
0.229997 -0.310323 -0.922389
0.261312 0.965254 -0.000428
0.262057 0.965052 -0.000197
0.263689 0.849954 0.456121
0.292907 0.956141 -0.000008
0.301932 -0.933290 -0.194439
0.318269 -0.605045 0.729812
0.319352 -0.605422 0.729026
0.321038 0.679039 -0.660183
0.326859 -0.859629 0.392685
0.331293 0.656044 -0.678123
0.335975 0.659392 -0.672549
0.335976 0.659391 0.672550
0.339876 0.634290 0.694378
0.339876 0.634289 0.694379
0.341755 -0.438328 0.831307
0.346019 0.660651 -0.666192
0.358710 0.933449 0.000044
0.374672 0.927157 -0.000191
0.374872 0.927077 -0.000157
0.384906 -0.529777 0.755767
0.396645 0.598099 -0.696384
0.416943 0.674806 -0.608930
0.416943 0.674806 0.608930
0.423786 -0.000027 0.905762
0.424346 -0.360329 0.830718
0.424346 0.360331 0.830717
0.434914 -0.006731 0.900447
0.451195 -0.534614 0.714570
0.451228 0.534577 -0.714577
0.460307 0.879238 -0.122708
0.469315 -0.645957 0.602065
0.470921 0.882175 -0.000001
0.470923 -0.882174 0.000000
0.472301 0.881437 0.000004
0.472302 0.881437 -0.000004
0.474589 -0.880208 0.000000
0.496642 0.864041 0.082336
0.497231 -0.867617 0.000931
0.498380 -0.510409 -0.700785
0.498476 -0.866904 -0.000091
0.498575 -0.508770 -0.701838
0.503502 0.305838 0.808052
0.511540 0.760215 0.400499
0.517502 0.526891 0.674224
0.517579 -0.415305 -0.748087
0.518352 -0.092913 0.850105
0.518889 0.524204 -0.675252
0.519924 0.527956 -0.671522
0.525901 -0.850505 0.008317
0.526019 0.567584 0.633367
0.528485 -0.827250 -0.190686
0.551624 0.354041 0.755225
0.552556 -0.350821 0.756046
0.552768 0.570164 0.607750
0.553176 0.003972 0.833055
0.553176 0.004022 -0.833054
0.555252 -0.595165 0.580925
0.558261 0.298135 -0.774248
0.576155 -0.288280 0.764814
0.582390 -0.286363 0.760801
0.583394 -0.035443 0.811416
0.606744 0.794892 0.003012
0.612772 0.232146 0.755393
0.614125 0.313519 -0.724263
0.617756 0.506642 0.601408
0.626550 0.777723 0.050806
0.628836 -0.777538 0.000440
0.629616 0.776907 0.000025
0.634029 0.166251 0.755226
0.645958 -0.469314 0.602066
0.646297 -0.687651 -0.330812
0.649654 -0.760230 -0.000621
0.654526 0.756040 -0.000064
0.654841 -0.000000 0.755767
0.667724 0.345624 -0.659309
0.680386 0.732854 0.000000
0.682404 -0.730975 0.000050
0.683011 0.683008 -0.258838
0.693522 -0.693518 -0.195092
0.701150 0.713014 0.000000
0.704726 -0.709480 -0.000000
0.705066 -0.709142 0.000000
0.705066 -0.709142 0.000000
0.705520 -0.351254 0.615518
0.706112 -0.708099 0.001240
0.708629 -0.350479 0.612381
0.709102 -0.705027 0.010556
0.709103 -0.705026 0.010557
0.709142 0.705066 0.000000
0.709143 0.705065 0.000000
0.709143 0.705065 0.000000
0.709143 -0.705064 -0.000002
0.709146 0.705062 0.000014
0.709479 0.704725 -0.001478
0.709480 0.704726 -0.000000
0.736673 0.676249 0.000000
0.746005 0.650504 0.142550
0.748130 0.000023 0.663552
0.761684 0.469289 -0.446773
0.765713 0.000000 -0.643182
0.770489 0.210677 0.601632
0.786560 -0.079476 -0.612379
0.787806 0.615923 -0.000000
0.787825 0.615899 -0.000025
0.792115 0.000027 -0.610372
0.798447 0.000000 0.602065
0.804489 -0.235818 -0.545149
0.809017 0.587786 0.000000
0.809017 0.587785 0.000000
0.809017 -0.587785 0.000000
0.809017 -0.587785 0.000000
0.812426 -0.553592 -0.183030
0.828746 -0.099475 0.550713
0.837788 -0.482338 0.255854
0.847469 0.394872 -0.354783
0.847641 -0.530571 -0.000000
0.848109 -0.474063 -0.236590
0.848416 -0.494483 -0.188882
0.849790 -0.022560 -0.526639
0.857291 0.333096 0.392555
0.864894 -0.499314 -0.051421
0.866565 0.000000 -0.499065
0.866565 0.000000 -0.499064
0.866565 0.000000 -0.499064
0.866633 -0.498945 0.000000
0.866633 -0.498945 0.000000
0.866641 -0.498931 -0.001021
0.872177 -0.028581 0.488355
0.878758 -0.477267 0.000000
0.883440 -0.468545 0.000000
0.883440 -0.468544 0.000000
0.884941 -0.124983 -0.448619
0.890724 -0.454514 -0.005279
0.890981 -0.454013 0.005070
0.896858 0.442318 0.000000
0.897390 -0.441190 -0.006503
0.900746 -0.434338 0.002731
0.902553 -0.430572 -0.002547
0.909594 -0.415499 0.000250
0.916512 -0.400007 0.000395
0.918562 -0.045221 0.392682
0.921481 0.388393 0.004934
0.922108 -0.386932 -0.000005
0.922110 -0.386929 0.000000
0.932491 0.360871 0.015258
0.933444 0.358723 -0.000000
0.959652 -0.281175 -0.002938
0.965702 -0.259652 -0.000538
0.985848 0.167642 0.000000
0.985849 0.167633 0.000000
0.987689 0.156430 0.000000
0.988520 0.151089 0.000000
0.988520 0.151089 -0.000000
0.994971 -0.100163 0.000367
0.995992 0.078650 0.042596
0.998211 -0.059127 -0.008881
0.998704 -0.050885 -0.000000
0.998807 -0.048393 -0.006610
0.999570 -0.029325 0.000000
0.999609 -0.026637 -0.008553
0.999610 0.027911 0.000039
0.999828 0.018525 0.000000
0.999942 -0.007648 -0.007601
0.999942 -0.008568 -0.006540
0.999986 0.003248 0.004234
0.999996 -0.002882 0.000000
0.999996 -0.002882 0.000000
1.000000 -0.000182 -0.000858
-0.000000 0.000001 -1.000000
-0.000000 0.000000 -1.000000
-0.000000 0.027836 -0.999613
-0.000000 -0.000000 -1.000000
-0.000000 0.000000 1.000000
-0.000000 -0.000000 1.000000
-0.000000 0.000000 1.000000
-0.000000 -0.000000 -1.000000
-0.000000 0.000001 -1.000000
-0.000000 0.000000 1.000000
-0.000000 0.000000 -1.000000
-0.000000 0.000000 1.000000
-0.000000 0.000000 -1.000000
-0.000000 -0.000000 -1.000000
-0.000000 -0.000000 1.000000
-0.000000 0.000000 -1.000000
-0.000000 0.000000 1.000000
-0.000000 0.000000 -1.000000
-0.000000 -0.000000 -1.000000
-0.000000 -0.000000 1.000000
-0.000000 0.000000 1.000000
-0.000000 0.000000 1.000000
-0.000000 -0.000000 1.000000
-0.000000 0.461640 -0.887068
-0.000000 0.000000 1.000000
-0.000000 -0.000000 -1.000000
-0.000001 -0.000000 1.000000
-0.000001 -0.000000 -1.000000
-0.000001 0.000000 -1.000000
-0.000002 0.000000 1.000000
-0.000003 -0.000001 -1.000000
-0.000008 -0.032709 -0.999465
-0.000059 0.000066 -1.000000
-0.000068 0.000078 1.000000
-0.000078 0.000123 1.000000
-0.000094 0.000218 -1.000000
-0.000254 0.743500 -0.668735
-0.000318 0.011630 -0.999932
-0.000328 1.000000 -0.000046
-0.000368 1.000000 -0.000195
-0.000393 1.000000 -0.000335
-0.000419 1.000000 -0.000362
-0.000455 -0.707577 0.706636
-0.000995 0.741919 0.670489
-0.001088 -0.999999 -0.000794
-0.001297 0.999999 0.000461
-0.001408 -0.999998 -0.001276
-0.001702 0.999999 0.000000
-0.002400 -0.016881 -0.999855
-0.002882 -0.999996 0.000000
-0.002882 0.999996 0.000000
-0.002883 -0.999996 0.000000
-0.004232 0.903965 -0.427586
-0.005049 -0.900121 -0.435611
-0.005467 -0.669275 -0.742995
-0.006904 0.999976 0.000001
-0.009015 -0.999959 0.000000
-0.009015 -0.999959 0.000000
-0.012930 0.999908 0.004084
-0.015650 -0.371032 -0.928488
-0.018842 -0.555495 0.831306
-0.049388 -0.988063 -0.145920
-0.067060 -0.141932 0.987602
-0.117259 -0.740340 -0.661927
-0.117259 0.740341 -0.661926
-0.153739 0.534130 0.831306
-0.156435 0.987688 -0.000000
-0.164255 0.839059 -0.518652
-0.200303 -0.979734 -0.000031
-0.202357 -0.622791 0.755767
-0.210677 0.770487 0.601635
-0.233408 0.931250 -0.279810
-0.234421 -0.889352 0.392556
-0.262360 0.964970 0.000106
-0.283563 0.954302 -0.094341
-0.315384 -0.604037 0.731897
-0.319352 -0.605422 0.729026
-0.326570 0.449486 0.831453
-0.329059 0.643965 -0.690674
-0.330047 -0.943965 0.000109
-0.330431 -0.943830 0.000112
-0.350284 -0.734073 0.581754
-0.374653 0.927165 -0.000194
-0.380770 -0.722243 0.577391
-0.383157 -0.743015 -0.548743
-0.384906 -0.529776 0.755768
-0.413914 -0.000000 0.910316
-0.417207 -0.535723 0.734125
-0.434961 -0.006717 0.900424
-0.440306 0.824245 0.356021
-0.440813 -0.636170 -0.633223
-0.451195 0.534615 0.714570
-0.451195 -0.534615 -0.714570
-0.454384 -0.651066 -0.607986
-0.456184 0.870113 -0.186547
-0.469314 -0.645957 0.602067
-0.469314 -0.645958 0.602065
-0.469315 0.645958 0.602065
-0.470922 -0.882175 0.000000
-0.472305 0.881435 0.000186
-0.472306 0.881435 0.000186
-0.472307 0.881434 0.000000
-0.484167 -0.518087 -0.705101
-0.497874 -0.504701 0.705265
-0.498566 -0.508841 -0.701792
-0.499406 0.764813 0.407006
-0.503333 0.769713 0.392681
-0.504713 0.539095 0.674271
-0.517578 -0.415306 -0.748087
-0.517579 -0.415306 0.748086
-0.520735 0.528349 0.670584
-0.520898 0.528868 0.670048
-0.528486 -0.827249 -0.190687
-0.534129 0.153737 0.831307
-0.545930 -0.572580 0.611647
-0.548764 0.826749 0.123869
-0.548867 -0.086930 -0.831377
-0.551623 -0.354040 0.755227
-0.551624 -0.354041 0.755226
-0.551906 0.005024 0.833891
-0.555594 -0.000000 0.831454
-0.573155 0.000001 0.819447
-0.576116 0.288291 0.764839
-0.576501 -0.716551 0.392685
-0.577940 0.239869 -0.780031
-0.578072 -0.815986 -0.000000
-0.587785 0.809017 0.000000
-0.587785 0.809017 -0.000000
-0.593767 -0.804637 0.000637
-0.604321 0.796698 0.008259
-0.610807 0.791778 0.001349
-0.612773 -0.232146 0.755393
-0.631564 0.775324 0.000000
-0.643598 0.756640 0.115231
-0.646297 -0.687651 -0.330813
-0.656045 -0.331293 -0.678123
-0.663201 0.722614 -0.194920
-0.665617 -0.746293 0.000000
-0.667733 0.345620 -0.659303
-0.667759 0.345617 -0.659278
-0.671042 -0.354117 0.651387
-0.682424 0.730957 -0.000000
-0.682515 -0.351603 0.640741
-0.683490 0.729960 0.000000
-0.690053 -0.565790 0.451340
-0.693716 -0.151676 0.704097
-0.701150 0.713014 0.000000
-0.701150 0.713013 0.000000
-0.701666 0.712506 0.000000
-0.704725 -0.709481 0.000000
-0.705066 -0.709142 0.000000
-0.706112 -0.708100 -0.000000
-0.707106 0.707108 -0.000000
-0.707107 -0.707107 -0.000000
-0.707107 -0.707106 -0.000000
-0.707110 0.707103 0.000001
-0.708995 -0.230367 -0.666526
-0.709103 -0.705026 0.010557
-0.709142 -0.705066 0.000001
-0.709142 -0.705066 0.000001
-0.709143 -0.705065 0.000000
-0.709143 -0.705064 0.000000
-0.709245 0.704962 -0.000805
-0.709480 0.704724 -0.001478
-0.709480 -0.704725 0.000000
-0.732721 -0.397869 -0.552105
-0.732748 -0.397969 0.551997
-0.732748 -0.397969 -0.551997
-0.735097 -0.000081 0.677962
-0.749812 0.021454 0.661303
-0.759368 -0.246734 0.602065
-0.759597 -0.450536 -0.469073
-0.765714 0.000000 0.643182
-0.765714 -0.000000 -0.643182
-0.770485 0.210677 0.601638
-0.784507 0.388498 -0.483340
-0.787825 0.615899 0.000000
-0.826380 -0.108364 0.552588
-0.829001 -0.499009 -0.252483
-0.830790 0.556585 0.001214
-0.835475 0.089308 0.542223
-0.845170 0.103621 -0.524358
-0.847594 -0.530645 0.000000
-0.847641 -0.530571 0.000000
-0.851851 -0.427173 -0.303106
-0.854465 -0.029685 0.518661
-0.866565 0.000000 -0.499064
-0.872376 0.134940 0.469843
-0.876047 -0.342759 -0.339203
-0.878758 -0.477267 0.000000
-0.878974 0.128695 -0.459176
-0.883440 -0.468545 0.000000
-0.884941 -0.124982 -0.448619
-0.887663 -0.112001 -0.446666
-0.889352 -0.234422 0.392554
-0.893748 0.448568 0.001027
-0.896858 0.442318 0.000000
-0.896859 0.442317 0.000000
-0.902552 -0.430571 -0.002801
-0.905204 -0.424965 0.003267
-0.908690 -0.417470 0.000871
-0.909594 -0.415499 0.000250
-0.909843 -0.414954 -0.000266
-0.910060 0.414339 0.010665
-0.918562 -0.045222 0.392683
-0.922111 -0.386925 -0.000000
-0.985847 0.167647 0.000000
-0.985848 0.167642 0.000000
-0.987689 -0.156433 -0.000001
-0.987689 -0.156433 0.000000
-0.993471 -0.114085 0.000733
-0.993607 -0.112893 0.000526
-0.995992 0.078651 0.042597
-0.998817 0.047524 0.010342
-0.999570 -0.029325 0.000000
-0.999609 -0.026636 -0.008547
-0.999628 -0.001441 0.027230
-0.999828 0.018524 0.000000
-0.999828 0.018525 0.000000
-0.999942 -0.007648 -0.007601
-0.999986 0.003248 0.004234
-0.999992 0.003423 -0.001872
-0.999993 0.003338 -0.001756
-0.999993 0.003534 0.000888
-0.999996 -0.002882 0.000000
-0.999996 -0.002883 0.000000
0.000000 0.737118 -0.675764
0.000000 0.000000 -1.000000
0.000000 -0.000000 -1.000000
0.000000 0.000000 -1.000000
0.000000 0.000000 1.000000
0.000000 -0.000000 -1.000000
0.000000 -0.654841 0.755767
0.000000 -0.000000 -1.000000
0.000000 -0.000000 -1.000000
0.000000 0.000000 -1.000000
0.000000 -0.000000 -1.000000
0.000000 -0.000000 1.000000
0.000000 -0.000000 -1.000000
0.000000 -0.000000 -1.000000
0.000000 0.000000 -1.000000
0.000000 -0.000000 -1.000000
0.000000 0.000000 -1.000000
0.000000 0.000000 1.000000
0.000000 0.000000 -1.000000
0.000000 0.000000 -1.000000
0.000000 -0.000000 -1.000000
0.000001 0.000000 1.000000
0.000001 0.000001 -1.000000
0.000001 -0.773120 0.634260
0.000001 0.000000 1.000000
0.000001 -0.773120 0.634260
0.000001 0.000000 1.000000
0.000001 0.000000 -1.000000
0.000001 0.000000 -1.000000
0.000001 0.000001 1.000000
0.000001 0.000000 1.000000
0.000001 0.000000 -1.000000
0.000001 0.000000 1.000000
0.000001 -0.000000 1.000000
0.000004 0.000697 -1.000000
0.000005 0.000698 -1.000000
0.000026 -1.000000 -0.000903
0.000051 0.027144 -0.999632
0.000068 0.000078 1.000000
0.000094 0.000218 1.000000
0.000103 0.000275 1.000000
0.000215 1.000000 0.000141
0.000329 1.000000 -0.000045
0.000333 0.943031 0.332706
0.000343 0.878464 0.477808
0.000414 1.000000 -0.000361
0.000423 -0.706827 -0.707387
0.000453 -0.189387 0.981902
0.000472 -0.804542 -0.593895
0.000493 -0.709466 0.704740
0.000630 -0.020906 0.999781
0.000990 0.740521 -0.672033
0.000995 -1.000000 0.000052
0.001034 0.999999 0.000000
0.001034 0.999999 0.000000
0.001058 0.740561 -0.671989
0.001264 0.742249 0.670123
0.001656 0.999863 0.016447
0.001692 -0.999998 -0.000562
0.001702 0.999998 0.000000
0.001702 0.999999 0.000000
0.002108 -0.817166 0.576398
0.002402 -0.016869 -0.999855
0.002413 -0.721399 0.692516
0.002882 0.999996 0.000000
0.002883 0.999996 0.000000
0.003174 -0.794533 -0.607213
0.003792 -0.812324 0.583194
0.005286 -0.709158 0.705030
0.005881 -0.003105 0.999978
0.005893 -0.003109 0.999978
0.006914 -0.005343 0.999962
0.007748 -0.999945 0.007131
0.011802 -0.999930 0.000000
0.011802 -0.999930 0.000000
0.012257 -0.004382 0.999915
0.013400 -0.348855 -0.937081
0.013924 0.999878 0.007144
0.016542 -0.556863 -0.830440
0.019905 0.715100 -0.698738
0.025949 0.868863 0.494373
0.071105 -0.962680 -0.261134
0.093285 -0.171462 0.980764
0.131508 -0.540936 0.830719
0.144114 -0.909903 0.388983
0.156433 -0.987688 0.000000
0.156435 0.987688 0.000000
0.164256 0.839059 -0.518653
0.166252 0.634031 0.755226
0.193570 -0.981087 -0.000001
0.201563 0.857379 0.473575
0.209338 -0.102086 0.972500
0.211562 0.514925 0.830719
0.219434 -0.759756 -0.612062
0.222110 -0.095002 0.970382
0.230522 0.973067 0.000000
0.230524 -0.973067 0.000000
0.240843 -0.887578 0.392683
0.250283 0.000018 0.968173
0.250286 0.000018 0.968172
0.256598 -0.000016 0.966518
0.290948 -0.744084 0.601405
0.317602 -0.605595 -0.729647
0.329062 0.643948 -0.690687
0.333097 0.857291 0.392555
0.345980 0.660645 0.666218
0.347843 0.739937 -0.575759
0.358340 -0.651972 -0.668226
0.374651 0.927166 -0.000194
0.381181 -0.337907 -0.860534
0.383505 0.859907 -0.336873
0.397799 0.836869 0.376039
0.409955 0.834625 0.367882
0.440306 0.824245 0.356020
0.440783 -0.540729 0.716465
0.441009 0.703454 0.557372
0.441617 -0.768043 -0.463772
0.460209 0.815920 0.349974
0.469316 0.645957 0.602065
0.469360 0.736134 0.487655
0.472204 -0.577557 -0.665921
0.472240 0.641508 0.604531
0.472306 0.881435 0.000186
0.474588 0.880208 0.000000
0.499143 0.866429 0.012527
0.499503 0.623320 0.601638
0.501742 0.864937 0.011732
0.502375 0.223003 -0.835397
0.507650 -0.861409 0.016342
0.510508 0.761445 0.399479
0.514926 0.211563 0.830718
0.517578 0.415306 0.748087
0.517578 -0.415305 0.748087
0.518732 0.525769 -0.674154
0.520873 0.528788 0.670130
0.520933 0.528981 0.669931
0.534129 0.153737 0.831307
0.542795 0.838991 0.038319
0.551624 -0.354041 0.755225
0.555259 -0.595173 0.580910
0.569236 -0.615841 0.544711
0.576116 -0.288292 -0.764838
0.576501 -0.716550 0.392687
0.590489 0.628310 -0.506507
0.593773 -0.804632 0.000660
0.603109 -0.438183 -0.666524
0.604386 0.796656 0.007559
0.614155 0.313516 -0.724239
0.615893 -0.787830 0.000000
0.631564 0.775324 -0.000000
0.641083 0.767471 0.000028
0.645958 0.469314 0.602066
0.664470 0.346270 -0.662251
0.666329 -0.745658 0.000000
0.667673 -0.438460 0.601636
0.667674 0.438459 0.601635
0.667733 0.345620 -0.659303
0.682366 0.731011 0.000101
0.683489 0.729961 0.000000
0.686360 0.727262 -0.000636
0.686362 0.727260 -0.000634
0.694902 -0.347868 -0.629364
0.701265 0.712900 0.000000
0.705500 -0.708710 0.000000
0.706113 -0.708099 0.000000
0.707108 0.707106 -0.000000
0.708688 -0.705512 0.003617
0.708995 -0.230367 -0.666527
0.709142 0.705066 0.000000
0.709142 -0.705066 0.000000
0.709142 -0.705066 0.000001
0.709142 0.705065 0.000000
0.709142 -0.705065 0.000000
0.709142 -0.705065 -0.000000
0.709143 0.705065 0.000001
0.709143 0.705065 0.000000
0.709143 0.705065 0.000000
0.709143 0.705065 0.000000
0.709143 -0.705065 0.000000
0.709479 0.704725 -0.001478
0.710845 -0.651487 0.265072
0.710845 -0.651488 0.265072
0.731585 -0.681750 0.000000
0.732722 -0.397868 0.552105
0.732749 -0.397967 -0.551998
0.735043 -0.678020 0.000000
0.750218 -0.001426 0.661189
0.751953 0.009924 0.659142
0.756539 0.583006 -0.296232
0.759368 -0.246735 0.602065
0.771802 -0.576863 -0.267491
0.787779 -0.615958 -0.000000
0.787779 -0.615958 0.000000
0.787825 -0.615900 0.000000
0.787825 0.615899 0.000000
0.818164 -0.224810 -0.529215
0.819986 -0.514629 -0.250560
0.825192 0.000000 0.564852
0.825195 0.000000 0.564848
0.830992 -0.355102 -0.428199
0.831758 -0.184636 0.523535
0.832266 -0.212909 -0.511862
0.835475 0.089308 0.542223
0.836763 0.511900 -0.194385
0.837788 -0.482338 0.255854
0.837788 -0.482339 0.255854
0.837788 -0.482338 0.255854
0.847594 0.530645 0.000000
0.847641 -0.530570 0.000000
0.850747 -0.026958 -0.524883
0.866565 0.000000 -0.499064
0.867129 -0.447826 -0.218036
0.883440 -0.468545 0.000000
0.886193 -0.119108 -0.447744
0.886200 -0.119078 -0.447740
0.895447 -0.061656 0.440877
0.896859 0.442317 0.000000
0.906295 -0.231913 -0.353335
0.908085 0.418786 -0.000000
0.912407 0.409285 0.000310
0.926642 -0.375945 0.000000
0.926643 -0.375944 0.000001
0.935490 -0.353354 0.000000
0.937650 0.347581 0.000019
0.963149 0.268969 0.000472
0.965304 -0.261129 0.000060
0.968288 0.249838 0.000020
0.974502 0.224378 0.000426
0.975074 -0.221878 -0.000000
0.984711 0.000001 -0.174197
0.988520 -0.151088 0.000000
0.998705 0.050884 0.000019
0.998706 -0.050847 -0.000019
0.998706 0.050847 -0.000000
0.998817 0.047523 0.010342
0.998903 -0.039812 -0.024637
0.998977 0.045214 -0.000174
0.999880 -0.012917 0.008502
0.999991 0.004338 -0.000000
0.999992 -0.003374 -0.001862
0.999993 0.003249 -0.001634
0.999996 0.002883 0.000000
0.999996 0.002883 0.000000
0.999996 -0.002882 0.000000
0.999996 -0.002883 0.000000
0.999996 -0.002883 0.000000
0.999996 0.002883 0.000000
0.999996 -0.002882 0.000000
0.999996 0.002883 0.000000
0.999996 0.002882 0.000000
0.999996 -0.002882 0.000000
0.999996 0.002882 0.000000
0.999996 0.002882 0.000000
0.999996 -0.002882 0.000000
0.999996 -0.002882 0.000000
0.999996 0.002883 0.000000
0.999996 0.002883 -0.000045
0.999996 -0.002882 0.000000
0.999996 -0.002882 0.000000
0.999996 -0.002883 0.000000
0.999996 -0.002551 0.000900
0.999996 -0.002519 0.000985
0.999996 -0.002586 0.000805
0.999996 -0.002551 0.000900
0.999997 0.002230 -0.001183
-0.000000 0.654840 0.755767
-0.000000 0.000000 1.000000
-0.000000 1.000000 0.000000
-0.000000 0.000000 -1.000000
-0.000000 0.000000 1.000000
-0.000000 0.000000 1.000000
-0.000000 0.000000 1.000000
-0.000000 0.000000 1.000000
-0.000000 0.000000 1.000000
-0.000000 0.000000 -1.000000
-0.000000 -0.000000 1.000000
-0.000000 1.000000 0.000000
-0.000000 -0.000000 -1.000000
-0.000000 -0.000000 -1.000000
-0.000000 -0.823142 0.567835
-0.000000 0.000000 1.000000
-0.000000 0.000000 1.000000
-0.000000 0.000000 1.000000
-0.000000 0.000000 1.000000
-0.000000 0.000000 -1.000000
-0.000000 0.000000 1.000000
-0.000000 0.000000 1.000000
-0.000000 -0.000000 1.000000
-0.000001 0.000000 -1.000000
-0.000001 0.000002 -1.000000
-0.000001 0.461639 -0.887068
-0.000001 0.000001 -1.000000
-0.000001 0.000000 1.000000
-0.000001 0.000000 1.000000
-0.000001 0.000000 -1.000000
-0.000001 0.000000 -1.000000
-0.000001 0.000000 -1.000000
-0.000001 0.792996 0.609226
-0.000002 0.000473 -1.000000
-0.000002 -0.000000 -1.000000
-0.000045 -1.000000 -0.000964
-0.000055 -0.000020 1.000000
-0.000066 -0.991821 0.127638
-0.000067 0.000006 -1.000000
-0.000068 0.000078 -1.000000
-0.000142 0.011524 -0.999934
-0.000281 -0.709393 -0.704813
-0.000294 0.740928 0.671585
-0.000329 1.000000 -0.000044
-0.000406 -1.000000 -0.000812
-0.000453 -0.189387 0.981902
-0.000768 0.743135 0.669141
-0.000944 0.987106 0.160065
-0.000990 0.740521 -0.672033
-0.001034 0.999999 0.000000
-0.001058 0.740560 -0.671990
-0.001139 -0.999999 0.000000
-0.001139 -0.999999 0.000000
-0.001211 -0.705863 -0.708347
-0.001310 0.999999 0.000142
-0.001702 0.999999 0.000000
-0.002251 -0.727496 -0.686108
-0.002408 -0.016833 -0.999855
-0.002819 0.994718 -0.102605
-0.002882 -0.999996 -0.000001
-0.002882 0.999996 0.000000
-0.002882 0.999996 0.000000
-0.002883 -0.999996 0.000000
-0.002883 -0.999996 0.000000
-0.002965 0.994727 -0.102513
-0.003215 -0.999901 0.013677
-0.003748 -0.999910 0.012908
-0.005894 -0.003109 0.999978
-0.006905 0.999976 0.000000
-0.009015 -0.999959 0.000000
-0.013937 0.999877 0.007185
-0.014423 0.220384 0.975307
-0.018492 0.224720 0.974248
-0.019379 0.669398 0.742651
-0.022861 -0.999739 -0.000007
-0.025932 0.868903 0.494302
-0.074801 -0.099196 0.992253
-0.076310 -0.187743 0.979249
-0.113389 0.811231 -0.573627
-0.125051 -0.842336 -0.524245
-0.144114 -0.909903 0.388983
-0.144114 -0.909903 0.388983
-0.156433 -0.987688 0.000000
-0.166251 0.634029 0.755227
-0.209338 -0.102086 0.972500
-0.222110 -0.095002 0.970382
-0.222689 0.974890 -0.000001
-0.230523 -0.973067 0.000000
-0.230524 0.973067 0.000000
-0.250283 -0.000078 0.968173
-0.258451 -0.966024 0.000003
-0.262889 0.964826 0.000061
-0.306059 0.755045 -0.579858
-0.329237 -0.944247 0.000382
-0.330025 -0.943972 0.000115
-0.339876 0.634289 0.694379
-0.339876 0.634289 0.694379
-0.341755 0.438329 0.831307
-0.346020 -0.660650 -0.666192
-0.347911 -0.756773 -0.553401
-0.358334 -0.651969 -0.668232
-0.358710 -0.933449 -0.000000
-0.359291 -0.547988 0.755394
-0.389868 0.817024 0.424823
-0.397799 0.836870 0.376039
-0.409997 0.834613 0.367864
-0.411321 -0.709417 0.572313
-0.412005 -0.035948 0.910472
-0.415222 0.507174 0.755225
-0.416942 0.674807 -0.608930
-0.416942 0.674807 0.608930
-0.418382 -0.727940 -0.543194
-0.424347 0.360328 0.830719
-0.426454 -0.574640 -0.698517
-0.434887 -0.006736 0.900460
-0.436693 -0.002170 -0.899608
-0.436709 -0.002173 -0.899600
-0.440871 0.837755 -0.322180
-0.449640 -0.893210 0.000170
-0.454404 -0.651087 0.607950
-0.455593 0.308255 0.835113
-0.470850 0.810833 0.347634
-0.471308 0.881969 0.000000
-0.471309 -0.881968 0.000000
-0.472303 0.881436 0.000002
-0.472307 0.881434 0.000000
-0.474588 0.880208 0.000000
-0.482453 0.011911 0.875841
-0.484459 -0.519323 -0.703990
-0.488655 0.872477 -0.000021
-0.496642 0.864041 0.082337
-0.497772 0.773384 0.392558
-0.499318 0.864892 -0.051418
-0.499821 -0.508278 0.701308
-0.499864 -0.507917 0.701539
-0.503320 0.864022 0.011595
-0.504779 0.539368 0.674004
-0.504800 0.539458 0.673915
-0.505677 0.540057 -0.672777
-0.507284 -0.861778 0.001016
-0.514925 0.211561 0.830719
-0.517502 0.526891 0.674224
-0.518691 0.526175 -0.673869
-0.519724 0.527323 -0.672173
-0.529853 0.573235 0.625026
-0.542795 0.838991 0.038318
-0.544952 -0.838467 -0.000192
-0.550415 0.648451 0.525884
-0.551663 0.577072 0.602210
-0.551907 0.005024 -0.833890
-0.552556 0.350821 0.756047
-0.578072 -0.815986 0.000016
-0.591384 0.312080 0.743554
-0.614155 0.313515 -0.724239
-0.628839 -0.777536 -0.000440
-0.631564 0.775324 0.000000
-0.634030 -0.166251 0.755227
-0.634030 -0.166251 0.755226
-0.635996 0.310336 -0.706542
-0.639749 -0.345567 -0.686516
-0.641083 0.767472 -0.000028
-0.645957 -0.469316 0.602065
-0.645957 0.469316 0.602065
-0.645957 -0.469316 0.602064
-0.645957 0.469316 0.602064
-0.657520 -0.730693 -0.183726
-0.676993 -0.351929 -0.646396
-0.680386 0.732854 0.000000
-0.706113 -0.708100 0.000000
-0.706113 -0.708100 -0.000000
-0.707105 0.707108 -0.000001
-0.709103 -0.705026 0.010556
-0.709127 -0.705078 0.001947
-0.709142 0.705066 0.000000
-0.709142 -0.705066 0.000002
-0.709142 -0.705066 0.000001
-0.709142 -0.705065 0.000000
-0.709142 0.705065 0.000000
-0.709142 -0.705065 0.000000
-0.709480 -0.704726 0.000001
-0.711536 -0.386388 0.586874
-0.711537 -0.386385 -0.586874
-0.727483 0.364937 0.581024
-0.731585 -0.681750 0.000000
-0.732721 -0.397869 0.552105
-0.734945 -0.000025 0.678126
-0.750218 -0.001428 0.661189
-0.771801 -0.576865 -0.267489
-0.774199 -0.000068 -0.632942
-0.787779 -0.615958 0.000000
-0.787825 -0.615900 0.000000
-0.787825 0.615899 0.000025
-0.798447 0.000000 0.602065
-0.804489 -0.235818 -0.545149
-0.809017 0.587785 0.000000
-0.809017 -0.587785 0.000000
-0.818164 -0.224811 -0.529215
-0.827184 -0.160160 -0.538624
-0.836763 0.511904 -0.194377
-0.836871 0.003470 0.547390
-0.847641 -0.530570 -0.000000
-0.847645 -0.530564 -0.000000
-0.848235 0.494787 -0.188900
-0.866676 -0.498870 -0.001003
-0.866683 -0.498858 -0.000999
-0.869694 0.144990 0.471816
-0.886809 0.462136 0.001234
-0.893211 -0.075429 0.443265
-0.895447 -0.061656 0.440877
-0.896859 0.442317 0.000000
-0.897391 -0.441187 -0.006505
-0.918264 0.051876 0.392556
-0.918562 -0.045221 0.392682
-0.922588 -0.385787 0.000386
-0.926643 -0.375942 -0.000003
-0.963821 0.266552 0.000000
-0.963821 0.266552 -0.000000
-0.965454 -0.260507 -0.005832
-0.968289 0.249835 0.000000
-0.968422 -0.000022 0.249316
-0.984709 0.000001 -0.174208
-0.984711 0.000001 -0.174197
-0.985848 0.167644 0.000000
-0.998705 -0.050884 -0.000000
-0.998705 0.050884 0.000000
-0.998977 0.045214 -0.000175
-0.999888 -0.005606 -0.013909
-0.999942 -0.008568 -0.006540
-0.999991 0.004337 -0.000003
-0.999992 0.003945 -0.001186
-0.999992 0.003864 0.001359
-0.999992 -0.003374 -0.001862
-0.999996 0.002882 0.000000
-0.999996 -0.002882 0.000000
-0.999996 0.002883 0.000000
-0.999996 0.002883 0.000000
-0.999996 -0.002882 0.000000
-0.999996 0.002882 0.000000
-0.999996 0.002882 0.000000
-0.999996 0.002882 0.000000
-0.999996 -0.002882 0.000000
-0.999996 -0.002883 0.000000
-0.999996 0.002882 0.000000
-0.999996 0.002882 0.000000
-0.999996 -0.002882 0.000000
-0.999996 0.002882 0.000000
-0.999996 -0.002882 0.000000
-0.999996 -0.002882 0.000000
-0.999996 -0.002591 0.000793
-0.999996 -0.002563 0.000868
-0.999997 0.002231 -0.001183
-1.000000 -0.000182 -0.000858
0.000000 -0.020818 0.999783
0.000000 0.000000 1.000000
0.000000 0.000000 1.000000
0.000000 0.000000 1.000000
0.000000 0.724652 -0.689115
0.000000 0.000000 1.000000
0.000000 0.000000 -1.000000
0.000000 0.000000 -1.000000
0.000000 0.000000 -1.000000
0.000000 0.000000 -1.000000
0.000000 0.000001 -1.000000
0.000000 0.000000 -1.000000
0.000000 0.000000 -1.000000
0.000000 -0.000000 -1.000000
0.000000 0.000000 1.000000
0.000000 0.000000 1.000000
0.000000 0.000000 -1.000000
0.000000 0.000000 1.000000
0.000000 0.000000 -1.000000
0.000000 0.000000 1.000000
0.000000 0.000000 1.000000
0.000000 -0.000000 1.000000
0.000000 0.000000 1.000000
0.000000 0.000000 -1.000000
0.000000 0.000000 -1.000000
0.000000 0.000000 1.000000
0.000000 0.000000 -1.000000
0.000001 -0.901144 -0.433519
0.000001 0.792997 0.609226
0.000001 0.000001 -1.000000
0.000001 -0.000000 1.000000
0.000001 0.000001 1.000000
0.000002 0.000473 -1.000000
0.000003 -0.000001 -1.000000
0.000055 -0.000020 1.000000
0.000103 0.000275 -1.000000
0.000251 0.742060 0.670333
0.000368 1.000000 -0.000197
0.000770 0.744565 -0.667550
0.000995 0.741919 0.670489
0.001702 0.999999 0.000000
0.001812 -0.999995 -0.002573
0.002603 0.940918 -0.338623
0.002882 -0.999996 0.000000
0.002883 -0.999996 0.000000
0.003957 0.786943 0.617014
0.005468 -0.669275 -0.742995
0.005468 -0.669275 -0.742995
0.005836 -0.358439 -0.933535
0.006905 0.999976 0.000000
0.015650 -0.371031 -0.928488
0.016026 0.694949 0.718881
0.018842 0.555495 0.831306
0.026962 -0.021925 0.999396
0.027417 0.862709 0.504956
0.035578 0.035580 -0.998733
0.055364 -0.162761 0.985111
0.117259 -0.740340 -0.661927
0.156435 0.987688 0.000000
0.166251 -0.634030 0.755226
0.189701 0.721503 -0.665918
0.202357 0.622791 0.755767
0.261898 0.965095 0.000253
0.262887 0.964827 -0.000062
0.262888 0.964826 0.000061
0.289977 0.957034 0.000307
0.301230 0.774722 0.555938
0.306054 0.755046 -0.579859
0.330444 -0.943826 0.000116
0.333394 0.632043 0.699550
0.334877 0.631509 -0.699323
0.345979 -0.660645 -0.666218
0.350285 -0.734073 0.581754
0.359291 -0.547989 0.755392
0.360293 0.846346 0.392284
0.374849 0.927086 -0.000161
0.389823 0.817043 0.424827
0.396627 -0.598068 0.696421
0.408601 -0.623997 -0.666088
0.410141 0.511044 0.755393
0.413915 0.000000 0.910316
0.415221 0.507174 0.755226
0.420286 0.781418 -0.461244
0.422604 0.000325 -0.906314
0.430647 -0.565018 -0.703775
0.433453 0.026756 0.900779
0.438184 0.603108 -0.666525
0.449178 -0.893442 0.000095
0.449637 -0.893211 0.000169
0.451195 0.534614 0.714571
0.454385 -0.651064 0.607988
0.457289 -0.018495 0.889126
0.460015 0.248723 -0.852363
0.460480 0.311268 0.831307
0.461891 -0.544861 0.699845
0.469315 0.645958 0.602064
0.469315 -0.645957 0.602065
0.469361 0.736134 -0.487654
0.470923 -0.882174 0.000000
0.472303 0.881436 0.000002
0.474588 0.880208 0.000000
0.484864 -0.517757 0.704865
0.488336 0.309859 -0.815791
0.497015 -0.504282 -0.706170
0.497772 -0.773382 0.392560
0.497936 -0.504900 0.705079
0.499821 -0.508278 0.701308
0.499848 -0.508051 0.701453
0.501857 0.216164 -0.837504
0.502374 0.222975 -0.835406
0.503332 -0.769712 0.392683
0.505077 0.537571 -0.675215
0.505370 0.538785 -0.674026
0.508552 -0.861029 0.002091
0.509449 -0.830095 -0.226723
0.512895 0.759897 0.399369
0.517538 0.526531 0.674477
0.518572 0.527346 -0.673045
0.518691 0.526175 -0.673869
0.519682 0.852815 0.051347
0.525896 -0.850508 0.008321
0.529778 0.384906 0.755767
0.534130 0.153736 0.831307
0.544953 -0.838467 -0.000192
0.545930 -0.572580 0.611647
0.551625 -0.354041 0.755225
0.551907 0.005024 -0.833891
0.577932 0.239888 -0.780031
0.582390 0.286363 0.760801
0.582390 -0.286363 -0.760801
0.587785 0.809017 -0.000000
0.587795 0.808968 0.008208
0.599592 -0.800306 -0.000001
0.603108 0.438183 -0.666526
0.604191 0.796799 0.008022
0.615893 0.787830 0.000000
0.631564 0.775324 0.000000
0.634031 -0.166252 0.755225
0.645957 0.469315 0.602065
0.646297 -0.687650 -0.330813
0.665617 -0.746293 0.000000
0.666704 -0.343159 -0.661625
0.670428 0.345076 -0.656847
0.680386 0.732854 0.000000
0.683489 0.729961 0.000000
0.701667 0.712506 0.000000
0.704725 0.709480 0.000000
0.705066 -0.709142 0.000000
0.705066 0.709141 0.000000
0.705066 0.709141 0.000000
0.708661 -0.350473 0.612347
0.709103 -0.705026 0.010556
0.709141 0.705066 0.000000
0.709142 0.705066 0.000000
0.709142 -0.705065 0.000000
0.709158 0.705049 0.000062
0.709480 0.704726 -0.000001
0.709480 -0.704725 0.000000
0.710845 -0.651488 0.265071
0.710845 -0.651488 0.265072
0.712399 0.581712 0.392555
0.731585 -0.681750 0.000000
0.732536 0.191343 -0.653283
0.732537 -0.191343 -0.653282
0.735097 -0.000014 0.677962
0.736673 0.676249 0.000000
0.743893 0.540471 0.393083
0.749812 0.021455 0.661303
0.759368 0.246733 0.602065
0.762286 0.468374 -0.446705
0.765713 0.000000 -0.643183
0.765714 -0.000000 0.643181
0.784152 0.388547 -0.483876
0.825192 -0.000001 0.564853
0.826380 -0.108364 0.552587
0.837509 0.097459 0.537662
0.847594 -0.530645 -0.000000
0.848647 -0.017303 -0.528676
0.849799 -0.022603 -0.526621
0.850710 -0.026897 -0.524947
0.859631 -0.326860 0.392680
0.866565 -0.429370 -0.254376
0.866565 -0.429369 -0.254376
0.866565 -0.429370 -0.254376
0.866676 -0.498870 -0.001003
0.867202 0.154001 0.473543
0.879242 -0.460302 -0.122701
0.887579 0.240842 0.392682
0.888159 0.459534 -0.001281
0.891055 0.453896 0.000244
0.893208 -0.075450 0.443269
0.909602 -0.415481 0.000237
0.910409 -0.000006 0.413710
0.931262 0.233421 -0.279760
0.937648 0.347588 0.000000
0.952320 0.305094 -0.002205
0.968288 -0.249838 -0.000020
0.968288 0.249836 0.000018
0.968288 -0.249836 -0.000018
0.984709 0.000000 -0.174208
0.985847 0.167647 0.000000
0.990253 -0.000021 -0.139283
0.999262 0.038422 0.000000
0.999687 -0.005906 -0.024315
0.999991 0.004335 0.000000
0.999991 0.003805 -0.001774
0.999992 0.003863 0.001359
0.999992 0.003917 -0.001225
0.999992 0.003939 -0.001265
0.999996 -0.002882 0.000000
0.999996 -0.002882 0.000000
0.999996 0.002882 0.000000
0.999996 0.002881 0.000000
0.999996 -0.002882 0.000000
0.999996 0.002883 0.000000
0.999996 0.002883 0.000000
0.999996 0.002883 0.000000
0.999996 0.002883 0.000000
0.999999 0.000475 -0.001106
-0.000000 0.000000 1.000000
-0.000000 -0.000000 -1.000000
-0.000000 0.000000 -1.000000
-0.000000 -0.000000 -1.000000
-0.000000 0.000000 1.000000
-0.000000 0.000000 1.000000
-0.000000 0.000000 -1.000000
-0.000000 0.000001 -1.000000
-0.000000 0.000000 -1.000000
-0.000000 0.000000 1.000000
-0.000000 0.000001 -1.000000
-0.000000 0.000000 1.000000
-0.000000 -0.000000 -1.000000
-0.000000 -0.000000 -1.000000
-0.000000 0.000000 -1.000000
-0.000000 0.798446 0.602066
-0.000000 0.000001 -1.000000
-0.000001 -0.901144 -0.433520
-0.000001 0.000000 -1.000000
-0.000001 0.000000 1.000000
-0.000001 0.000001 -1.000000
-0.000001 -0.773120 0.634260
-0.000001 -0.000000 1.000000
-0.000004 0.000697 -1.000000
-0.000095 0.000077 -1.000000
-0.000136 -0.020778 0.999784
-0.000281 -0.707875 0.706337
-0.000317 1.000000 0.000001
-0.000324 0.742213 0.670164
-0.000377 1.000000 -0.000019
-0.000426 -0.708350 0.705862
-0.000453 -0.189387 0.981902
-0.000770 0.744565 -0.667550
-0.000914 -0.802571 -0.596556
-0.001174 -0.367019 -0.930213
-0.001264 0.742249 0.670123
-0.001394 -0.999998 -0.001230
-0.001471 -0.384268 -0.923220
-0.001564 0.999999 0.000570
-0.001702 0.999999 0.000000
-0.002336 0.994687 -0.102915
-0.002401 -0.016885 -0.999855
-0.002553 0.940889 -0.338705
-0.002850 0.999996 0.000000
-0.002883 0.999996 0.000088
-0.003098 0.733139 0.680072
-0.003529 0.994763 -0.102151
-0.003925 -0.794349 -0.607448
-0.004093 0.994798 -0.101789
-0.004687 -0.001858 -0.999987
-0.005136 -0.900103 -0.435647
-0.005141 -0.900102 -0.435648
-0.005409 0.725571 0.688127
-0.005468 -0.669275 -0.742995
-0.006857 -0.373477 -0.927614
-0.008281 0.999963 -0.002144
-0.013138 0.999914 0.000117
-0.016200 0.224847 0.974259
-0.019905 0.715101 -0.698738
-0.019993 0.854141 0.519658
-0.035580 -0.035580 -0.998733
-0.042086 -0.555099 0.830719
-0.078366 0.000013 0.996925
-0.117258 -0.740340 -0.661927
-0.117259 0.740340 -0.661927
-0.144114 -0.909903 0.388983
-0.189577 -0.522484 0.831306
-0.201564 0.857378 0.473576
-0.213308 -0.099889 0.971865
-0.230523 0.973067 0.000000
-0.230523 -0.973067 0.000000
-0.250288 -0.000062 0.968172
-0.262029 0.965060 -0.000205
-0.264654 0.697342 -0.666087
-0.290948 0.744087 0.601401
-0.292231 -0.473823 0.830718
-0.317602 -0.605595 -0.729646
-0.324885 0.606312 -0.725835
-0.324885 0.606312 -0.725835
-0.326570 0.449485 0.831454
-0.329236 -0.944248 -0.000382
-0.330433 -0.943829 0.000113
-0.336524 0.633181 0.697018
-0.337019 0.632289 -0.697588
-0.358710 0.933449 -0.000001
-0.359291 0.547989 0.755393
-0.369907 -0.699441 0.611515
-0.374875 0.927075 -0.000157
-0.389823 0.817041 0.424832
-0.395429 -0.707032 0.586295
-0.395434 -0.707035 0.586288
-0.396662 0.598130 -0.696347
-0.410140 0.511043 0.755394
-0.416082 -0.866762 -0.274953
-0.433453 0.026756 0.900779
-0.434930 -0.006729 0.900439
-0.441043 0.703494 -0.557295
-0.451196 0.534615 -0.714569
-0.457289 -0.018495 0.889126
-0.469314 -0.645959 0.602065
-0.470921 0.882175 0.000001
-0.470922 0.882175 -0.000001
-0.472205 -0.577558 -0.665920
-0.476234 0.244175 0.844737
-0.491620 -0.870810 0.000423
-0.497015 -0.504282 -0.706170
-0.497087 -0.867700 0.001050
-0.498043 -0.505240 0.704759
-0.498380 -0.510409 -0.700785
-0.498560 -0.508891 -0.701761
-0.501743 0.864937 0.011732
-0.505345 0.538676 -0.674133
-0.505970 -0.862551 -0.000096
-0.509443 -0.830103 -0.226710
-0.511679 0.760452 0.399871
-0.512895 0.759897 0.399369
-0.517578 0.415306 0.748087
-0.518572 0.527346 -0.673045
-0.519760 0.527437 -0.672057
-0.519888 0.527843 -0.671638
-0.519924 0.527956 -0.671522
-0.520598 -0.020597 -0.853554
-0.526019 0.567583 0.633367
-0.527155 0.460187 -0.714378
-0.529777 0.384905 0.755767
-0.552556 0.350821 -0.756046
-0.552768 0.570164 0.607750
-0.553589 0.812429 -0.183026
-0.555253 -0.595164 0.580925
-0.555257 -0.595175 0.580910
-0.555594 0.000000 0.831454
-0.558260 0.298137 -0.774248
-0.576501 0.716551 0.392685
-0.577936 0.239891 -0.780027
-0.587795 0.808968 0.008208
-0.599592 -0.800306 0.000001
-0.615804 -0.787899 0.000008
-0.615892 0.787831 0.000014
-0.617755 -0.506641 0.601410
-0.633297 0.306397 0.710673
-0.634031 0.166252 0.755225
-0.634031 0.166252 0.755225
-0.649654 -0.760230 -0.000621
-0.652166 -0.344526 -0.675264
-0.654841 -0.000000 0.755767
-0.666329 -0.745658 0.000000
-0.680386 0.732854 0.000000
-0.682045 -0.370286 -0.630637
-0.683007 0.683010 -0.258839
-0.683490 0.729960 0.000000
-0.683490 0.729960 0.000000
-0.686384 0.727239 -0.000614
-0.701150 0.713014 0.000000
-0.701667 0.712506 0.000000
-0.705065 -0.709142 0.000000
-0.705065 -0.709142 0.000000
-0.705066 -0.709142 0.000000
-0.705066 0.709141 0.000000
-0.705067 0.709141 0.000000
-0.708688 -0.705512 0.003617
-0.709141 0.705066 0.000000
-0.709142 0.705066 0.000000
-0.709143 -0.705065 0.000000
-0.709175 0.310231 -0.633110
-0.709233 -0.704974 0.000411
-0.709480 0.704726 0.000000
-0.709480 -0.704726 0.000001
-0.709480 0.704726 0.000000
-0.709480 0.704726 -0.000000
-0.709480 -0.704725 0.000000
-0.717292 -0.696772 0.000000
-0.717292 -0.696772 0.000000
-0.731585 -0.681750 0.000000
-0.732538 0.191341 -0.653282
-0.736673 0.676249 0.000000
-0.744079 0.290945 0.601413
-0.749472 0.545974 0.374437
-0.751746 0.028207 0.658849
-0.751963 0.009940 0.659131
-0.752217 -0.008076 0.658866
-0.759367 -0.246734 0.602067
-0.762286 0.468373 -0.446706
-0.765713 0.000000 -0.643183
-0.765714 0.000000 0.643181
-0.794678 0.000027 -0.607031
-0.798448 0.000000 0.602064
-0.798929 0.398528 0.450431
-0.809017 -0.587785 0.000000
-0.825193 0.000000 0.564851
-0.826897 -0.339340 -0.448430
-0.827520 0.561430 0.002735
-0.830773 0.556610 0.001221
-0.846160 -0.477020 -0.237624
-0.847655 0.530548 -0.000000
-0.848083 -0.474097 -0.236615
-0.848647 -0.017300 -0.528677
-0.849799 -0.022603 -0.526622
-0.850710 -0.026898 -0.524946
-0.850731 -0.026931 -0.524912
-0.859629 -0.326858 0.392684
-0.862205 0.332209 -0.382413
-0.866634 -0.498945 0.000000
-0.879241 -0.460305 -0.122699
-0.891293 -0.086440 0.445112
-0.896858 0.442318 0.000000
-0.908261 0.418403 0.000731
-0.916511 -0.400009 0.000394
-0.918265 0.051876 0.392555
-0.932483 0.360890 0.015302
-0.937648 0.347585 0.000000
-0.937648 -0.347585 0.000019
-0.937648 -0.347585 -0.000000
-0.955879 0.293761 0.000082
-0.959656 -0.281162 -0.002938
-0.962505 0.271266 0.000150
-0.968283 0.249855 0.000000
-0.968289 -0.249834 -0.000000
-0.987688 0.156435 0.000000
-0.987689 0.156432 -0.000001
-0.994971 -0.100162 0.000369
-0.998707 -0.050846 0.000000
-0.998707 0.050846 0.000000
-0.998806 -0.048401 -0.006606
-0.998903 -0.039812 -0.024637
-0.999455 -0.031174 -0.010884
-0.999628 -0.001444 0.027227
-0.999885 -0.006186 -0.013862
-0.999885 -0.006196 -0.013824
-0.999982 0.005309 -0.002788
-0.999991 0.004334 0.000000
-0.999991 0.003804 -0.001774
-0.999992 0.003915 -0.001217
-0.999994 0.003291 0.000539
-0.999996 0.002882 0.000000
-0.999996 0.002882 0.000000
-0.999996 -0.002882 0.000000
-0.999996 -0.002882 0.000000
-0.999996 0.002883 0.000000
-0.999996 -0.002882 0.000000
-0.999996 0.002882 -0.000045
0.000000 0.999858 0.016877
0.000000 0.000000 1.000000
0.000000 0.000000 -1.000000
0.000000 -0.000001 -1.000000
0.000000 -0.000000 -1.000000
0.000000 0.000000 1.000000
0.000000 0.000000 -1.000000
0.000000 0.000001 -1.000000
0.000000 -0.000000 -1.000000
0.000000 0.000000 1.000000
0.000000 0.000000 -1.000000
0.000000 -0.000000 -1.000000
0.000000 0.000000 1.000000
0.000000 -0.000000 -1.000000
0.000000 0.000000 1.000000
0.000000 0.000000 -1.000000
0.000000 -0.000000 -1.000000
0.000000 0.000000 -1.000000
0.000000 -1.000000 -0.000819
0.000000 0.000000 1.000000
0.000000 0.000002 -1.000000
0.000000 -0.000000 -1.000000
0.000001 0.000000 -1.000000
0.000001 -0.773120 0.634260
0.000001 -0.000000 -1.000000
0.000001 0.000000 -1.000000
0.000006 0.000005 1.000000
0.000059 0.000066 -1.000000
0.000067 0.000006 1.000000
0.000119 1.000000 0.000181
0.000137 -0.991821 0.127638
0.000239 0.743470 -0.668769
0.000254 0.742068 0.670325
0.000294 0.740928 0.671585
0.000328 1.000000 -0.000043
0.000344 1.000000 0.000065
0.000419 1.000000 -0.000362
0.000455 -0.707577 0.706636
0.000954 0.723370 -0.690460
0.001034 0.999999 0.000000
0.001139 -0.999999 0.000000
0.001177 0.999999 0.000149
0.001369 0.999999 0.000139
0.001411 0.999991 -0.003904
0.001527 0.999999 0.000566
0.001564 0.999999 0.000570
0.001747 -0.722921 -0.690928
0.002318 0.727658 -0.685937
0.002882 -0.999996 0.000000
0.002882 0.999996 0.000000
0.003095 0.733148 0.680062
0.003411 -0.794475 -0.607287
0.003678 0.787983 0.615685
0.004093 0.994798 -0.101789
0.004687 -0.001858 -0.999987
0.004751 -0.999989 -0.000001
0.005434 0.725078 -0.688646
0.011802 -0.999930 0.000000
0.012131 -0.090393 0.995832
0.012907 -0.365023 -0.930909
0.014792 -0.090274 0.995807
0.017023 0.667769 0.744174
0.017160 0.989771 -0.141628
0.018543 0.224776 0.974234
0.035580 -0.035580 -0.998733
0.049389 -0.988063 -0.145919
0.065870 -0.097733 0.993030
0.086644 0.000000 0.996239
0.102241 0.867714 0.486436
0.117258 0.740339 -0.661928
0.144114 -0.909903 0.388983
0.189577 -0.522483 0.831308
0.189696 0.721501 -0.665922
0.195780 -0.719721 -0.666087
0.210678 -0.770487 0.601635
0.230523 -0.973067 0.000000
0.232147 0.612772 0.755393
0.234422 -0.889351 0.392558
0.234422 0.889352 0.392555
0.235237 0.949180 -0.209096
0.246734 0.759368 0.602065
0.246734 0.759368 0.602065
0.258451 -0.966024 -0.000038
0.261300 0.965258 0.000444
0.267458 0.767495 -0.582595
0.297583 0.954696 -0.000010
0.317138 -0.605434 -0.729982
0.318282 -0.605050 0.729803
0.326569 -0.449485 0.831454
0.326570 0.449486 0.831453
0.329059 0.643964 -0.690674
0.330022 -0.943973 0.000116
0.330046 -0.943965 0.000109
0.330050 -0.943964 0.000108
0.331294 -0.656045 -0.678121
0.332317 0.628275 -0.703446
0.336905 0.632248 -0.697680
0.345980 -0.660645 0.666218
0.354040 0.551624 0.755226
0.359671 0.702836 0.613724
0.364311 0.688857 0.626700
0.376356 -0.659530 -0.650674
0.396627 -0.598068 -0.696421
0.416085 -0.866760 -0.274953
0.427953 0.025852 0.903431
0.434937 -0.006726 0.900436
0.436693 -0.002170 -0.899608
0.454405 -0.651086 -0.607950
0.463594 0.003486 0.886041
0.469315 -0.645957 0.602066
0.470550 -0.668586 0.575826
0.470850 0.810833 0.347634
0.470921 -0.882175 0.000000
0.470922 0.882175 0.000001
0.471667 -0.876998 -0.091677
0.472303 0.881436 -0.000002
0.474588 0.880208 0.000000
0.474589 -0.880208 0.000000
0.480199 -0.260707 0.837521
0.482327 0.011913 0.875910
0.482651 0.057670 -0.873912
0.484775 -0.517382 0.705202
0.485645 0.303872 -0.819640
0.488656 0.872476 0.000000
0.490178 -0.041922 0.870614
0.496952 -0.504084 -0.706356
0.496976 -0.504158 -0.706286
0.498567 -0.508841 -0.701792
0.499318 0.864891 -0.051421
0.499998 -0.499996 -0.707111
0.503628 0.863855 0.010682
0.511044 -0.410141 0.755393
0.517524 0.526677 0.674374
0.519723 0.527323 -0.672174
0.543130 0.838390 0.045957
0.543130 0.838391 0.045943
0.544314 -0.838881 0.000018
0.545931 -0.572564 0.611661
0.546336 -0.563530 0.619638
0.546807 0.289915 -0.785463
0.548138 -0.159806 0.820979
0.548833 0.826712 0.123813
0.550049 -0.085581 0.830736
0.550418 0.648447 0.525886
0.551663 0.577071 0.602210
0.552277 0.573270 0.605269
0.552557 -0.350821 -0.756046
0.573156 0.000001 0.819447
0.577939 0.239868 -0.780032
0.582390 0.286362 -0.760801
0.583009 0.756535 -0.296233
0.587785 -0.809017 0.000000
0.587785 -0.809017 0.000000
0.591384 0.312080 0.743553
0.599592 -0.800305 0.000000
0.603109 -0.438183 -0.666525
0.610807 0.791778 0.001349
0.613035 0.177948 -0.769755
0.617755 -0.506642 0.601409
0.629917 -0.776662 0.000678
0.639749 -0.345568 -0.686516
0.641083 0.767472 0.000000
0.654526 0.756039 0.000000
0.654841 0.000000 0.755767
0.654842 0.000000 0.755766
0.656869 -0.754005 0.000000
0.657527 -0.730675 -0.183772
0.665617 -0.746293 0.000000
0.665617 -0.746293 0.000000
0.666329 -0.745658 0.000000
0.680386 0.732854 0.000000
0.682405 -0.730975 0.000000
0.683489 0.729961 0.000000
0.683489 0.729961 0.000000
0.683490 0.729960 0.000000
0.693709 -0.151690 0.704101
0.701150 0.713014 0.000000
0.701150 0.713014 0.000000
0.704507 0.704505 -0.085689
0.704726 -0.709480 -0.000000
0.705066 -0.709142 0.000000
0.707106 -0.707107 0.000000
0.707107 -0.707107 0.000004
0.708996 0.230367 -0.666526
0.709127 -0.705078 0.001947
0.709142 0.705066 0.000000
0.709142 0.705066 0.000000
0.709142 -0.705066 0.000000
0.709142 0.705065 0.000000
0.709272 -0.704935 0.000440
0.709480 0.704726 0.000001
0.709480 0.704726 0.000000
0.709481 -0.704725 0.000000
0.709481 0.704723 -0.001372
0.711536 -0.386386 -0.586874
0.711537 -0.386385 0.586874
0.716552 -0.576503 0.392681
0.717292 -0.696773 0.000000
0.732604 0.363120 0.575704
0.732749 -0.397967 0.551998
0.743892 -0.540468 0.393088
0.744906 0.652505 0.139113
0.749973 0.006150 0.661440
0.751756 0.028242 0.658836
0.751758 0.028249 0.658834
0.759368 -0.246733 0.602065
0.759596 -0.450537 -0.469074
0.761123 0.470139 -0.446835
0.765713 0.000000 -0.643182
0.765713 0.000000 -0.643182
0.765713 0.000001 0.643182
0.769713 0.503332 0.392682
0.776915 -0.629605 0.000031
0.785808 0.111422 -0.608351
0.787779 0.615958 0.000000
0.798835 0.396823 0.452100
0.809017 -0.587785 0.000000
0.826899 -0.339348 -0.448421
0.827735 -0.107817 0.550664
0.829001 -0.499009 -0.252484
0.830774 0.556609 0.001221
0.830815 0.556547 0.001202
0.847594 -0.530645 0.000000
0.857292 0.333097 0.392552
0.859630 -0.326858 0.392683
0.864892 0.499318 -0.051420
0.866683 -0.498858 -0.000999
0.872374 0.134944 0.469844
0.876999 0.471666 -0.091675
0.887784 0.460260 -0.000226
0.889353 -0.234422 0.392553
0.889481 0.456972 -0.000332
0.893212 -0.075422 0.443266
0.908080 0.418797 -0.000001
0.908689 -0.417473 0.000872
0.918563 -0.045221 0.392680
0.922588 -0.385786 0.000387
0.926193 0.376972 -0.007699
0.937647 -0.347590 -0.000019
0.937648 -0.347587 -0.000019
0.941753 0.336305 -0.000000
0.951910 0.255046 -0.169763
0.952322 0.305088 -0.002204
0.953891 -0.245227 -0.173077
0.955753 0.294172 0.000197
0.955988 0.293407 -0.000015
0.956081 0.293102 -0.000100
0.961899 0.273405 -0.000149
0.962529 0.271179 0.000163
0.962582 0.270989 0.000188
0.965618 -0.259965 0.000425
0.968288 0.249836 0.000000
0.968420 0.000013 0.249323
0.985847 0.167646 0.000000
0.987688 -0.156434 -0.000001
0.997386 0.060391 0.039668
0.997386 0.060391 0.039669
0.997387 0.060384 0.039667
0.998716 0.050652 -0.000650
0.998716 0.050652 0.000580
0.999627 -0.001410 0.027261
0.999885 -0.006187 -0.013856
0.999985 0.005373 -0.000476
0.999992 0.003469 -0.001934
0.999997 0.002497 -0.000000
0.999997 0.002497 0.000000
0.999997 -0.001829 -0.001706
1.000000 0.000047 -0.000626
1.000000 -0.000277 -0.000668
-0.000000 0.027173 -0.999631
-0.000000 0.000000 1.000000
-0.000000 0.000000 1.000000
-0.000000 0.000001 -1.000000
-0.000000 0.000000 1.000000
-0.000000 0.718465 -0.695563
-0.000000 0.000000 -1.000000
-0.000000 0.000000 1.000000
-0.000000 -0.000000 -1.000000
-0.000000 0.000000 1.000000
-0.000000 -0.000000 -1.000000
-0.000000 -0.000000 -1.000000
-0.000000 0.000000 1.000000
-0.000000 0.000000 -1.000000
-0.000000 -1.000000 -0.000819
-0.000000 0.000000 -1.000000
-0.000000 0.000000 -1.000000
-0.000000 0.000000 -1.000000
-0.000000 0.000000 1.000000
-0.000001 0.000000 -1.000000
-0.000001 -0.000000 -1.000000
-0.000001 0.000000 -1.000000
-0.000002 0.000473 -1.000000
-0.000003 -0.000006 -1.000000
-0.000003 0.000696 -1.000000
-0.000004 -0.000001 -1.000000
-0.000030 -0.083787 0.996484
-0.000051 0.011407 -0.999935
-0.000078 0.000123 -1.000000
-0.000096 0.000077 1.000000
-0.000119 1.000000 0.000180
-0.000290 1.000000 0.000096
-0.000326 1.000000 -0.000038
-0.000327 -0.706944 -0.707269
-0.000899 0.741802 0.670618
-0.001034 0.999999 0.000000
-0.001214 -0.707390 0.706822
-0.001364 -0.999999 0.000001
-0.001427 -0.999998 -0.001336
-0.001702 0.999999 0.000000
-0.001812 -0.999995 -0.002572
-0.002882 -0.999896 0.014160
-0.002882 -0.999996 0.000001
-0.002882 0.999996 0.000000
-0.003089 -0.999899 0.013860
-0.003411 -0.794475 -0.607288
-0.006905 0.999976 0.000000
-0.006914 -0.005343 0.999962
-0.009015 -0.999959 0.000000
-0.009766 0.999952 0.000001
-0.011802 -0.999930 0.000000
-0.012132 -0.090393 0.995832
-0.012302 -0.004398 0.999915
-0.014791 -0.090274 0.995807
-0.016026 0.694949 0.718880
-0.016544 -0.556863 -0.830440
-0.017160 0.989771 -0.141628
-0.022861 -0.999739 -0.000145
-0.034884 0.865536 0.499630
-0.040839 0.851081 0.523444
-0.042086 0.555105 0.830715
-0.056931 -0.143584 0.987999
-0.062176 -0.185577 0.980661
-0.065870 -0.097733 0.993030
-0.083899 -0.755035 -0.650294
-0.086644 0.000000 0.996239
-0.144115 0.909903 0.388982
-0.144115 0.909904 0.388981
-0.156434 -0.987688 0.000000
-0.162636 0.702953 -0.692392
-0.193530 -0.981094 -0.000003
-0.202357 0.622791 0.755767
-0.213362 -0.099859 0.971856
-0.230523 -0.973067 0.000000
-0.234421 0.889352 0.392556
-0.235241 0.949176 -0.209110
-0.240843 -0.887578 0.392684
-0.240843 0.887579 0.392681
-0.246734 -0.759368 0.602066
-0.262887 0.964827 -0.000062
-0.270602 0.270598 -0.923878
-0.289980 0.957033 0.000301
-0.292230 0.473822 0.830719
-0.309017 0.951057 0.000000
-0.321038 0.679039 -0.660182
-0.324150 0.350236 -0.878784
-0.326569 -0.449486 0.831454
-0.326570 -0.449485 0.831454
-0.326859 0.859629 0.392684
-0.330051 -0.943963 0.000108
-0.332317 0.628275 -0.703446
-0.333096 -0.857290 0.392556
-0.333394 0.632042 0.699551
-0.335975 0.659392 -0.672549
-0.335976 0.659391 0.672550
-0.336482 0.633166 0.697052
-0.339226 0.633090 -0.695789
-0.340781 -0.644278 -0.684671
-0.348510 -0.937305 0.000000
-0.354040 0.551623 0.755227
-0.358723 -0.933444 0.000003
-0.362935 0.693076 0.622835
-0.364311 0.688857 0.626700
-0.376356 -0.659530 -0.650674
-0.389868 0.817021 0.424829
-0.396610 -0.598038 -0.696457
-0.396610 0.598038 0.696457
-0.413920 0.000000 0.910313
-0.422414 -0.583715 -0.693429
-0.422604 0.000325 -0.906314
-0.426515 -0.574501 -0.698594
-0.427953 0.025852 0.903431
-0.440814 -0.636168 0.633224
-0.449120 -0.893471 0.000086
-0.449176 -0.893443 0.000095
-0.460479 -0.311269 0.831307
-0.463594 0.003486 0.886041
-0.469361 0.736133 0.487656
-0.470921 -0.882176 0.000000
-0.470921 -0.882176 0.000000
-0.471668 -0.876998 -0.091676
-0.482455 0.011901 0.875840
-0.496610 0.864062 0.082311
-0.496951 -0.504084 -0.706356
-0.497913 -0.504826 0.705148
-0.502373 0.222975 -0.835406
-0.503824 0.859294 0.088177
-0.508553 -0.861028 0.002091
-0.517538 0.526531 0.674477
-0.534129 0.153737 0.831307
-0.543129 0.838392 0.045920
-0.543131 0.838390 0.045958
-0.544314 -0.838881 0.000000
-0.544320 0.838877 0.000000
-0.546807 0.289915 -0.785463
-0.548138 -0.159805 0.820979
-0.548648 0.086896 0.831526
-0.552263 0.573360 0.605197
-0.552277 0.573270 0.605270
-0.553177 0.003971 0.833055
-0.576116 -0.288291 0.764839
-0.581711 -0.712399 0.392556
-0.582390 -0.286362 -0.760802
-0.582390 -0.286362 0.760802
-0.582390 0.286361 0.760802
-0.589980 0.316672 -0.742727
-0.594090 -0.804397 0.001741
-0.620698 0.784050 0.000000
-0.629918 -0.776662 -0.000678
-0.652175 -0.344525 -0.675256
-0.654526 0.756040 0.000031
-0.656869 -0.754005 0.000000
-0.666329 -0.745658 -0.000000
-0.667669 0.438458 0.601641
-0.680386 0.732854 0.000000
-0.682045 -0.370286 0.630637
-0.683489 0.729961 0.000000
-0.691998 -0.656667 -0.299878
-0.701263 0.712903 0.000000
-0.705066 -0.709142 0.000000
-0.705066 0.709141 0.000000
-0.706113 -0.708099 -0.000000
-0.709142 -0.705066 0.000000
-0.709142 -0.705065 0.000000
-0.709142 0.705065 0.000000
-0.709142 0.705065 0.000000
-0.709143 -0.705065 0.000000
-0.709143 0.705065 0.000001
-0.709480 0.704726 0.000000
-0.709480 0.704726 -0.000000
-0.712398 0.581711 0.392557
-0.717260 0.591370 0.368538
-0.721943 0.477174 -0.501102
-0.725599 -0.561420 0.397886
-0.730114 0.576541 0.366789
-0.743892 -0.540468 0.393088
-0.743893 0.540471 0.393083
-0.746005 0.650504 0.142550
-0.751754 0.028235 0.658839
-0.751990 0.009992 0.659099
-0.752208 -0.008045 0.658877
-0.759367 0.246733 0.602066
-0.759367 -0.246733 0.602067
-0.761123 0.470139 -0.446835
-0.765713 -0.000003 0.643182
-0.773383 -0.497774 0.392555
-0.774186 -0.000060 -0.632958
-0.787779 0.615958 0.000042
-0.787779 0.615958 0.000000
-0.787807 -0.615922 0.000000
-0.792115 -0.000044 -0.610372
-0.797878 -0.037727 0.601637
-0.809017 -0.587785 0.000000
-0.809017 0.587785 0.000000
-0.809017 0.587785 0.000000
-0.818164 -0.224810 -0.529215
-0.825192 0.000000 0.564853
-0.826899 -0.339348 -0.448421
-0.827735 -0.107817 0.550664
-0.847594 0.530645 0.000000
-0.847594 0.530645 -0.000000
-0.847594 -0.530645 -0.000000
-0.848416 -0.494484 -0.188882
-0.850747 -0.026958 -0.524883
-0.866634 -0.498945 0.000000
-0.876997 0.471670 -0.091671
-0.887579 0.240844 0.392681
-0.888202 0.459451 -0.001296
-0.894212 -0.447643 0.000000
-0.900745 -0.434339 0.002857
-0.908261 0.418403 -0.000731
-0.910425 -0.000062 0.413674
-0.933444 -0.358723 0.000000
-0.933444 0.358722 -0.000020
-0.934370 0.356305 -0.000004
-0.951910 0.255044 -0.169763
-0.956081 0.293102 -0.000101
-0.965306 -0.261121 0.000060
-0.965713 -0.259612 0.000538
-0.968288 -0.249838 -0.000000
-0.988520 0.151088 0.000000
-0.996265 -0.086352 -0.000030
-0.997385 0.060413 0.039672
-0.998211 -0.059126 -0.008863
-0.998288 -0.058443 0.002365
-0.999627 -0.001410 0.027261
-0.999993 0.003383 -0.001817
-0.999996 -0.002574 -0.001171
-0.999997 -0.001829 -0.001706
-0.999997 0.002496 -0.000001
-0.999997 0.002497 0.000000
-0.999999 0.000475 -0.001105
-1.000000 -0.000277 -0.000668
-1.000000 0.000047 -0.000626
0.000000 0.000000 -1.000000
0.000000 0.000000 1.000000
0.000000 0.000000 1.000000
0.000000 0.000000 1.000000
0.000000 0.000000 -1.000000
0.000000 0.000000 1.000000
0.000000 0.000000 1.000000
0.000000 0.000000 1.000000
0.000000 0.000000 1.000000
0.000000 -0.000000 -1.000000
0.000000 0.000000 1.000000
0.000000 0.000000 -1.000000
0.000000 0.000000 -1.000000
0.000000 0.000000 -1.000000
0.000000 0.000000 1.000000
0.000000 0.000000 1.000000
0.000000 0.000000 1.000000
0.000000 0.742291 -0.670077
0.000000 0.000000 -1.000000
0.000000 0.000000 1.000000
0.000000 0.000000 1.000000
0.000000 0.742291 -0.670078
0.000001 0.461640 -0.887067
0.000001 0.000000 -1.000000
0.000001 0.000000 -1.000000
0.000001 0.000000 -1.000000
0.000004 -0.000001 -1.000000
0.000004 0.000473 -1.000000
0.000004 0.000696 -1.000000
0.000094 0.000218 -1.000000
0.000211 0.724809 -0.688950
0.000281 -0.707875 0.706337
0.000296 1.000000 0.000114
0.000326 1.000000 -0.000039
0.000335 -1.000000 -0.000814
0.000378 0.878460 0.477816
0.000515 0.741331 0.671139
0.000672 -0.708727 -0.705483
0.001034 0.999999 0.000000
0.001102 -0.707993 -0.706219
0.001396 -0.999998 -0.001236
0.001416 -0.999998 -0.001302
0.001471 -0.384269 -0.923220
0.001748 -0.999999 0.000000
0.002336 0.994687 -0.102915
0.002882 -0.999996 0.000000
0.002882 -0.999996 0.000000
0.002882 0.999996 0.000000
0.002883 0.999996 0.000000
0.002883 -0.999996 0.000000
0.002883 -0.999996 0.000000
0.002883 -0.999996 0.000000
0.003972 0.786888 0.617083
0.004623 0.904060 -0.427381
0.006905 0.999976 0.000000
0.007362 -0.037717 0.999261
0.007790 -0.999945 0.007070
0.009015 -0.999959 0.000000
0.011802 -0.999930 0.000000
0.012684 -0.999920 -0.000001
0.014423 0.220384 0.975306
0.016200 0.224847 0.974259
0.018842 -0.555494 0.831307
0.019378 0.669398 0.742651
0.034871 0.865539 0.499626
0.074819 -0.099169 0.992254
0.131509 0.540938 0.830718
0.144114 0.909904 0.388982
0.210677 0.770486 0.601637
0.211562 -0.514927 0.830718
0.213308 -0.099889 0.971865
0.213362 -0.099859 0.971856
0.253508 0.789656 0.558729
0.270618 -0.695208 -0.665922
0.271289 0.857840 0.436477
0.283611 0.954288 -0.094333
0.290947 0.744084 0.601406
0.292230 -0.473822 0.830719
0.299385 -0.938121 -0.174060
0.315385 -0.604037 0.731896
0.315886 -0.604998 -0.730886
0.326569 0.449486 0.831453
0.330446 -0.943825 0.000116
0.339226 0.633090 -0.695789
0.352519 0.756180 0.551292
0.358723 -0.933444 0.000003
0.359291 0.547988 0.755393
0.366075 0.845257 0.389268
0.395435 -0.707035 0.586288
0.411322 -0.709418 0.572311
0.413918 0.000000 0.910314
0.415222 -0.507174 0.755225
0.424347 -0.360328 0.830719
0.431634 0.026456 0.901661
0.436708 -0.002173 -0.899601
0.440733 -0.540718 0.716504
0.440814 -0.636169 -0.633224
0.441043 0.703494 -0.557295
0.449686 -0.893187 0.000177
0.451195 -0.534614 -0.714570
0.460479 -0.311267 0.831307
0.470921 -0.882175 0.000000
0.470922 0.882175 0.000001
0.470925 0.882173 0.000000
0.471309 -0.881968 0.000000
0.472305 0.881435 0.000000
0.472306 0.881435 0.000000
0.483847 -0.516743 -0.706306
0.484460 -0.519323 -0.703990
0.496611 0.864062 0.082310
0.496985 -0.867759 0.001133
0.497874 -0.504701 0.705265
0.497913 -0.504826 0.705148
0.505378 0.538811 -0.674000
0.511045 -0.410142 0.755392
0.511914 0.760145 0.400155
0.514925 -0.211562 0.830719
0.520898 0.528868 0.670048
0.529854 0.573235 0.625025
0.539118 0.831874 0.131668
0.544314 0.838881 0.000000
0.544320 0.838878 0.000000
0.548867 -0.086933 0.831377
0.549830 0.085679 -0.830871
0.550050 -0.085581 -0.830735
0.550391 0.648441 0.525922
0.552556 0.350822 0.756046
0.555594 -0.000000 0.831454
0.555594 0.000000 0.831454
0.576116 0.288293 0.764838
0.587785 -0.809017 0.000000
0.588867 0.808173 0.009599
0.593580 -0.804775 0.000000
0.593818 -0.804599 0.000811
0.593905 -0.804534 0.001110
0.594090 -0.804397 0.001741
0.603108 0.438182 -0.666526
0.605889 0.648353 0.461017
0.609507 -0.739158 -0.286612
0.612392 0.106695 -0.783321
0.612773 -0.232146 0.755392
0.615819 -0.118200 -0.778971
0.620698 0.784050 0.000000
0.629622 0.776902 -0.000025
0.634031 -0.166251 0.755225
0.635996 0.310335 -0.706542
0.646297 -0.687650 -0.330813
0.656044 -0.331293 -0.678123
0.656869 -0.754005 0.000000
0.676981 -0.351929 -0.646408
0.680385 0.732855 0.000000
0.693723 -0.151657 0.704095
0.701265 0.712901 0.000000
0.701666 0.712506 0.000000
0.705066 -0.709142 0.000000
0.705737 -0.708473 0.000481
0.706113 -0.708099 -0.000000
0.707106 0.707107 -0.000001
0.707106 0.707107 0.000001
0.707106 0.707107 -0.000002
0.707108 -0.707106 -0.000005
0.708693 -0.705517 0.000000
0.708995 -0.230367 -0.666526
0.709142 0.705066 0.000000
0.709142 -0.705066 0.000000
0.709142 0.705066 0.000000
0.709143 -0.705065 0.000000
0.709170 -0.705038 0.000362
0.709480 -0.704726 0.000000
0.709480 0.704726 0.000000
0.709481 -0.704725 0.000000
0.712314 -0.349551 0.608624
0.717260 0.591370 0.368538
0.725599 -0.561421 0.397886
0.732722 -0.397868 -0.552105
0.736673 0.676249 0.000000
0.751744 0.028198 0.658852
0.751959 0.009932 0.659135
0.761844 0.469045 -0.446755
0.787779 0.615958 -0.000025
0.787825 -0.615899 -0.000000
0.809017 0.587785 0.000000
0.822690 -0.324810 -0.466562
0.827183 -0.160153 -0.538628
0.846149 -0.477034 -0.237635
0.847594 0.530645 -0.000000
0.847641 0.530571 0.000025
0.857638 -0.029444 0.513411
0.865775 -0.500433 0.000000
0.866633 -0.498946 0.000000
0.869693 0.144993 0.471818
0.878757 -0.477269 0.000000
0.878759 -0.477266 0.000000
0.878975 0.128692 -0.459175
0.887579 0.240844 0.392680
0.889352 -0.234422 0.392555
0.891294 -0.086431 0.445112
0.894213 -0.447642 0.000000
0.908262 0.418401 0.000732
0.908262 0.418401 -0.000732
0.909473 -0.415762 0.000667
0.909842 -0.414955 -0.000266
0.910408 0.000005 0.413711
0.918265 0.051875 0.392554
0.925246 -0.379367 0.000076
0.933290 0.301931 -0.194440
0.937648 -0.347587 0.000000
0.961565 -0.218706 -0.166011
0.963820 0.266553 0.000000
0.965304 -0.261130 -0.000061
0.966024 -0.258451 0.000000
0.966024 0.258452 0.000000
0.987689 0.156431 -0.000001
0.989771 0.017159 -0.141628
0.998288 -0.058443 0.002364
0.998510 -0.050897 -0.019694
0.998533 -0.053854 0.005688
0.998565 -0.049687 -0.019953
0.998661 0.047479 0.020526
0.998704 -0.050891 -0.000000
0.998704 0.050891 0.000000
0.998704 0.050891 0.000000
0.998704 -0.050890 0.000000
0.999888 -0.005609 -0.013891
0.999972 0.004347 -0.006149
0.999982 0.005301 -0.002792
0.999994 0.003483 0.000815
0.999996 -0.002573 -0.001171
0.999998 0.002051 0.000000
-0.000000 -0.360365 -0.932811
-0.000000 0.000000 -1.000000
-0.000000 -0.000000 -1.000000
-0.000000 0.000000 1.000000
-0.000000 -0.000000 1.000000
-0.000000 0.000000 -1.000000
-0.000000 -0.000000 1.000000
-0.000000 0.000000 1.000000
-0.000000 0.000000 1.000000
-0.000000 0.000000 1.000000
-0.000000 0.000000 1.000000
-0.000000 0.000000 1.000000
-0.000000 0.000000 -1.000000
-0.000000 0.000000 -1.000000
-0.000000 0.000002 -1.000000
-0.000000 0.000000 1.000000
-0.000000 0.000000 1.000000
-0.000000 -0.000000 -1.000000
-0.000000 0.000000 1.000000
-0.000000 0.000000 1.000000
-0.000000 0.742291 -0.670078
-0.000000 0.000000 -1.000000
-0.000000 0.000000 1.000000
-0.000000 0.000000 -1.000000
-0.000000 0.742291 -0.670078
-0.000001 0.000000 -1.000000
-0.000001 0.000000 -1.000000
-0.000001 0.000000 1.000000
-0.000001 0.000000 1.000000
-0.000001 0.000001 -1.000000
-0.000001 0.000000 -1.000000
-0.000001 0.878505 0.477733
-0.000001 0.000000 -1.000000
-0.000001 0.846939 0.531690
-0.000001 0.000000 -1.000000
-0.000002 0.000000 1.000000
-0.000004 0.000473 -1.000000
-0.000006 0.000005 1.000000
-0.000008 0.000007 1.000000
-0.000055 -0.000020 -1.000000
-0.000094 0.000218 1.000000
-0.000103 0.000275 1.000000
-0.000156 1.000000 0.000182
-0.000344 1.000000 0.000066
-0.000423 1.000000 -0.000362
-0.000493 -0.707945 -0.706268
-0.000493 -0.709466 0.704739
-0.000515 0.741331 0.671139
-0.000671 -0.707207 0.707006
-0.000727 -0.708633 -0.705577
-0.001034 0.999999 0.000000
-0.001656 0.999863 0.016447
-0.001702 0.999999 0.000000
-0.001748 -0.999998 0.000000
-0.002407 -0.721417 0.692497
-0.002882 0.999996 0.000000
-0.002883 -0.999996 0.000000
-0.002883 -0.999996 0.000000
-0.003174 -0.794532 -0.607214
-0.003972 0.786888 0.617083
-0.004033 0.903916 -0.427690
-0.004623 0.904060 -0.427381
-0.005468 -0.669275 -0.742995
-0.007362 -0.037717 0.999261
-0.008279 0.999963 -0.002147
-0.011979 0.846077 0.532926
-0.013353 -0.348853 -0.937082
-0.018443 0.949549 -0.313076
-0.018842 0.555494 0.831307
-0.035578 -0.035580 -0.998733
-0.071107 -0.962678 -0.261140
-0.074829 -0.099184 0.992252
-0.078370 0.000004 0.996924
-0.131509 -0.540936 0.830718
-0.156434 -0.987688 0.000001
-0.156434 0.987688 -0.000001
-0.156434 -0.987688 0.000000
-0.166251 -0.634031 0.755225
-0.189577 0.522484 0.831307
-0.194346 -0.913436 -0.357582
-0.210677 -0.770485 0.601637
-0.211562 -0.514925 0.830719
-0.230523 0.973067 0.000000
-0.246733 -0.759368 0.602066
-0.246734 0.759368 0.602066
-0.246734 0.759368 0.602065
-0.256598 0.000014 0.966518
-0.299385 -0.938121 -0.174060
-0.306053 0.755047 -0.579858
-0.309017 0.951057 0.000000
-0.330022 -0.943973 0.000116
-0.333097 0.857291 0.392554
-0.335977 -0.659392 0.672549
-0.336941 0.632261 -0.697650
-0.341755 -0.438329 0.831307
-0.345939 0.660640 0.666244
-0.352518 0.756182 0.551289
-0.362905 0.693166 0.622753
-0.366075 0.845257 0.389268
-0.380764 -0.722244 0.577392
-0.383195 -0.743002 -0.548734
-0.423786 -0.000030 0.905762
-0.424348 -0.360328 0.830718
-0.431617 0.026454 0.901669
-0.431634 0.026456 0.901661
-0.434920 -0.006731 0.900444
-0.438184 0.603108 -0.666525
-0.441022 0.703468 -0.557344
-0.441022 0.703468 0.557345
-0.441618 -0.768042 -0.463772
-0.449689 -0.893185 0.000177
-0.460478 0.311269 0.831307
-0.461890 -0.544861 0.699846
-0.469361 0.736133 -0.487655
-0.470922 0.882175 0.000000
-0.470924 0.882174 0.000000
-0.471308 -0.881969 0.000000
-0.471309 0.881968 0.000000
-0.472303 0.881436 -0.000002
-0.474588 0.880208 0.000000
-0.485645 0.303872 -0.819641
-0.490197 -0.041956 0.870601
-0.495624 -0.868534 0.002249
-0.496805 -0.503618 -0.706791
-0.499143 0.866429 0.012527
-0.499502 0.623319 0.601641
-0.499891 -0.507691 0.701683
-0.499997 -0.499997 -0.707111
-0.502371 0.222957 -0.835412
-0.505371 0.538785 -0.674026
-0.517524 0.526677 0.674375
-0.525900 -0.850506 0.008316
-0.534129 -0.153738 0.831306
-0.541494 -0.575207 0.613124
-0.543128 0.838394 0.045910
-0.544314 0.838881 0.000000
-0.546336 -0.563530 0.619638
-0.548648 0.086896 -0.831525
-0.550049 -0.085580 0.830736
-0.551626 0.354042 0.755224
-0.555594 0.000000 0.831454
-0.572976 0.727321 0.377760
-0.576155 0.288279 -0.764814
-0.576155 -0.288279 -0.764814
-0.583010 0.756535 -0.296233
-0.587786 -0.809017 0.000000
-0.587786 -0.809017 0.000000
-0.588867 0.808173 0.009599
-0.590457 0.628348 -0.506498
-0.593386 -0.601028 -0.535405
-0.593580 -0.804775 0.000000
-0.593924 -0.804520 0.001173
-0.603108 0.438182 -0.666526
-0.603109 -0.438184 -0.666525
-0.605889 0.648353 0.461017
-0.612772 0.232146 0.755393
-0.612773 0.232146 0.755392
-0.615804 0.787899 0.000008
-0.620698 0.784050 0.000000
-0.628839 -0.777536 0.000440
-0.629622 0.776902 0.000000
-0.632177 0.771650 0.070057
-0.654840 0.000000 0.755767
-0.654841 0.000000 0.755767
-0.654842 0.000000 0.755766
-0.657510 -0.730713 -0.183680
-0.664470 0.346271 -0.662250
-0.672374 -0.181637 0.717580
-0.680386 0.732854 0.000000
-0.682366 0.731011 0.000000
-0.682404 -0.730975 -0.000050
-0.693520 -0.693520 -0.195090
-0.693718 -0.151675 0.704095
-0.694902 -0.347867 -0.629365
-0.695186 -0.718830 0.000000
-0.701270 0.712896 0.000000
-0.701666 0.712506 0.000000
-0.704506 0.704506 -0.085689
-0.704726 -0.709480 -0.000000
-0.705066 -0.709142 0.000000
-0.705520 -0.351253 0.615518
-0.706113 -0.708099 -0.000000
-0.707105 -0.707109 0.000002
-0.707112 -0.707101 -0.000002
-0.708693 -0.705517 0.000000
-0.708996 -0.230367 -0.666525
-0.709092 -0.705114 0.001656
-0.709102 -0.705026 0.010556
-0.709103 -0.705026 0.010557
-0.709142 0.705066 0.000000
-0.709142 -0.705066 0.000000
-0.709142 0.705066 0.000000
-0.709143 0.705065 0.000000
-0.709143 0.705065 0.000000
-0.709143 -0.705065 -0.000000
-0.709158 0.705050 0.000062
-0.709341 0.704865 -0.000540
-0.736673 0.676249 0.000000
-0.745483 -0.000000 -0.666525
-0.752243 -0.008163 0.658835
-0.761844 0.469044 -0.446755
-0.761947 0.468889 -0.446744
-0.776916 -0.629604 0.000000
-0.787825 -0.615899 0.000000
-0.798837 0.396858 0.452067
-0.822690 -0.324810 -0.466562
-0.825194 -0.000001 0.564849
-0.828743 -0.099475 0.550717
-0.830992 -0.355103 -0.428199
-0.831755 -0.184638 0.523539
-0.832267 -0.212909 -0.511861
-0.837788 -0.482338 0.255854
-0.837788 -0.482338 0.255854
-0.837788 -0.482338 0.255854
-0.847655 -0.530548 -0.000000
-0.849795 -0.022587 -0.526629
-0.850727 -0.026925 -0.524918
-0.857638 -0.029441 0.513411
-0.859630 -0.326860 0.392681
-0.865775 -0.500433 0.000000
-0.866565 -0.429369 -0.254376
-0.866565 -0.429369 -0.254376
-0.866565 -0.429369 -0.254376
-0.866633 -0.498946 0.000000
-0.866633 -0.498945 -0.001025
-0.872177 -0.028581 0.488355
-0.878757 -0.477269 0.000000
-0.878759 -0.477266 0.000000
-0.884479 0.105344 -0.454533
-0.887578 0.240841 0.392684
-0.887803 0.460223 -0.000253
-0.890724 -0.454515 -0.005279
-0.890981 -0.454011 0.005070
-0.894212 -0.447643 0.000000
-0.906295 -0.231909 -0.353337
-0.908977 -0.416846 0.000074
-0.909189 0.416355 -0.004859
-0.921480 0.388394 0.004934
-0.926193 0.376972 -0.007699
-0.931262 0.233421 -0.279761
-0.935490 -0.353353 0.000016
-0.937648 0.347586 0.000000
-0.937650 0.347581 -0.000000
-0.947547 -0.039794 -0.317130
-0.952960 -0.303097 0.000153
-0.953892 -0.245221 -0.173082
-0.954288 -0.283611 -0.094331
-0.961565 -0.218708 -0.166012
-0.968289 -0.249834 0.000000
-0.968289 0.249834 0.000000
-0.968420 0.000010 0.249325
-0.974500 0.224385 -0.000426
-0.974500 0.224385 0.000426
-0.989771 0.017159 -0.141628
-0.990252 -0.000022 -0.139286
-0.997386 0.060397 0.039670
-0.998510 -0.050897 -0.019694
-0.998533 -0.053853 0.005688
-0.998661 0.047480 0.020526
-0.998704 -0.050891 0.000000
-0.998704 0.050890 0.000000
-0.998906 -0.046051 -0.008072
-0.999455 -0.031160 -0.010871
-0.999972 0.004353 -0.006119
-0.999986 0.005373 -0.000476
-0.999993 0.003298 -0.001701
-0.999998 0.002050 0.000000
0.000000 1.000000 -0.000001
0.000000 -0.000000 -1.000000
0.000000 0.000000 1.000000
0.000000 0.000001 -1.000000
0.000000 -0.000000 -1.000000
0.000000 0.000000 1.000000
0.000000 0.000000 -1.000000
0.000000 1.000000 0.000000
0.000000 -0.654841 0.755767
0.000000 0.000000 -1.000000
0.000000 0.000001 -1.000000
0.000000 -0.000000 -1.000000
0.000000 -0.000000 -1.000000
0.000000 0.000000 1.000000
0.000000 0.000000 -1.000000
0.000001 0.000000 -1.000000
0.000001 -0.000000 -1.000000
0.000001 0.000001 -1.000000
0.000001 -0.000000 1.000000
0.000001 0.000000 -1.000000
0.000001 0.000000 -1.000000
0.000001 0.000000 1.000000
0.000058 0.878498 0.477746
0.000067 0.000006 -1.000000
0.000136 -0.020778 0.999784
0.000294 0.743584 -0.668643
0.000317 1.000000 0.000002
0.000389 -0.708394 0.705817
0.000423 1.000000 -0.000362
0.000500 -1.000000 -0.000810
0.000751 1.000000 0.000262
0.000768 0.743135 0.669141
0.000835 0.941194 -0.337865
0.001034 0.999999 0.000000
0.001158 -0.717519 -0.696538
0.001211 -0.705863 -0.708347
0.001214 -0.707390 0.706823
0.001747 -0.722910 -0.690940
0.002882 -0.999896 0.014160
0.002882 0.999996 0.000000
0.002981 0.994728 -0.102502
0.004232 0.903965 -0.427586
0.004424 0.904012 -0.427485
0.005467 -0.669275 -0.742995
0.005888 -0.003121 0.999978
0.006905 0.999976 0.000000
0.006905 0.999976 0.000000
0.006905 0.999976 0.000001
0.009015 -0.999959 0.000000
0.018457 0.949564 -0.313028
0.020258 -0.010771 0.999737
0.020275 -0.010769 0.999736
0.021390 0.699036 0.714767
0.022861 -0.999739 0.000007
0.023674 0.829668 0.557755
0.046063 -0.163018 0.985547
0.078314 -0.000034 0.996929
0.083911 -0.755036 -0.650292
0.113381 0.811234 -0.573623
0.153738 0.534128 0.831307
0.156434 -0.987688 0.000001
0.189578 0.522484 0.831307
0.195772 -0.719724 -0.666086
0.230523 -0.973067 0.000000
0.230524 0.973067 0.000000
0.246734 -0.759368 0.602065
0.255046 0.951910 -0.169761
0.262030 0.965060 -0.000206
0.270601 0.270599 -0.923878
0.309017 0.951056 0.000000
0.326570 -0.449485 0.831454
0.330025 -0.943972 0.000115
0.330432 -0.943830 0.000113
0.337018 0.632289 -0.697588
0.348510 -0.937305 0.000000
0.362935 0.693076 0.622835
0.369906 -0.699441 0.611515
0.383195 -0.743002 -0.548734
0.389868 0.817023 0.424825
0.389868 0.817025 0.424821
0.395430 -0.707031 0.586295
0.422414 -0.583716 -0.693428
0.430963 0.672744 0.601404
0.435546 0.763570 -0.476718
0.438184 0.603108 -0.666524
0.440872 0.837755 -0.322179
0.442047 0.306171 -0.843121
0.456184 0.870113 -0.186546
0.464942 0.000000 0.885341
0.470551 -0.668586 -0.575825
0.470921 -0.882175 0.000000
0.470925 0.882174 0.000000
0.472299 0.881438 -0.000006
0.472306 0.881435 0.000186
0.474588 0.880208 0.000000
0.490884 0.871225 -0.000037
0.498083 -0.505365 0.704642
0.502926 0.230671 -0.832981
0.504690 0.539005 0.674360
0.504778 0.539369 0.674003
0.505969 -0.862551 -0.000096
0.506931 -0.861986 0.000718
0.507283 -0.861779 0.001016
0.512040 0.760066 0.400143
0.514926 0.211562 0.830718
0.517560 0.526316 0.674628
0.519888 0.527843 -0.671639
0.534129 -0.153737 0.831307
0.538449 0.836617 0.100716
0.545512 -0.580417 0.604594
0.552264 0.573359 0.605197
0.552556 0.350821 -0.756047
0.553591 0.812428 -0.183026
0.555594 -0.000000 0.831454
0.572976 0.727321 0.377760
0.573156 0.000000 0.819446
0.578072 -0.815986 -0.000000
0.581711 0.712400 0.392554
0.581711 -0.712399 0.392555
0.589980 0.316673 -0.742726
0.605701 0.795619 0.010798
0.612772 -0.232146 0.755393
0.620698 0.784050 -0.000000
0.629622 -0.776902 0.000002
0.629918 -0.776662 -0.000678
0.632189 0.771636 0.070102
0.633297 0.306397 0.710673
0.633302 0.306399 0.710667
0.634030 0.166251 0.755226
0.646297 -0.687651 -0.330812
0.657524 -0.730710 -0.183644
0.663203 0.722613 -0.194916
0.676244 -0.037723 0.735711
0.676992 -0.351930 -0.646395
0.680386 0.732854 0.000000
0.682045 -0.370285 0.630637
0.682046 -0.370284 -0.630637
0.682386 -0.730992 0.000040
0.690053 -0.565791 0.451340
0.695186 -0.718830 0.000000
0.695186 -0.718829 0.000000
0.695186 -0.718829 0.000000
0.696086 -0.348461 0.627725
0.701151 0.713013 0.000000
0.701265 0.712901 0.000000
0.704726 0.709480 0.000000
0.705066 -0.709142 0.000000
0.705066 0.709142 0.000000
0.705066 0.709142 0.000000
0.705066 0.709142 0.000000
0.707104 0.707110 -0.000001
0.707106 -0.707107 -0.000001
0.707109 -0.707105 -0.000001
0.707109 0.707104 -0.000001
0.708996 0.230366 -0.666526
0.709142 0.705066 0.000000
0.709142 -0.705066 0.000000
0.709143 -0.705065 0.000000
0.709165 -0.705042 0.001522
0.709480 0.704726 0.000000
0.709480 0.704726 -0.000738
0.709480 0.704725 0.000000
0.717292 -0.696772 0.000000
0.727484 0.364935 0.581024
0.730112 0.576541 0.366792
0.736847 0.361589 0.571236
0.738680 -0.082013 0.669049
0.743893 0.540471 0.393083
0.743986 0.654153 0.136263
0.744085 0.290946 0.601405
0.744851 0.652603 0.138943
0.748153 -0.000009 0.663527
0.749476 0.545973 0.374433
0.751746 0.028206 0.658849
0.752211 -0.008052 0.658873
0.752225 -0.008100 0.658856
0.759368 0.246733 0.602065
0.765910 -0.466744 0.442190
0.773384 -0.497774 0.392553
0.784738 0.388466 -0.482991
0.787802 0.615929 0.000005
0.792027 0.000003 -0.610486
0.798447 0.000000 0.602065
0.798929 0.398528 0.450431
0.809017 0.587785 0.000000
0.818190 -0.224787 -0.529184
0.827521 0.561428 0.002735
0.833975 0.551802 -0.000282
0.845170 0.103620 -0.524357
0.846159 -0.477022 -0.237623
0.847641 0.530570 0.000000
0.847645 0.530564 -0.000018
0.848083 -0.474097 -0.236616
0.850913 -0.027859 -0.524567
0.854465 -0.029686 0.518660
0.866565 -0.429369 -0.254376
0.866633 -0.498946 0.000000
0.869701 0.144964 0.471811
0.884480 0.105342 -0.454530
0.888813 0.085098 -0.450300
0.905205 -0.424963 0.003267
0.910441 0.000035 0.413638
0.937647 0.347589 0.000000
0.937648 0.347587 -0.000000
0.937650 -0.347581 -0.000000
0.952955 -0.303111 0.000153
0.954288 -0.283612 -0.094336
0.959668 -0.281120 -0.002946
0.965360 -0.260921 0.000125
0.965454 -0.260506 -0.005832
0.965493 -0.260430 -0.000286
0.965715 -0.259604 0.000538
0.967980 0.228466 -0.104012
0.968288 -0.249836 -0.000000
0.975074 -0.221879 -0.000031
0.996265 -0.086345 -0.000033
0.998211 -0.059126 -0.008858
0.998906 -0.046051 -0.008072
0.999801 0.019856 -0.001898
0.999888 -0.005606 -0.013890
0.999960 -0.003534 -0.008248
0.999964 -0.007102 0.004718
0.999971 -0.005330 -0.005493
0.999972 0.004352 -0.006124
0.999985 0.004416 -0.003224
1.000000 0.000150 -0.000499
-0.000000 1.000000 -0.000001
-0.000000 -0.365977 -0.930624
-0.000000 0.000000 1.000000
-0.000000 0.000000 1.000000
-0.000000 -0.000000 -1.000000
-0.000000 -0.000000 -1.000000
-0.000000 0.000000 -1.000000
-0.000000 0.000000 -1.000000
-0.000000 -0.000000 -1.000000
-0.000000 0.000000 -1.000000
-0.000000 0.000000 -1.000000
-0.000000 0.000000 1.000000
-0.000000 0.000000 1.000000
-0.000000 0.000000 1.000000
-0.000000 0.000000 1.000000
-0.000000 0.000000 -1.000000
-0.000000 0.000000 1.000000
-0.000000 0.000000 -1.000000
-0.000000 0.000000 1.000000
-0.000000 -0.000000 -1.000000
-0.000000 0.000000 1.000000
-0.000000 -0.000000 -1.000000
-0.000000 0.000000 1.000000
-0.000000 0.000000 1.000000
-0.000000 0.000000 -1.000000
-0.000001 0.000000 -1.000000
-0.000001 0.000000 -1.000000
-0.000001 -0.773120 0.634260
-0.000001 0.000000 -1.000000
-0.000001 0.000000 1.000000
-0.000002 0.000696 -1.000000
-0.000003 0.846599 0.532231
-0.000006 0.000698 -1.000000
-0.000175 0.934435 0.356133
-0.000211 0.724808 -0.688951
-0.000226 1.000000 0.000246
-0.000288 1.000000 0.000090
-0.000294 0.743583 -0.668643
-0.000328 1.000000 -0.000043
-0.000335 1.000000 0.000140
-0.000388 -0.706869 -0.707344
-0.000456 -0.709094 -0.705114
-0.000472 -0.804542 -0.593895
-0.000995 -1.000000 0.000051
-0.001034 0.999999 0.000000
-0.001099 -0.706472 0.707740
-0.001102 -0.707992 -0.706219
-0.001620 0.999999 0.000443
-0.001692 -0.999998 -0.000562
-0.002408 -0.016837 -0.999855
-0.002412 -0.721399 0.692515
-0.002534 0.999997 0.000258
-0.002882 -0.999996 -0.000000
-0.002883 -0.999996 0.000000
-0.003678 0.787983 0.615685
-0.004162 -0.794292 -0.607522
-0.005053 -0.900120 -0.435613
-0.005837 -0.358439 -0.933535
-0.006905 0.999976 0.000000
-0.011802 -0.999930 0.000000
-0.014421 0.223201 0.974666
-0.014738 0.836777 0.547346
-0.018466 0.224696 0.974254
-0.020239 -0.010775 0.999737
-0.021390 0.699036 0.714767
-0.023597 0.999721 0.000252
-0.077031 0.620822 -0.780158
-0.122669 -0.576238 -0.808024
-0.144114 -0.909903 0.388983
-0.144114 0.909904 0.388982
-0.156435 -0.987688 0.000000
-0.193564 -0.981088 -0.000003
-0.202357 0.622791 0.755767
-0.211562 0.514926 0.830718
-0.230524 0.973067 0.000000
-0.262030 0.965060 0.000211
-0.263689 0.849954 0.456121
-0.292910 0.956140 -0.000013
-0.300456 -0.029278 0.953346
-0.301231 0.774725 0.555932
-0.301931 -0.933289 -0.194444
-0.317138 -0.605434 -0.729982
-0.318268 -0.605045 0.729812
-0.324885 0.606311 -0.725835
-0.324885 0.606312 -0.725834
-0.329071 0.643911 -0.690717
-0.330446 -0.943825 0.000116
-0.335976 -0.659392 -0.672549
-0.339876 0.634290 0.694378
-0.339877 0.634288 0.694379
-0.359670 0.702839 0.613722
-0.374674 0.927157 -0.000190
-0.384906 -0.529777 0.755767
-0.389823 0.817040 0.424834
-0.415221 -0.507173 0.755226
-0.420285 0.781418 -0.461244
-0.421725 -0.713999 0.558886
-0.438184 0.603108 -0.666524
-0.440695 -0.540710 0.716533
-0.454385 -0.651066 0.607986
-0.460019 0.248729 -0.852360
-0.460480 -0.311267 0.831307
-0.464942 0.000000 0.885341
-0.470921 -0.882175 0.000000
-0.470922 -0.882175 0.000000
-0.472300 0.881438 -0.000004
-0.472305 0.881435 0.000186
-0.474588 0.880208 0.000000
-0.484775 -0.517382 0.705202
-0.484886 -0.517855 0.704778
-0.485859 0.870930 0.073631
-0.491620 -0.870810 -0.000553
-0.496868 -0.503817 -0.706605
-0.498475 -0.866904 -0.000090
-0.498759 -0.507198 -0.702844
-0.502926 0.230671 -0.832981
-0.503332 -0.769712 0.392684
-0.503463 0.305830 0.808080
-0.503778 0.863772 0.010235
-0.505077 0.537570 -0.675216
-0.506340 0.312612 0.803675
-0.511042 -0.410141 0.755394
-0.512040 0.760066 0.400143
-0.517560 0.526316 0.674628
-0.517578 0.415306 -0.748086
-0.518889 0.524204 -0.675252
-0.519683 0.852815 0.051347
-0.529777 0.384905 0.755767
-0.545512 -0.580417 0.604594
-0.548867 -0.086930 0.831378
-0.550388 0.648451 0.525912
-0.552556 -0.350821 -0.756046
-0.553177 0.004020 -0.833054
-0.555164 -0.831741 0.000000
-0.582390 0.286361 -0.760802
-0.583443 0.299389 0.754957
-0.587786 -0.809017 0.000000
-0.589130 0.807977 0.009941
-0.590395 0.807031 0.011588
-0.603109 -0.438183 -0.666525
-0.604395 0.796650 0.007416
-0.615892 -0.787830 -0.000006
-0.629622 -0.776902 0.000000
-0.629920 -0.776659 0.000678
-0.657518 -0.730683 -0.183772
-0.657538 -0.730690 -0.183675
-0.667672 -0.438460 0.601637
-0.676981 -0.351930 -0.646407
-0.680386 0.732854 0.000000
-0.682405 -0.730974 0.000000
-0.686164 0.727447 -0.000809
-0.693519 -0.693520 -0.195092
-0.695186 -0.718830 0.000000
-0.695186 -0.718830 0.000000
-0.695186 -0.718830 0.000000
-0.701151 0.713013 0.000000
-0.701265 0.712901 0.000000
-0.704506 -0.704506 -0.085689
-0.705066 0.709142 0.000000
-0.705067 0.709141 0.000000
-0.706113 -0.708099 -0.000000
-0.707107 0.707107 0.000000
-0.708629 -0.350478 0.612380
-0.709142 0.705066 0.000000
-0.709143 -0.705065 0.000000
-0.709480 -0.704726 0.000000
-0.709480 0.704725 -0.000000
-0.710845 -0.651488 0.265071
-0.716551 -0.576502 0.392682
-0.717292 -0.696772 0.000000
-0.722613 0.663201 -0.194921
-0.735043 -0.678020 0.000000
-0.735043 -0.678021 0.000000
-0.736847 0.361590 0.571235
-0.738680 -0.082013 0.669048
-0.744902 0.652511 0.139101
-0.744920 0.652480 0.139156
-0.753998 0.013856 0.656731
-0.754154 -0.014649 0.656534
-0.759366 -0.246733 0.602068
-0.769712 0.503331 0.392684
-0.787779 -0.615958 0.000000
-0.787802 0.615928 0.000000
-0.809017 0.587785 0.000000
-0.809017 0.587785 0.000000
-0.837509 0.097459 0.537663
-0.837788 -0.482338 0.255854
-0.847641 0.530570 -0.000025
-0.850913 -0.027860 -0.524568
-0.864892 -0.499318 -0.051418
-0.866565 0.000000 -0.499065
-0.866565 -0.429369 -0.254376
-0.866633 -0.498945 0.000000
-0.867129 -0.447825 -0.218036
-0.869702 0.144964 0.471810
-0.872142 -0.028738 0.488408
-0.886209 -0.119031 -0.447733
-0.888812 0.085100 -0.450301
-0.908080 0.418798 0.000000
-0.908084 0.418787 0.000001
-0.909473 -0.415762 0.000666
-0.915707 0.401827 -0.003895
-0.933291 0.301931 -0.194438
-0.937647 0.347589 -0.000000
-0.937650 -0.347581 -0.000000
-0.954555 0.298035 -0.000102
-0.955986 0.293411 -0.000015
-0.959668 -0.281120 -0.002948
-0.961901 0.273400 -0.000149
-0.967979 0.228467 -0.104013
-0.968288 0.249837 0.000000
-0.969601 0.033713 -0.242358
-0.988521 -0.151087 0.000000
-0.988521 -0.151087 -0.000000
-0.988521 0.151087 -0.000000
-0.998417 0.042530 0.036797
-0.998704 -0.050890 0.000000
-0.998704 0.050890 -0.000000
-0.998830 0.047310 0.010039
-0.999801 0.019856 -0.001899
-0.999960 -0.003534 -0.008248
-0.999964 -0.007102 0.004718
-0.999971 -0.005330 -0.005493
-0.999982 0.005228 -0.002837
-0.999985 0.004416 -0.003224
-1.000000 0.000150 -0.000499
0.000000 0.461640 -0.887067
0.000000 0.000000 -1.000000
0.000000 0.000000 1.000000
0.000000 -0.000000 -1.000000
0.000000 0.000000 -1.000000
0.000000 0.000000 -1.000000
0.000000 -0.000000 -1.000000
0.000000 -0.654841 0.755767
0.000000 1.000000 0.000000
0.000000 0.000000 -1.000000
0.000000 -0.654841 0.755767
0.000000 0.000001 -1.000000
0.000000 -0.000000 -1.000000
0.000000 0.742291 -0.670077
0.000000 0.000000 1.000000
0.000000 0.000000 -1.000000
0.000000 0.000000 -1.000000
0.000000 -0.000000 1.000000
0.000000 0.000000 1.000000
0.000000 0.000001 -1.000000
0.000000 0.000001 -1.000000
0.000000 0.000000 -1.000000
0.000000 0.000000 1.000000
0.000000 0.000000 1.000000
0.000000 -0.000000 -1.000000
0.000000 -0.000000 1.000000
0.000000 0.000000 -1.000000
0.000000 0.000000 -1.000000
0.000000 -0.000000 1.000000
0.000000 0.461640 -0.887067
0.000000 0.000000 1.000000
0.000000 0.000000 1.000000
0.000001 0.000000 -1.000000
0.000001 0.878505 0.477733
0.000001 0.000000 -1.000000
0.000002 0.000000 1.000000
0.000003 0.000473 -1.000000
0.000003 -0.000006 -1.000000
0.000017 0.000024 1.000000
0.000017 0.000024 -1.000000
0.000029 -0.985929 0.167164
0.000095 0.000077 -1.000000
0.000096 0.000077 1.000000
0.000226 1.000000 0.000243
0.000281 -0.709393 -0.704813
0.000288 1.000000 0.000090
0.000295 0.742362 -0.669999
0.000318 0.011630 -0.999932
0.000335 1.000000 0.000140
0.000377 1.000000 -0.000019
0.000388 -0.706869 -0.707344
0.000450 -0.708321 0.705891
0.000513 0.739888 -0.672730
0.000671 -0.707208 0.707006
0.000914 -0.802571 -0.596556
0.000918 0.999871 0.016041
0.001099 -0.706473 0.707739
0.001139 -0.999999 0.000000
0.001702 0.999999 0.000000
0.002251 -0.727497 -0.686107
0.002882 -0.999996 0.000000
0.002882 -0.999996 0.000000
0.002883 -0.999996 0.000000
0.002883 -0.999996 0.000000
0.005069 -0.900117 -0.435619
0.005409 0.725570 0.688127
0.006856 -0.373477 -0.927614
0.006905 0.999976 0.000000
0.006905 0.999976 0.000001
0.009015 -0.999959 0.000000
0.013937 0.999877 0.007185
0.016821 -0.354849 -0.934772
0.023598 0.999721 0.000397
0.042086 0.555099 0.830719
0.077023 0.620817 -0.780162
0.078369 -0.000027 0.996924
0.086643 0.000000 0.996239
0.125051 -0.842336 -0.524245
0.144114 -0.909903 0.388983
0.156435 0.987688 -0.000000
0.162635 0.702953 -0.692392
0.200303 -0.979734 0.000003
0.202357 -0.622791 0.755767
0.202357 -0.622791 0.755766
0.222714 0.974884 -0.000003
0.230524 -0.973067 0.000000
0.230524 0.973066 0.000000
0.232145 -0.612769 0.755395
0.233408 0.931250 -0.279810
0.246734 -0.759368 0.602065
0.292231 0.473824 0.830718
0.300456 -0.029279 0.953346
0.301253 0.774716 0.555933
0.319033 -0.880084 -0.351667
0.324149 0.350232 -0.878786
0.324885 0.606311 -0.725835
0.324885 0.606311 -0.725835
0.324886 0.606311 -0.725835
0.326859 0.859630 0.392682
0.329236 -0.944248 -0.000382
0.333096 -0.857290 0.392556
0.336524 0.633182 0.697017
0.341755 0.438330 0.831306
0.347912 -0.756773 -0.553401
0.358334 -0.651969 -0.668231
0.362906 0.693165 0.622754
0.384906 -0.529777 0.755767
0.413914 0.000000 0.910316
0.418382 -0.727941 -0.543193
0.424348 0.360329 0.830718
0.426454 -0.574639 -0.698517
0.440815 -0.636168 0.633224
0.454386 -0.651066 -0.607986
0.469315 -0.645957 0.602066
0.471309 0.881968 0.000000
0.474588 -0.880208 -0.000000
0.484168 -0.518087 -0.705101
0.484887 -0.517855 0.704777
0.495623 -0.868535 0.002249
0.497772 0.773384 0.392557
0.498760 -0.507198 -0.702843
0.499891 -0.507691 0.701683
0.503824 0.859294 0.088175
0.504712 0.539096 0.674271
0.505676 0.540057 -0.672778
0.511044 0.410142 0.755392
0.514925 -0.211563 0.830718
0.517552 0.415348 -0.748081
0.519759 0.527436 -0.672057
0.529777 0.384906 0.755767
0.534129 -0.153736 0.831307
0.541494 -0.575207 0.613124
0.548867 -0.086933 -0.831377
0.549829 0.085679 0.830871
0.550382 0.648455 0.525913
0.555164 -0.831741 0.000000
0.555594 -0.000000 0.831454
0.576116 0.288292 -0.764838
0.583444 0.299390 0.754956
0.587785 0.809017 0.000000
0.593385 -0.601028 -0.535405
0.612771 0.232146 0.755394
0.615805 0.787899 0.000000
0.628836 -0.777538 -0.000440
0.643598 0.756640 0.115231
0.645957 -0.469315 0.602065
0.646907 -0.687184 -0.330588
0.652175 -0.344525 -0.675255
0.680386 0.732854 0.000000
0.682365 -0.731012 0.000100
0.682424 0.730957 -0.000086
0.686164 0.727446 -0.000809
0.686795 0.726851 -0.000250
0.692001 -0.656663 -0.299880
0.693520 -0.693519 -0.195090
0.693708 -0.151689 0.704102
0.693727 -0.151662 0.704089
0.695186 -0.718830 0.000000
0.701666 0.712506 0.000000
0.701666 0.712506 0.000000
0.704726 -0.709479 -0.000000
0.705065 -0.709143 0.000000
0.705066 0.709141 0.000000
0.705067 0.709141 0.000000
0.705067 -0.709141 0.000000
0.705877 -0.708334 0.000764
0.706113 -0.708099 -0.000000
0.707107 -0.707107 0.000000
0.709142 0.705066 0.000000
0.709143 0.705065 0.000000
0.709143 -0.705065 -0.000001
0.709155 0.705053 0.000048
0.709174 0.310234 -0.633109
0.709480 0.704725 -0.000000
0.709481 -0.704724 0.000000
0.717292 -0.696772 0.000000
0.721944 0.477173 -0.501102
0.722613 0.663202 -0.194921
0.725544 0.585468 0.361681
0.732599 0.363121 0.575710
0.734915 0.000037 0.678160
0.735043 -0.678020 0.000000
0.736673 0.676249 0.000000
0.745483 0.000000 -0.666525
0.751953 0.009924 0.659142
0.751959 0.009932 0.659135
0.753997 0.013857 0.656731
0.759368 -0.246733 0.602065
0.784507 0.388498 -0.483340
0.784908 0.388443 -0.482734
0.787802 -0.615928 -0.000020
0.809017 0.587785 0.000000
0.825194 0.000001 0.564849
0.826897 -0.339340 -0.448430
0.836871 0.003470 0.547389
0.838870 -0.544332 0.000000
0.847655 -0.530548 0.000000
0.848236 0.494785 -0.188900
0.862207 0.332206 -0.382411
0.865775 -0.500433 0.000000
0.865776 -0.500433 0.000000
0.876047 -0.342759 -0.339202
0.880209 -0.474586 0.000000
0.880210 0.474585 0.000000
0.886808 0.462136 0.001234
0.887663 -0.112003 -0.446665
0.893748 0.448569 0.001027
0.893840 0.448384 0.001170
0.908978 -0.416844 0.000074
0.910060 0.414340 0.010666
0.910445 0.000007 0.413631
0.915722 0.401794 -0.003928
0.927944 -0.372719 0.000110
0.934368 0.356310 0.000000
0.950899 0.309503 -0.000000
0.963821 0.266551 -0.000012
0.965479 -0.260482 -0.000270
0.968284 -0.249854 0.000018
0.968422 0.000018 0.249315
0.969601 0.033713 -0.242358
0.987688 -0.156434 0.000000
0.988520 -0.151089 -0.000000
0.998778 -0.044368 -0.021779
0.998830 0.047310 0.010039
0.999455 -0.031167 -0.010877
0.999686 -0.005912 -0.024348
0.999954 0.008607 -0.004194
0.999970 0.001036 0.007630
0.999996 -0.002321 0.001524
1.000000 0.000000 0.000000
1.000000 -0.000016 -0.000350
1.000000 -0.000000 0.000000
-0.000000 0.000000 -1.000000
-0.000000 0.000000 -1.000000
-0.000000 -0.000000 1.000000
-0.000000 -0.000000 -1.000000
-0.000000 0.000001 -1.000000
-0.000000 0.000000 -1.000000
-0.000000 0.000000 1.000000
-0.000000 0.000000 -1.000000
-0.000000 0.000002 -1.000000
-0.000000 0.000000 1.000000
-0.000000 -0.000000 -1.000000
-0.000000 0.742291 -0.670078
-0.000000 0.000000 1.000000
-0.000000 0.000000 1.000000
-0.000000 0.000000 -1.000000
-0.000000 0.000000 -1.000000
-0.000000 0.000000 1.000000
-0.000000 0.000000 -1.000000
-0.000000 -0.000000 -1.000000
-0.000000 -0.000000 -1.000000
-0.000000 0.000000 1.000000
-0.000000 0.000001 -1.000000
-0.000000 0.000000 1.000000
-0.000000 -0.000000 -1.000000
-0.000000 0.000000 -1.000000
-0.000000 0.000000 1.000000
-0.000000 0.000000 -1.000000
-0.000000 0.000000 -1.000000
-0.000000 0.000000 -1.000000
-0.000000 0.798447 0.602066
-0.000001 -0.773120 0.634260
-0.000001 0.000000 -1.000000
-0.000001 0.000001 1.000000
-0.000001 0.000000 -1.000000
-0.000001 -0.000000 1.000000
-0.000001 0.000001 1.000000
-0.000003 0.000473 -1.000000
-0.000004 -0.000010 -1.000000
-0.000017 0.000024 1.000000
-0.000017 0.000024 -1.000000
-0.000067 0.000006 1.000000
-0.000103 0.000275 -1.000000
-0.000226 -0.083730 0.996488
-0.000295 0.742363 -0.669998
-0.000331 0.934435 0.356133
-0.000379 1.000000 0.000132
-0.000414 1.000000 -0.000361
-0.000513 0.739888 -0.672730
-0.000877 0.740336 -0.672236
-0.000944 0.723401 -0.690427
-0.001034 0.999999 0.000000
-0.001532 0.999999 0.000562
-0.001728 0.999999 -0.000045
-0.002103 -0.817179 0.576380
-0.002319 0.727658 -0.685936
-0.002598 0.940916 -0.338632
-0.003095 0.733149 0.680061
-0.003792 -0.812324 0.583193
-0.004189 0.786077 0.618114
-0.005434 0.725078 -0.688646
-0.005892 -0.003110 0.999978
-0.006905 0.999968 -0.004133
-0.010191 -0.899051 -0.437726
-0.012907 -0.365023 -0.930909
-0.013924 0.999878 0.007144
-0.016821 -0.354849 -0.934772
-0.021236 0.735293 -0.677417
-0.026265 0.846038 0.532475
-0.035578 0.035580 -0.998733
-0.035580 0.035580 -0.998733
-0.037728 -0.797877 0.601639
-0.046772 -0.797573 0.601407
-0.057670 0.482650 -0.873913
-0.086643 0.000000 0.996239
-0.131509 0.540935 0.830719
-0.144114 0.909903 0.388982
-0.156435 0.987688 0.000000
-0.195776 -0.719722 -0.666087
-0.200303 0.979734 0.000002
-0.202357 -0.622791 0.755767
-0.219436 -0.759755 -0.612062
-0.222646 0.974899 0.000016
-0.228467 -0.967979 -0.104013
-0.229998 -0.310324 -0.922388
-0.232146 0.612771 0.755394
-0.232146 -0.612773 0.755392
-0.261311 0.965255 -0.000428
-0.262058 0.965052 -0.000197
-0.267457 0.767497 -0.582594
-0.290948 -0.744083 0.601407
-0.301253 0.774715 0.555935
-0.318281 -0.605050 0.729803
-0.330445 -0.943825 0.000116
-0.334877 0.631509 -0.699324
-0.347842 0.739939 -0.575757
-0.358340 -0.651972 -0.668226
-0.360293 0.846346 0.392284
-0.381181 -0.337907 -0.860535
-0.383505 0.859908 -0.336873
-0.408601 -0.623998 -0.666086
-0.424348 -0.360329 0.830718
-0.430646 -0.565019 -0.703774
-0.430961 0.672742 0.601407
-0.440783 -0.540728 0.716466
-0.441009 0.703453 0.557373
-0.442045 0.306171 -0.843122
-0.454385 -0.651067 -0.607985
-0.460125 0.815960 0.349992
-0.460479 0.311267 0.831307
-0.469316 0.645957 0.602065
-0.470549 -0.668588 0.575824
-0.470549 -0.668589 -0.575823
-0.470922 0.882175 -0.000001
-0.470922 0.882175 0.000001
-0.470922 -0.882175 0.000000
-0.474587 -0.880208 0.000001
-0.474587 -0.880208 0.000001
-0.483846 -0.516743 -0.706307
-0.484142 -0.517981 -0.705196
-0.484798 -0.517480 0.705114
-0.484863 -0.517757 0.704866
-0.488334 0.309859 -0.815793
-0.490157 -0.041893 0.870627
-0.497772 -0.773383 0.392558
-0.501857 0.216164 -0.837504
-0.507649 -0.861409 0.016342
-0.510508 0.761445 0.399479
-0.511044 -0.410141 0.755393
-0.514925 0.211561 0.830719
-0.514927 -0.211562 0.830718
-0.518352 -0.092913 0.850105
-0.520873 0.528788 0.670130
-0.520934 0.528981 0.669931
-0.522047 0.561751 0.641796
-0.526022 0.567584 0.633363
-0.534131 -0.153738 0.831305
-0.555164 -0.831741 0.000000
-0.555594 -0.000000 0.831454
-0.583394 -0.035445 0.811416
-0.603108 0.438183 -0.666526
-0.612391 0.106689 -0.783323
-0.613036 0.177947 -0.769754
-0.614125 0.313519 -0.724263
-0.617753 0.506640 0.601413
-0.626538 0.777736 0.050761
-0.641083 0.767472 0.000000
-0.646907 -0.687184 -0.330588
-0.665617 -0.746293 0.000000
-0.665617 -0.746293 0.000000
-0.666705 -0.343160 -0.661623
-0.676244 -0.037723 0.735712
-0.680386 0.732854 0.000000
-0.682386 -0.730992 0.000000
-0.682513 -0.351602 0.640743
-0.683490 0.729960 0.000000
-0.686238 0.727377 -0.000743
-0.686369 0.727253 -0.000627
-0.686795 0.726851 -0.000250
-0.701150 0.713013 0.000000
-0.701271 0.712894 0.000000
-0.701666 0.712506 0.000000
-0.701666 0.712506 0.000000
-0.705065 -0.709143 0.000000
-0.706113 -0.708099 0.000000
-0.707100 0.707113 0.000000
-0.707105 0.707109 0.000000
-0.707105 -0.707109 0.000001
-0.708661 -0.350473 0.612346
-0.708761 0.705447 -0.001394
-0.708996 0.230367 -0.666525
-0.709082 -0.705124 0.001731
-0.709142 0.705066 0.000000
-0.709142 -0.705066 -0.000001
-0.709142 -0.705066 -0.000001
-0.709143 0.705065 0.000000
-0.709143 -0.705065 0.000000
-0.709143 -0.705065 0.000000
-0.709344 0.704862 -0.000531
-0.709480 -0.704726 0.000000
-0.709480 -0.704725 0.000000
-0.709481 -0.704724 0.000000
-0.710845 -0.651488 0.265072
-0.712315 -0.349552 0.608623
-0.725544 0.585468 0.361682
-0.732598 0.363123 0.575710
-0.735043 -0.678021 0.000000
-0.743987 0.654153 0.136263
-0.744838 0.652627 0.138901
-0.744843 0.652619 0.138916
-0.748130 -0.000031 0.663552
-0.756539 0.583006 -0.296232
-0.759368 0.246734 0.602065
-0.765713 0.000000 -0.643182
-0.784152 0.388547 -0.483876
-0.784738 0.388466 -0.482991
-0.784908 0.388443 -0.482734
-0.785808 0.111421 -0.608351
-0.786559 -0.079475 -0.612379
-0.787807 0.615922 0.000000
-0.792027 -0.000045 -0.610486
-0.812427 -0.553592 -0.183024
-0.819986 -0.514629 -0.250560
-0.825194 0.000002 0.564850
-0.833976 0.551801 -0.000282
-0.846149 -0.477034 -0.237636
-0.847466 0.394876 -0.354786
-0.847645 0.530563 -0.000000
-0.857292 0.333096 0.392553
-0.865775 -0.500433 0.000000
-0.865776 -0.500433 0.000000
-0.866565 0.000000 -0.499064
-0.866641 -0.498930 -0.001021
-0.880209 -0.474586 0.000000
-0.880210 0.474585 0.000000
-0.884471 0.105382 -0.454539
-0.887455 0.460894 -0.000794
-0.889351 -0.234421 0.392557
-0.891077 0.453853 0.000251
-0.893207 -0.075452 0.443269
-0.893840 0.448384 0.001170
-0.912407 0.409283 -0.000316
-0.925246 -0.379367 0.000075
-0.927435 -0.373985 0.000000
-0.934369 0.356307 -0.000000
-0.937647 -0.347588 -0.000000
-0.949155 0.314767 -0.005098
-0.950899 0.309503 0.000000
-0.952322 0.305086 -0.002204
-0.955751 0.294177 0.000196
-0.963149 0.268968 0.000472
-0.965527 -0.260301 -0.000328
-0.966024 0.258451 -0.000018
-0.966024 -0.258451 0.000000
-0.968283 -0.249855 -0.000000
-0.975075 -0.221877 -0.000000
-0.975075 -0.221877 -0.000039
-0.984716 0.000000 -0.174168
-0.985847 0.167648 0.000000
-0.998566 -0.049687 -0.019953
-0.998778 -0.044369 -0.021779
-0.999610 0.027911 0.000000
-0.999687 -0.005908 -0.024326
-0.999881 -0.012877 0.008475
-0.999887 -0.005604 -0.013916
-0.999954 0.008607 -0.004194
-0.999970 0.001035 0.007630
-0.999996 -0.002320 0.001524
-1.000000 0.000000 0.000000
-1.000000 -0.000016 -0.000350
          </float_array>
          <technique_common>
            <accessor source="#char_heavytool-Normal0-array" count="4162" stride="3">
              <param name="X" type="float"/>
              <param name="Y" type="float"/>
              <param name="Z" type="float"/>
            </accessor>
          </technique_common>
        </source>
        <source id="char_heavytool-UV0">
          <float_array id="char_heavytool-UV0-array" count="8890">
0.000770 0.001218
0.125206 0.001218
0.889446 0.001513
0.889446 0.001513
0.903180 0.001513
0.903180 0.001513
0.920706 0.001516
0.920706 0.001516
0.938986 0.001516
0.938986 0.001516
0.363655 0.001516
0.363655 0.001516
0.398961 0.001516
0.398961 0.001516
0.886049 0.001517
0.886049 0.001517
0.909898 0.001517
0.909898 0.001517
0.917668 0.001517
0.917668 0.001517
0.970970 0.001518
0.970970 0.001518
0.977378 0.001518
0.977378 0.001518
0.614568 0.001519
0.614568 0.001519
0.776862 0.001519
0.776862 0.001519
0.658687 0.001522
0.658687 0.001522
0.594101 0.001524
0.594101 0.001524
0.683188 0.001524
0.683188 0.001524
0.708148 0.001525
0.708148 0.001525
0.001946 0.001525
0.001946 0.001525
0.732648 0.001527
0.732648 0.001527
0.358536 0.001553
0.358536 0.001553
0.779821 0.001571
0.779821 0.001571
0.597502 0.001591
0.597502 0.001591
0.037407 0.001608
0.037407 0.001608
0.072867 0.001692
0.072867 0.001692
0.674723 0.001755
0.674723 0.001755
0.952989 0.001772
0.952989 0.001772
0.108329 0.001780
0.108329 0.001780
0.722916 0.001788
0.722916 0.001788
0.980410 0.001826
0.980410 0.001826
0.143790 0.001876
0.143790 0.001876
0.603193 0.001888
0.603193 0.001888
0.967633 0.001906
0.967633 0.001906
0.179263 0.001999
0.179263 0.001999
0.214778 0.002176
0.214778 0.002176
0.322588 0.002313
0.322588 0.002313
0.250350 0.002331
0.250350 0.002331
0.415234 0.002410
0.415234 0.002410
0.285779 0.002445
0.285779 0.002445
0.942222 0.003491
0.942222 0.003491
0.000581 0.004172
0.124590 0.004172
0.000421 0.004429
0.124649 0.004429
0.956063 0.004580
0.956063 0.004580
0.996776 0.004930
0.996776 0.004930
0.001928 0.009136
0.001928 0.009136
0.358699 0.009269
0.358699 0.009269
0.124375 0.009321
0.000538 0.009322
0.660390 0.010102
0.660390 0.010102
0.709075 0.014952
0.709075 0.014952
0.409522 0.019341
0.409522 0.019341
0.603141 0.020019
0.603141 0.020019
0.597502 0.020151
0.597502 0.020151
0.593016 0.023743
0.593016 0.023743
0.599686 0.023743
0.599686 0.023743
0.909898 0.024332
0.909898 0.024332
0.917668 0.024332
0.917668 0.024332
0.779821 0.029072
0.779821 0.029072
0.886399 0.029109
0.886399 0.029109
0.654145 0.030469
0.654145 0.030469
0.997055 0.031499
0.997055 0.031499
0.674723 0.032583
0.674723 0.032583
0.980411 0.032628
0.980411 0.032628
0.877869 0.033844
0.877869 0.033844
0.885528 0.033844
0.885528 0.033844
0.853898 0.033847
0.773930 0.033848
0.678057 0.034222
0.678057 0.034222
0.997137 0.034307
0.997137 0.034307
0.874263 0.034387
0.874263 0.034387
0.157113 0.034684
0.157113 0.034684
0.179094 0.034763
0.179094 0.034763
0.204324 0.034975
0.204324 0.034975
0.586575 0.035178
0.586575 0.035178
0.660138 0.036604
0.660138 0.036604
0.654822 0.036822
0.654822 0.036822
0.158266 0.037887
0.158266 0.037887
0.983161 0.038108
0.983161 0.038108
0.200753 0.038133
0.200753 0.038133
0.599686 0.038211
0.599686 0.038211
0.593016 0.038241
0.593016 0.038241
0.723100 0.038285
0.723100 0.038285
0.860546 0.038656
0.860546 0.038656
0.675466 0.040062
0.675466 0.040062
0.658584 0.041986
0.658584 0.041986
0.670303 0.043825
0.670303 0.043825
0.844222 0.044008
0.783606 0.044009
0.664187 0.044539
0.664187 0.044539
0.601200 0.045174
0.601200 0.045174
0.709075 0.045437
0.709075 0.045437
0.786503 0.047986
0.786503 0.047986
0.819900 0.047986
0.819900 0.047986
0.717121 0.048064
0.717121 0.048064
0.037297 0.048070
0.037297 0.048070
0.828037 0.048101
0.828037 0.048101
0.072755 0.048154
0.072755 0.048154
0.108212 0.048236
0.108212 0.048236
0.143657 0.048319
0.143657 0.048319
0.705211 0.048665
0.705211 0.048665
0.214460 0.048799
0.214460 0.048799
0.839966 0.048913
0.839966 0.048913
0.249937 0.049089
0.249937 0.049089
0.285309 0.049775
0.285309 0.049775
0.323956 0.050850
0.323956 0.050850
0.146852 0.050921
0.146852 0.050921
0.204146 0.050921
0.204146 0.050921
0.040310 0.054049
0.040310 0.054049
0.297988 0.054049
0.297988 0.054049
0.320447 0.054049
0.320447 0.054049
0.167631 0.054049
0.167631 0.054049
0.202942 0.054049
0.202942 0.054049
0.132321 0.054049
0.132321 0.054049
0.062645 0.054049
0.062645 0.054049
0.272618 0.054049
0.272618 0.054049
0.294953 0.054049
0.294953 0.054049
0.237989 0.054049
0.237989 0.054049
0.097274 0.054049
0.097274 0.054049
0.000770 0.055790
0.125206 0.055790
0.699574 0.056167
0.699574 0.056167
0.409522 0.057103
0.409522 0.057103
0.723485 0.059919
0.723485 0.059919
0.909898 0.059980
0.909898 0.059980
0.917668 0.059980
0.917668 0.059980
0.167631 0.062367
0.167631 0.062367
0.272618 0.062367
0.272618 0.062367
0.132321 0.062367
0.132321 0.062367
0.202942 0.062367
0.202942 0.062367
0.237989 0.062367
0.237989 0.062367
0.286634 0.062367
0.286634 0.062367
0.097274 0.062367
0.097274 0.062367
0.048629 0.062367
0.048629 0.062367
0.062645 0.062367
0.062645 0.062367
0.700251 0.062519
0.700251 0.062519
0.000581 0.062659
0.124590 0.062659
0.000421 0.063048
0.124649 0.063048
0.717121 0.064492
0.717121 0.064492
0.786503 0.065086
0.786503 0.065086
0.819900 0.065086
0.819900 0.065086
0.705211 0.065093
0.705211 0.065093
0.720895 0.065759
0.720895 0.065759
0.051665 0.066177
0.051665 0.066177
0.205476 0.066177
0.205476 0.066177
0.214236 0.066183
0.283063 0.066525
0.704013 0.067683
0.704013 0.067683
0.983186 0.068024
0.983186 0.068024
0.785381 0.068191
0.785381 0.068191
0.824831 0.068191
0.824831 0.068191
0.715732 0.069522
0.715732 0.069522
0.877869 0.069531
0.877869 0.069531
0.885528 0.069531
0.885528 0.069531
0.402707 0.069951
0.402707 0.069951
0.709616 0.070236
0.709616 0.070236
0.982627 0.071306
0.982627 0.071306
0.997137 0.071872
0.997137 0.071872
0.061526 0.077171
0.061526 0.077171
0.191599 0.077171
0.191599 0.077171
0.997048 0.079479
0.997048 0.079479
0.816280 0.079731
0.816280 0.079731
0.785381 0.080140
0.785381 0.080140
0.184122 0.080320
0.064567 0.080320
0.297988 0.086578
0.297988 0.086578
0.320447 0.086578
0.320447 0.086578
0.956030 0.087734
0.956030 0.087734
0.967633 0.090576
0.967633 0.090576
0.214106 0.092471
0.214106 0.092471
0.759407 0.092567
0.759407 0.092567
0.956023 0.092582
0.956023 0.092582
0.282934 0.092601
0.282934 0.092601
0.967933 0.093597
0.967933 0.093597
0.783919 0.094467
0.783919 0.094467
0.783919 0.094467
0.783919 0.094467
0.813257 0.094467
0.813257 0.094467
0.813257 0.094467
0.813257 0.094467
0.909898 0.096036
0.909898 0.096036
0.917668 0.096036
0.917668 0.096036
0.416884 0.096836
0.416884 0.096836
0.363655 0.097304
0.363655 0.097304
0.402707 0.097305
0.402707 0.097305
0.397796 0.100521
0.397796 0.100521
0.387935 0.100521
0.387935 0.100521
0.364888 0.100546
0.364888 0.100546
0.384906 0.100826
0.384906 0.100826
0.982627 0.103263
0.982627 0.103263
0.877869 0.105218
0.877869 0.105218
0.885528 0.105218
0.885528 0.105218
0.208512 0.105376
0.208512 0.105376
0.283490 0.105377
0.283490 0.105377
0.920706 0.106452
0.920706 0.106452
0.938986 0.106452
0.938986 0.106452
0.970970 0.106454
0.970970 0.106454
0.977378 0.106454
0.977378 0.106454
0.983012 0.106855
0.983012 0.106855
0.184122 0.107686
0.064567 0.107686
0.051665 0.107968
0.051665 0.107968
0.061526 0.107968
0.061526 0.107968
0.191599 0.107968
0.191599 0.107968
0.205476 0.107968
0.205476 0.107968
0.762277 0.108653
0.750701 0.108968
0.920707 0.110630
0.920707 0.110630
0.939954 0.110630
0.939954 0.110630
0.986163 0.110897
0.986163 0.110897
0.996171 0.111276
0.996171 0.111276
0.387935 0.111614
0.387935 0.111614
0.397814 0.111614
0.397814 0.111614
0.132321 0.112289
0.132321 0.112289
0.048629 0.112289
0.048629 0.112289
0.062645 0.112289
0.062645 0.112289
0.097274 0.112289
0.097274 0.112289
0.167631 0.112289
0.167631 0.112289
0.202942 0.112289
0.202942 0.112289
0.237989 0.112289
0.237989 0.112289
0.272618 0.112289
0.272618 0.112289
0.286634 0.112289
0.286634 0.112289
0.735423 0.117502
0.970987 0.118269
0.970987 0.118269
0.396901 0.118333
0.396901 0.118333
0.732595 0.119941
0.097274 0.120607
0.097274 0.120607
0.040310 0.120607
0.040310 0.120607
0.062645 0.120607
0.062645 0.120607
0.132321 0.120608
0.132321 0.120608
0.167631 0.120608
0.167631 0.120608
0.202942 0.120608
0.202942 0.120608
0.237989 0.120608
0.237989 0.120608
0.272618 0.120608
0.272618 0.120608
0.294953 0.120608
0.294953 0.120608
0.297988 0.120966
0.297988 0.120966
0.320447 0.120966
0.320447 0.120966
0.730502 0.123458
0.282863 0.124773
0.224705 0.124773
0.224705 0.124773
0.285897 0.124774
0.285897 0.124774
0.294387 0.124774
0.294387 0.124774
0.040149 0.124774
0.040149 0.124774
0.221672 0.124775
0.221672 0.124775
0.998483 0.124963
0.998483 0.124963
0.729703 0.127111
0.909898 0.132341
0.909898 0.132341
0.917668 0.132341
0.917668 0.132341
0.874263 0.132717
0.874263 0.132717
0.862399 0.132821
0.862399 0.132821
0.384889 0.133923
0.384889 0.133923
0.364887 0.133924
0.364887 0.133924
0.864409 0.136899
0.864409 0.136899
0.874270 0.136899
0.874270 0.136899
0.712502 0.137144
0.712502 0.137144
0.384886 0.140312
0.384886 0.140312
0.364888 0.140312
0.364888 0.140312
0.877869 0.140905
0.877869 0.140905
0.885528 0.140905
0.885528 0.140905
0.384886 0.146701
0.384886 0.146701
0.364888 0.146701
0.364888 0.146701
0.294387 0.146951
0.294387 0.146951
0.285897 0.146951
0.285897 0.146951
0.726656 0.147014
0.726656 0.147014
0.986038 0.148403
0.986038 0.148403
0.693430 0.150081
0.693430 0.150081
0.384887 0.152857
0.384887 0.152857
0.364890 0.152858
0.364890 0.152858
0.952989 0.152977
0.952989 0.152977
0.390132 0.153269
0.390132 0.153269
0.297988 0.155545
0.297988 0.155545
0.320447 0.155545
0.320447 0.155545
0.998483 0.156085
0.998483 0.156085
0.224705 0.156294
0.224705 0.156294
0.282862 0.156294
0.040149 0.158172
0.040149 0.158172
0.221672 0.158172
0.221672 0.158172
0.326928 0.160418
0.326928 0.160418
0.287529 0.160961
0.287529 0.160961
0.996891 0.161841
0.996891 0.161841
0.250317 0.162188
0.250317 0.162188
0.037031 0.162221
0.037031 0.162221
0.072494 0.162313
0.072494 0.162313
0.107970 0.162424
0.107970 0.162424
0.143479 0.162590
0.143479 0.162590
0.214492 0.162737
0.214492 0.162737
0.153291 0.163157
0.153291 0.163157
0.180852 0.163157
0.180852 0.163157
0.729703 0.163940
0.983012 0.164138
0.983012 0.164138
0.971002 0.165838
0.971002 0.165838
0.943399 0.167140
0.943399 0.167140
0.730502 0.167592
0.981363 0.167871
0.981363 0.167871
0.864409 0.168363
0.864409 0.168363
0.874270 0.168363
0.874270 0.168363
0.909898 0.168646
0.909898 0.168646
0.917668 0.168646
0.917668 0.168646
0.707770 0.170658
0.707770 0.170658
0.732595 0.171109
0.942986 0.171246
0.942986 0.171246
0.952849 0.171246
0.952849 0.171246
0.187072 0.173353
0.187072 0.173353
0.735423 0.173549
0.158221 0.174203
0.158221 0.174203
0.967970 0.174750
0.967970 0.174750
0.975300 0.175764
0.975300 0.175764
0.956023 0.175771
0.956023 0.175771
0.156789 0.176398
0.156789 0.176398
0.178839 0.176589
0.178839 0.176589
0.877869 0.176591
0.877869 0.176591
0.885528 0.176591
0.885528 0.176591
0.204198 0.176592
0.204198 0.176592
0.766065 0.176757
0.861763 0.176757
0.776222 0.177053
0.851606 0.177053
0.962053 0.179456
0.962053 0.179456
0.626836 0.180271
0.626836 0.180271
0.450791 0.181177
0.450791 0.181177
0.750701 0.182082
0.762277 0.182397
0.889446 0.183073
0.889446 0.183073
0.903180 0.183073
0.903180 0.183073
0.362511 0.183771
0.362511 0.183771
0.327159 0.184238
0.327159 0.184238
0.001518 0.185096
0.001518 0.185096
0.036974 0.185181
0.036974 0.185181
0.072427 0.185273
0.072427 0.185273
0.107874 0.185384
0.107874 0.185384
0.482341 0.185387
0.482341 0.185387
0.518750 0.185456
0.518750 0.185456
0.288455 0.185516
0.288455 0.185516
0.143298 0.185560
0.143298 0.185560
0.568669 0.185630
0.568669 0.185630
0.615858 0.185646
0.615858 0.185646
0.178791 0.185894
0.178791 0.185894
0.214524 0.185988
0.214524 0.185988
0.250754 0.186019
0.250754 0.186019
0.844346 0.186438
0.844346 0.186438
0.765711 0.187051
0.862117 0.187051
0.775872 0.187328
0.851956 0.187328
0.906815 0.187411
0.906815 0.187411
0.888677 0.187411
0.888677 0.187411
0.813257 0.187415
0.813257 0.187415
0.813257 0.187415
0.813257 0.187415
0.783919 0.187415
0.783919 0.187415
0.783919 0.187415
0.783919 0.187415
0.333828 0.187416
0.333828 0.187416
0.261913 0.187586
0.261913 0.187586
0.593897 0.188725
0.593897 0.188725
0.150282 0.189425
0.150282 0.189425
0.109599 0.189426
0.109599 0.189426
0.077532 0.189427
0.077532 0.189427
0.049982 0.189427
0.049982 0.189427
0.001840 0.189427
0.001840 0.189427
0.047043 0.189427
0.047043 0.189427
0.354086 0.189430
0.354086 0.189430
0.336296 0.189430
0.336296 0.189430
0.193900 0.189434
0.239027 0.189434
0.239027 0.189434
0.816425 0.189473
0.816425 0.189473
0.242055 0.189692
0.242055 0.189692
0.258051 0.189704
0.730453 0.190427
0.730453 0.190427
0.942985 0.190829
0.942985 0.190829
0.952849 0.190829
0.952849 0.190829
0.859877 0.191450
0.874835 0.191450
0.619811 0.191452
0.619811 0.191452
0.631024 0.191452
0.631024 0.191452
0.854759 0.192371
0.854759 0.192371
0.957369 0.194116
0.957369 0.194116
0.981363 0.194319
0.996891 0.194319
0.712502 0.194336
0.712502 0.194336
0.726681 0.195738
0.726681 0.195738
0.447732 0.196660
0.447732 0.196660
0.355820 0.196735
0.355820 0.196735
0.553383 0.196851
0.553383 0.196851
0.071326 0.197472
0.071326 0.197472
0.978331 0.197980
0.978331 0.197980
0.730453 0.198039
0.730453 0.198039
0.825002 0.198039
0.825002 0.198039
0.939954 0.198503
0.939954 0.198503
0.056838 0.198735
0.056838 0.198735
0.254009 0.199019
0.254009 0.199019
0.942402 0.199545
0.942402 0.199545
0.064154 0.200863
0.064154 0.200863
0.711031 0.201555
0.801471 0.201557
0.801471 0.201557
0.805240 0.201560
0.805240 0.201560
0.823451 0.201659
0.823451 0.201659
0.193900 0.201686
0.226774 0.201686
0.226774 0.201686
0.992281 0.201782
0.992281 0.201782
0.188974 0.201995
0.188974 0.201995
0.070908 0.202000
0.070908 0.202000
0.326930 0.203827
0.326930 0.203827
0.350798 0.203827
0.350798 0.203827
0.909898 0.204702
0.909898 0.204702
0.917668 0.204702
0.917668 0.204702
0.485539 0.204741
0.485539 0.204741
0.515755 0.204864
0.515755 0.204864
0.616524 0.206218
0.616524 0.206218
0.640391 0.206218
0.640391 0.206218
0.000581 0.207004
0.124590 0.207004
0.000421 0.207717
0.124649 0.207718
0.840768 0.207768
0.840768 0.207768
0.613249 0.207965
0.613249 0.207965
0.572967 0.208069
0.572967 0.208069
0.920707 0.209260
0.920707 0.209260
0.929197 0.209260
0.929197 0.209260
0.347635 0.209633
0.316570 0.209633
0.634272 0.209643
0.634272 0.209643
0.642814 0.209969
0.642814 0.209969
0.594085 0.210564
0.594085 0.210564
0.146892 0.210833
0.146892 0.210833
0.112991 0.210834
0.112991 0.210834
0.877869 0.212278
0.877869 0.212278
0.885528 0.212278
0.885528 0.212278
0.649985 0.213031
0.649985 0.213031
0.906867 0.213410
0.906867 0.213410
0.920745 0.213679
0.920745 0.213679
0.939379 0.213680
0.939379 0.213680
0.456804 0.214055
0.456804 0.214055
0.544478 0.214442
0.544478 0.214442
0.000538 0.214572
0.124375 0.214573
0.843593 0.216401
0.843593 0.216401
0.598228 0.216699
0.598228 0.216699
0.457904 0.217727
0.540093 0.218157
0.418341 0.218158
0.418341 0.218158
0.582967 0.218424
0.582967 0.218424
0.653861 0.219467
0.653861 0.219467
0.301143 0.219785
0.301143 0.219785
0.643050 0.219958
0.643050 0.219958
0.453836 0.219991
0.453836 0.219991
0.288554 0.220511
0.294469 0.220660
0.294469 0.220660
0.854759 0.221128
0.854759 0.221128
0.179134 0.221308
0.179134 0.221308
0.080749 0.221312
0.080749 0.221312
0.828037 0.221455
0.828037 0.221455
0.856840 0.224328
0.856840 0.224328
0.174476 0.225803
0.174476 0.225803
0.080725 0.225805
0.080725 0.225805
0.161731 0.225805
0.161731 0.225805
0.168105 0.225805
0.168105 0.225805
0.221888 0.225906
0.221888 0.225906
0.037996 0.225913
0.037996 0.225913
0.226774 0.226621
0.226774 0.226621
0.239027 0.226621
0.239027 0.226621
0.893852 0.226757
0.893852 0.226757
0.668532 0.227638
0.668532 0.227638
0.001517 0.228031
0.001517 0.228031
0.441364 0.229523
0.441364 0.229523
0.177522 0.229841
0.177522 0.229841
0.184432 0.229841
0.184432 0.229841
0.652854 0.230030
0.652854 0.230030
0.619042 0.230084
0.619042 0.230084
0.601241 0.231084
0.601241 0.231084
0.992256 0.231704
0.992256 0.231704
0.432387 0.231876
0.432387 0.231876
0.568996 0.232498
0.568996 0.232498
0.805240 0.232627
0.805240 0.232627
0.823501 0.232721
0.823501 0.232721
0.547027 0.233947
0.547027 0.233947
0.393636 0.234189
0.393636 0.234189
0.075065 0.234400
0.075065 0.234400
0.566307 0.234614
0.566307 0.234614
0.978332 0.235554
0.978332 0.235554
0.980435 0.238197
0.980435 0.238197
0.061254 0.238554
0.061254 0.238554
0.962053 0.239250
0.962053 0.239250
0.634862 0.239967
0.634862 0.239967
0.539977 0.240182
0.539977 0.240182
0.909898 0.240350
0.909898 0.240350
0.917668 0.240350
0.917668 0.240350
0.206562 0.241233
0.206562 0.241233
0.053323 0.241239
0.053323 0.241239
0.784220 0.243338
0.784220 0.243338
0.711101 0.243459
0.652941 0.244570
0.652941 0.244570
0.668630 0.246632
0.668630 0.246632
0.013093 0.247080
0.013093 0.247080
0.397069 0.247750
0.397069 0.247750
0.877869 0.247965
0.877869 0.247965
0.885528 0.247965
0.885528 0.247965
0.711160 0.248029
0.711160 0.248029
0.738008 0.248029
0.738008 0.248029
0.242055 0.248110
0.242055 0.248110
0.604656 0.248270
0.604656 0.248270
0.393711 0.248786
0.393711 0.248786
0.667349 0.249364
0.667349 0.249364
0.254025 0.249927
0.254025 0.249927
0.546884 0.250648
0.546884 0.250648
0.434215 0.250690
0.434215 0.250690
0.670393 0.252304
0.670393 0.252304
0.454449 0.253356
0.454449 0.253356
0.993441 0.253372
0.993441 0.253372
0.975300 0.253825
0.975300 0.253825
0.184432 0.253952
0.184432 0.253952
0.210394 0.253952
0.012479 0.254077
0.012479 0.254077
0.075065 0.254359
0.075065 0.254359
0.575427 0.256073
0.575427 0.256073
0.550906 0.256073
0.550906 0.256073
0.414701 0.256445
0.414701 0.256445
0.417969 0.256525
0.417969 0.256525
0.077140 0.257028
0.077140 0.257028
0.586779 0.257397
0.586779 0.257397
0.711160 0.257886
0.711160 0.257886
0.738008 0.257886
0.738008 0.257886
0.965450 0.258133
0.965450 0.258133
0.973787 0.258133
0.973787 0.258133
0.061203 0.258512
0.061203 0.258512
0.550237 0.258620
0.245802 0.258818
0.245802 0.258818
0.014085 0.258827
0.014085 0.258827
0.457686 0.259428
0.457686 0.259428
0.290848 0.260236
0.381321 0.260783
0.381321 0.260783
0.684916 0.260787
0.684916 0.260787
0.177522 0.260862
0.177522 0.260862
0.210394 0.260862
0.212742 0.262189
0.212742 0.262189
0.180652 0.262876
0.180652 0.262876
0.909898 0.263165
0.909898 0.263165
0.917668 0.263165
0.917668 0.263165
0.174498 0.263278
0.174498 0.263278
0.001517 0.264495
0.001517 0.264495
0.918351 0.264685
0.918351 0.264685
0.168152 0.264856
0.168152 0.264856
0.300963 0.266191
0.300963 0.266191
0.586374 0.266998
0.294288 0.267065
0.294288 0.267065
0.708161 0.267337
0.708161 0.267337
0.356459 0.267398
0.356459 0.267398
0.362699 0.267405
0.362699 0.267405
0.441364 0.268079
0.441364 0.268079
0.905084 0.268511
0.905084 0.268511
0.226489 0.268659
0.226489 0.268659
0.033398 0.268667
0.033398 0.268667
0.161731 0.272410
0.161731 0.272410
0.316570 0.274047
0.697114 0.274278
0.697114 0.274278
0.188856 0.274983
0.188856 0.274983
0.220870 0.274983
0.220870 0.274983
0.685035 0.275014
0.685035 0.275014
0.437630 0.275927
0.437630 0.275927
0.164764 0.276383
0.354006 0.276493
0.980435 0.277265
0.980435 0.277265
0.033808 0.277819
0.033808 0.277819
0.894698 0.278238
0.894698 0.278238
0.226471 0.279137
0.922586 0.281310
0.922586 0.281310
0.385985 0.282513
0.385985 0.282513
0.616011 0.283285
0.616011 0.283285
0.877869 0.283652
0.877869 0.283652
0.885528 0.283652
0.885528 0.283652
0.670393 0.284259
0.670393 0.284259
0.905084 0.284381
0.905084 0.284381
0.405483 0.285357
0.405483 0.285357
0.546279 0.285365
0.546279 0.285365
0.596507 0.286315
0.596507 0.286315
0.992983 0.286739
0.992983 0.286739
0.976821 0.286818
0.976821 0.286818
0.258051 0.287605
0.990487 0.290062
0.990487 0.290062
0.907019 0.290487
0.907019 0.290487
0.667367 0.291892
0.667367 0.291892
0.553628 0.293273
0.553628 0.293273
0.918351 0.293934
0.918351 0.293934
0.362674 0.294367
0.362674 0.294367
0.076044 0.295767
0.076044 0.295767
0.381321 0.297258
0.381321 0.297258
0.258375 0.297509
0.258375 0.297509
0.001515 0.297519
0.001515 0.297519
0.942402 0.297942
0.942402 0.297942
0.957369 0.297942
0.957369 0.297942
0.337877 0.298786
0.333828 0.299370
0.333828 0.299370
0.324661 0.299381
0.324661 0.299381
0.270240 0.299509
0.270240 0.299509
0.261347 0.299752
0.261347 0.299752
0.962421 0.300592
0.962421 0.300592
0.353941 0.300658
0.236967 0.300901
0.236967 0.300901
0.022923 0.300909
0.022923 0.300909
0.942410 0.301024
0.942410 0.301024
0.652941 0.301761
0.652941 0.301761
0.559269 0.304032
0.054369 0.304574
0.054369 0.304574
0.063532 0.304601
0.063532 0.304601
0.077410 0.304601
0.077410 0.304601
0.327762 0.304603
0.378253 0.304603
0.378253 0.304603
0.619042 0.305762
0.619042 0.305762
0.556117 0.306122
0.556117 0.306122
0.586374 0.310353
0.571754 0.310911
0.571754 0.310911
0.912623 0.315385
0.912623 0.315385
0.405567 0.315785
0.405567 0.315785
0.579401 0.316021
0.579401 0.316021
0.469057 0.316046
0.469057 0.316046
0.533806 0.316385
0.533806 0.316385
0.596769 0.316523
0.596769 0.316523
0.888560 0.317263
0.888560 0.317263
0.907077 0.317263
0.907077 0.317263
0.859877 0.317446
0.874835 0.317446
0.990487 0.318443
0.990487 0.318443
0.063532 0.318553
0.063532 0.318553
0.077410 0.318553
0.077410 0.318553
0.638608 0.318794
0.638608 0.318794
0.386114 0.319079
0.386114 0.319079
0.877869 0.319339
0.877869 0.319339
0.885528 0.319339
0.885528 0.319339
0.616010 0.319660
0.616010 0.319660
0.483455 0.320779
0.483455 0.320779
0.492260 0.321460
0.492260 0.321460
0.568735 0.322110
0.568735 0.322110
0.075261 0.322440
0.075261 0.322440
0.474864 0.323023
0.474864 0.323023
0.584510 0.323668
0.584510 0.323668
0.500685 0.323985
0.500685 0.323985
0.920560 0.324284
0.920560 0.324284
0.525585 0.324814
0.976821 0.325192
0.976821 0.325192
0.533308 0.325229
0.521670 0.325400
0.859877 0.326583
0.874835 0.326583
0.467420 0.327368
0.467420 0.327368
0.540486 0.328447
0.997466 0.328852
0.997466 0.328852
0.976815 0.328918
0.976815 0.328918
0.508243 0.328941
0.508243 0.328941
0.053646 0.330164
0.053646 0.330164
0.942422 0.330321
0.942422 0.330321
0.962419 0.330323
0.962419 0.330323
0.491477 0.331196
0.491477 0.331196
0.485071 0.331912
0.485071 0.331912
0.498152 0.331933
0.498152 0.331933
0.586305 0.332689
0.586305 0.332689
0.324740 0.332775
0.324740 0.332775
0.270319 0.332903
0.270319 0.332903
0.261402 0.333138
0.261402 0.333138
0.461489 0.333311
0.461489 0.333311
0.478989 0.333441
0.478989 0.333441
0.453720 0.333466
0.453720 0.333466
0.545204 0.333609
0.504887 0.334156
0.504887 0.334156
0.236968 0.334802
0.236968 0.334802
0.022924 0.334810
0.022924 0.334810
0.930108 0.334920
0.930108 0.334920
0.911844 0.335031
0.911844 0.335031
0.513587 0.335804
0.513587 0.335804
0.554825 0.335884
0.554825 0.335884
0.859877 0.336130
0.874835 0.336130
0.473366 0.336208
0.473366 0.336208
0.942424 0.336709
0.942424 0.336709
0.962420 0.336711
0.962420 0.336711
0.890600 0.337231
0.890600 0.337231
0.511317 0.337920
0.511317 0.337920
0.258376 0.338192
0.258376 0.338192
0.001517 0.338202
0.001517 0.338202
0.497545 0.338525
0.497545 0.338525
0.491990 0.338901
0.491990 0.338901
0.503518 0.338984
0.503518 0.338984
0.486806 0.339867
0.486806 0.339867
0.468246 0.339935
0.468246 0.339935
0.453683 0.340452
0.453683 0.340452
0.510046 0.340461
0.510046 0.340461
0.456799 0.340467
0.456799 0.340467
0.901953 0.340880
0.901953 0.340880
0.554797 0.341253
0.554797 0.341253
0.584510 0.341710
0.584510 0.341710
0.226471 0.341731
0.275850 0.342962
0.275850 0.342962
0.378253 0.342987
0.378253 0.342987
0.327762 0.342987
0.509744 0.343060
0.509744 0.343060
0.942425 0.343097
0.942425 0.343097
0.962420 0.343099
0.962420 0.343099
0.517067 0.343195
0.517067 0.343195
0.477433 0.343409
0.477433 0.343409
0.503495 0.343484
0.503495 0.343484
0.313946 0.343954
0.313946 0.343954
0.281165 0.344030
0.281165 0.344030
0.498063 0.344300
0.498063 0.344300
0.164764 0.344485
0.415024 0.344729
0.415024 0.344729
0.463862 0.344773
0.463862 0.344773
0.418990 0.345025
0.418990 0.345025
0.031907 0.345038
0.031907 0.345038
0.587626 0.345177
0.587626 0.345177
0.451228 0.345262
0.451228 0.345262
0.493212 0.345326
0.493212 0.345326
0.223283 0.345452
0.223283 0.345452
0.510173 0.345550
0.510173 0.345550
0.472901 0.346010
0.472901 0.346010
0.488692 0.346550
0.488692 0.346550
0.310978 0.347039
0.310978 0.347039
0.346557 0.347077
0.346557 0.347077
0.207151 0.347491
0.504427 0.347600
0.504427 0.347600
0.511392 0.347745
0.511392 0.347745
0.439143 0.348066
0.439143 0.348066
0.568498 0.348099
0.568498 0.348099
0.454619 0.348734
0.454619 0.348734
0.209948 0.348907
0.209948 0.348907
0.942426 0.349253
0.942426 0.349253
0.962421 0.349255
0.962421 0.349255
0.468517 0.349293
0.468517 0.349293
0.579401 0.349357
0.579401 0.349357
0.499498 0.349414
0.499498 0.349414
0.513221 0.349553
0.513221 0.349553
0.480388 0.349745
0.480388 0.349745
0.460204 0.350567
0.460204 0.350567
0.515682 0.350743
0.515682 0.350743
0.997466 0.350773
0.997466 0.350773
0.976815 0.350839
0.976815 0.350839
0.518638 0.351023
0.518638 0.351023
0.495023 0.351077
0.495023 0.351077
0.506356 0.351329
0.506356 0.351329
0.476159 0.351667
0.476159 0.351667
0.434215 0.351835
0.434215 0.351835
0.490827 0.352612
0.490827 0.352612
0.000581 0.353068
0.124590 0.353068
0.464213 0.353417
0.464213 0.353417
0.397523 0.353863
0.397523 0.353863
0.604858 0.353873
0.604858 0.353873
0.471783 0.354000
0.471783 0.354000
0.000421 0.354110
0.124649 0.354110
0.501744 0.354205
0.501744 0.354205
0.275815 0.354320
0.275815 0.354320
0.571754 0.354467
0.571754 0.354467
0.177521 0.354484
0.509214 0.354682
0.509214 0.354682
0.877869 0.355026
0.877869 0.355026
0.885528 0.355026
0.885528 0.355026
0.436774 0.355109
0.436774 0.355109
0.981630 0.355369
0.981630 0.355369
0.482823 0.355662
0.482823 0.355662
0.497446 0.356569
0.497446 0.356569
0.467104 0.356881
0.467104 0.356881
0.930108 0.356894
0.930108 0.356894
0.911844 0.357004
0.911844 0.357004
0.454445 0.357093
0.454445 0.357093
0.478577 0.357211
0.478577 0.357211
0.457489 0.357431
0.457489 0.357431
0.513236 0.357431
0.513236 0.357431
0.380475 0.357874
0.380475 0.357874
0.939379 0.357972
0.939379 0.357972
0.276725 0.358099
0.276725 0.358099
0.493239 0.358557
0.493239 0.358557
0.460052 0.358651
0.460052 0.358651
0.505050 0.358800
0.505050 0.358800
0.474047 0.358879
0.474047 0.358879
0.518638 0.359098
0.518638 0.359098
0.038760 0.359160
0.038760 0.359160
0.052636 0.359160
0.052636 0.359160
0.989276 0.360478
0.989276 0.360478
0.461927 0.360537
0.461927 0.360537
0.161731 0.360728
0.161731 0.360728
0.468996 0.360731
0.468996 0.360731
0.921631 0.361176
0.921631 0.361176
0.921631 0.361176
0.921631 0.361176
0.957072 0.361176
0.957072 0.361176
0.957072 0.361176
0.957072 0.361176
0.484919 0.361727
0.484919 0.361727
0.500762 0.362119
0.500762 0.362119
0.463104 0.362834
0.463104 0.362834
0.560630 0.362953
0.480397 0.363002
0.480397 0.363002
0.965450 0.363069
0.965450 0.363069
0.973788 0.363069
0.973788 0.363069
0.509775 0.363193
0.509775 0.363193
0.475485 0.364090
0.475485 0.364090
0.496306 0.364775
0.496306 0.364775
0.469956 0.364937
0.469956 0.364937
0.455985 0.365196
0.455985 0.365196
0.261402 0.365292
0.261402 0.365292
0.077103 0.365370
0.077103 0.365370
0.463542 0.365388
0.463542 0.365388
0.223283 0.365410
0.223283 0.365410
0.056814 0.365412
0.056814 0.365412
0.436826 0.366467
0.436826 0.366467
0.226494 0.367044
0.226494 0.367044
0.033402 0.367052
0.033402 0.367052
0.516644 0.367104
0.516644 0.367104
0.965913 0.367645
0.965913 0.367645
0.075777 0.367718
0.075777 0.367718
0.505491 0.368010
0.505491 0.368010
0.463169 0.368062
0.463169 0.368062
0.994385 0.368124
0.994385 0.368124
0.168152 0.368282
0.168152 0.368282
0.486960 0.368479
0.486960 0.368479
0.209895 0.368865
0.209895 0.368865
0.432940 0.369353
0.432940 0.369353
0.481712 0.369494
0.481712 0.369494
0.569972 0.369527
0.569972 0.369527
0.469894 0.369534
0.469894 0.369534
0.635586 0.369665
0.635586 0.369665
0.174498 0.369861
0.174498 0.369861
0.476079 0.369874
0.476079 0.369874
0.038779 0.370253
0.038779 0.370253
0.052636 0.370253
0.052636 0.370253
0.461914 0.370660
0.461914 0.370660
0.978596 0.370664
0.978596 0.370664
0.500524 0.371891
0.500524 0.371891
0.459555 0.372887
0.459555 0.372887
0.621919 0.372918
0.621919 0.372918
0.512635 0.374458
0.512635 0.374458
0.468543 0.374585
0.468543 0.374585
0.494966 0.374838
0.494966 0.374838
0.488877 0.376593
0.488877 0.376593
0.475463 0.376786
0.475463 0.376786
0.245806 0.376883
0.245806 0.376883
0.014090 0.376893
0.014090 0.376893
0.996179 0.377143
0.996179 0.377143
0.482350 0.377333
0.482350 0.377333
0.451228 0.377418
0.451228 0.377418
0.409759 0.378794
0.409759 0.378794
0.247649 0.379471
0.247649 0.379471
0.001518 0.379869
0.001518 0.379869
0.465242 0.379878
0.465242 0.379878
0.506783 0.380638
0.506783 0.380638
0.592644 0.381641
0.592644 0.381641
0.583955 0.383206
0.583955 0.383206
0.419115 0.383430
0.419115 0.383430
0.015394 0.383886
0.015394 0.383886
0.472979 0.385020
0.472979 0.385020
0.499384 0.385159
0.499384 0.385159
0.994385 0.386162
0.994385 0.386162
0.521670 0.387175
0.457548 0.387244
0.457548 0.387244
0.545487 0.387263
0.545487 0.387263
0.490874 0.387561
0.490874 0.387561
0.481851 0.387580
0.481851 0.387580
0.877868 0.390713
0.877868 0.390713
0.885528 0.390713
0.885528 0.390713
0.202011 0.391265
0.056820 0.393714
0.056820 0.393714
0.075750 0.393714
0.075750 0.393714
0.989276 0.393807
0.989276 0.393807
0.206568 0.394471
0.206568 0.394471
0.053329 0.394478
0.053329 0.394478
0.880293 0.396238
0.880293 0.396238
0.486407 0.396681
0.486407 0.396681
0.516668 0.396825
0.516668 0.396825
0.177521 0.397199
0.981631 0.398916
0.981631 0.398916
0.984122 0.401590
0.984122 0.401590
0.997995 0.401590
0.997995 0.401590
0.900277 0.404151
0.900277 0.404151
0.337557 0.404656
0.337557 0.404656
0.320042 0.404670
0.320042 0.404670
0.448751 0.404862
0.448751 0.404862
0.554532 0.404940
0.554532 0.404940
0.559222 0.405245
0.559222 0.405245
0.598120 0.406381
0.598120 0.406381
0.080725 0.407333
0.080725 0.407333
0.161731 0.407333
0.161731 0.407333
0.168105 0.407333
0.168105 0.407333
0.174476 0.407335
0.174476 0.407335
0.431099 0.407923
0.431099 0.407923
0.554653 0.408469
0.554653 0.408469
0.226852 0.408624
0.226852 0.408624
0.334237 0.409675
0.334237 0.409675
0.318519 0.409676
0.318519 0.409676
0.221895 0.409797
0.221895 0.409797
0.038004 0.409805
0.038004 0.409805
0.025553 0.410049
0.025553 0.410049
0.354215 0.410117
0.354215 0.410117
0.303506 0.410161
0.303506 0.410161
0.111557 0.411693
0.111557 0.411693
0.141238 0.411693
0.141238 0.411693
0.921631 0.412401
0.921631 0.412401
0.921631 0.412401
0.921631 0.412401
0.957072 0.412401
0.957072 0.412401
0.957072 0.412401
0.957072 0.412401
0.559222 0.412857
0.559222 0.412857
0.035571 0.413047
0.035571 0.413047
0.592644 0.413168
0.592644 0.413168
0.962882 0.413836
0.962882 0.413836
0.542160 0.414021
0.542160 0.414021
0.859877 0.414274
0.874835 0.414274
0.179142 0.414399
0.179142 0.414399
0.080757 0.414403
0.080757 0.414403
0.349186 0.414531
0.349186 0.414531
0.303571 0.414534
0.303571 0.414534
0.949910 0.414858
0.949910 0.414858
0.638609 0.414914
0.638609 0.414914
0.856840 0.414939
0.856840 0.414939
0.798436 0.415006
0.798436 0.415006
0.691847 0.415061
0.691847 0.415061
0.608376 0.415425
0.608376 0.415425
0.946877 0.415733
0.946877 0.415733
0.926849 0.415763
0.926849 0.415763
0.483456 0.416069
0.483456 0.416069
0.519709 0.416069
0.519709 0.416069
0.863624 0.417758
0.863624 0.417758
0.877267 0.417758
0.877267 0.417758
0.037685 0.417996
0.569299 0.419771
0.569299 0.419771
0.590561 0.419771
0.590561 0.419771
0.609899 0.419771
0.609899 0.419771
0.738855 0.419773
0.738855 0.419773
0.774995 0.419773
0.774995 0.419773
0.539031 0.419774
0.539031 0.419774
0.438480 0.419774
0.438480 0.419774
0.693166 0.419778
0.693166 0.419778
0.778022 0.419778
0.778022 0.419778
0.787879 0.419778
0.787879 0.419778
0.730740 0.419813
0.730740 0.419813
0.289331 0.420451
0.289331 0.420451
0.368312 0.420491
0.368312 0.420491
0.111557 0.421554
0.111557 0.421554
0.141238 0.421555
0.141238 0.421555
0.920879 0.422188
0.920879 0.422188
0.001518 0.422293
0.001518 0.422293
0.361902 0.423769
0.361902 0.423769
0.290856 0.423774
0.290856 0.423774
0.923819 0.424068
0.923819 0.424068
0.635586 0.424646
0.635586 0.424646
0.621918 0.424654
0.621918 0.424654
0.909243 0.424796
0.909243 0.424796
0.146901 0.424877
0.146901 0.424877
0.112999 0.424878
0.112999 0.424878
0.638608 0.425540
0.638608 0.425540
0.686927 0.425544
0.686927 0.425544
0.803586 0.425547
0.803586 0.425547
0.856840 0.425547
0.856840 0.425547
0.015407 0.426264
0.015407 0.426264
0.020735 0.427172
0.020735 0.427172
0.554653 0.428400
0.554653 0.428400
0.030229 0.430901
0.030229 0.430901
0.487032 0.431536
0.487032 0.431536
0.515141 0.431536
0.515141 0.431536
0.033603 0.432159
0.033603 0.432159
0.984122 0.433047
0.984122 0.433047
0.997995 0.433047
0.997995 0.433047
0.638608 0.433051
0.638608 0.433051
0.685574 0.433055
0.685574 0.433055
0.805082 0.433058
0.805082 0.433058
0.856840 0.433058
0.856840 0.433058
0.689527 0.433077
0.689527 0.433077
0.734557 0.433077
0.734557 0.433077
0.188983 0.433711
0.188983 0.433711
0.070918 0.433716
0.070918 0.433716
0.787879 0.433724
0.787879 0.433724
0.778022 0.433724
0.778022 0.433724
0.194234 0.433918
0.194234 0.433918
0.214851 0.433918
0.214851 0.433918
0.542160 0.433953
0.542160 0.433953
0.442891 0.434264
0.442891 0.434264
0.524515 0.434297
0.524515 0.434297
0.378827 0.434481
0.378827 0.434481
0.279009 0.434659
0.279009 0.434659
0.478403 0.436056
0.478403 0.436056
0.445297 0.436056
0.445297 0.436056
0.515441 0.436056
0.515441 0.436056
0.552883 0.436056
0.552883 0.436056
0.628239 0.436056
0.628239 0.436056
0.665681 0.436056
0.665681 0.436056
0.702719 0.436056
0.702719 0.436056
0.735825 0.436056
0.735825 0.436056
0.857793 0.436066
0.371142 0.436484
0.371142 0.436484
0.281618 0.436491
0.281618 0.436491
0.488233 0.436693
0.513941 0.436693
0.001988 0.437836
0.001988 0.437836
0.778021 0.437964
0.778021 0.437964
0.813022 0.437965
0.813022 0.437965
0.025645 0.438068
0.025645 0.438068
0.903329 0.438659
0.903329 0.438659
0.997350 0.438678
0.985422 0.438678
0.965913 0.438866
0.965913 0.438866
0.977860 0.439418
0.977860 0.439418
0.487032 0.439427
0.487032 0.439427
0.515141 0.439427
0.515141 0.439427
0.834842 0.439688
0.982394 0.440230
0.982394 0.440230
0.014972 0.441629
0.014972 0.441629
0.442264 0.442098
0.442264 0.442098
0.076639 0.442214
0.216144 0.442495
0.216144 0.442495
0.514278 0.443502
0.487895 0.443502
0.022175 0.445189
0.022175 0.445189
0.478404 0.445627
0.478404 0.445627
0.515441 0.445627
0.515441 0.445627
0.552883 0.445627
0.552883 0.445627
0.454869 0.445627
0.454869 0.445627
0.590561 0.445627
0.590561 0.445627
0.628239 0.445627
0.628239 0.445627
0.665681 0.445627
0.665681 0.445627
0.702719 0.445627
0.702719 0.445627
0.726254 0.445627
0.726254 0.445627
0.150292 0.446284
0.150292 0.446284
0.109609 0.446286
0.109609 0.446286
0.860539 0.448340
0.860539 0.448340
0.669397 0.450079
0.669397 0.450079
0.719892 0.450079
0.482828 0.450081
0.482828 0.450081
0.636621 0.450082
0.636621 0.450082
0.153487 0.450085
0.153487 0.450085
0.153487 0.450085
0.153487 0.450085
0.457908 0.450088
0.479785 0.450088
0.666370 0.450088
0.646526 0.450088
0.102222 0.450092
0.102222 0.450092
0.102222 0.450092
0.102222 0.450092
0.968246 0.450125
0.968246 0.450125
0.384457 0.451038
0.384457 0.451038
0.273544 0.451400
0.273544 0.451400
0.376000 0.451432
0.376000 0.451432
0.276762 0.451439
0.276762 0.451439
0.024268 0.452541
0.024268 0.452541
0.164021 0.452911
0.164021 0.452911
0.203202 0.454214
0.203202 0.454214
0.531305 0.458183
0.531305 0.458183
0.588003 0.458192
0.588003 0.458192
0.487032 0.458926
0.487032 0.458926
0.515141 0.458926
0.515141 0.458926
0.483812 0.459141
0.518361 0.459141
0.033603 0.459613
0.033603 0.459613
0.202971 0.460415
0.202971 0.460415
0.532024 0.462208
0.532024 0.462208
0.575890 0.462208
0.575890 0.462208
0.738855 0.462906
0.738855 0.462906
0.774995 0.462906
0.774995 0.462906
0.846937 0.462987
0.846937 0.462987
0.147037 0.465662
0.147037 0.465662
0.147037 0.465662
0.147037 0.465662
0.108677 0.465667
0.108677 0.465667
0.108677 0.465667
0.108677 0.465667
0.376001 0.467150
0.376001 0.467150
0.276763 0.467157
0.276763 0.467157
0.191594 0.467944
0.191594 0.467944
0.384659 0.468520
0.384659 0.468520
0.273758 0.468963
0.273758 0.468963
0.816162 0.469883
0.140617 0.470385
0.061216 0.471554
0.997350 0.471559
0.997350 0.471559
0.985422 0.471559
0.985422 0.471559
0.837968 0.472101
0.105170 0.472542
0.482822 0.473401
0.482822 0.473401
0.636626 0.473401
0.636626 0.473401
0.603782 0.473407
0.603782 0.473407
0.516865 0.473409
0.516865 0.473409
0.946846 0.474836
0.946846 0.474836
0.926849 0.474837
0.926849 0.474837
0.483812 0.475184
0.518361 0.475184
0.526815 0.475239
0.526815 0.475239
0.585216 0.475239
0.585216 0.475239
0.985424 0.476355
0.985424 0.476355
0.997348 0.476355
0.997348 0.476355
0.061732 0.476601
0.061732 0.476601
0.056498 0.476715
0.646525 0.477549
0.646525 0.477549
0.479785 0.477604
0.479785 0.477604
0.523267 0.477616
0.523267 0.477616
0.442273 0.477927
0.442273 0.477927
0.216193 0.477957
0.216193 0.477957
0.487032 0.478660
0.487032 0.478660
0.515141 0.478660
0.515141 0.478660
0.778021 0.479739
0.778021 0.479739
0.813022 0.479739
0.813022 0.479739
0.037685 0.479761
0.049322 0.479933
0.041600 0.480348
0.001520 0.480401
0.001520 0.480401
0.019777 0.480514
0.019777 0.480514
0.946843 0.481225
0.946843 0.481225
0.926849 0.481225
0.926849 0.481225
0.371146 0.482099
0.371146 0.482099
0.281622 0.482105
0.281622 0.482105
0.204394 0.483916
0.204394 0.483916
0.049068 0.484722
0.049068 0.484722
0.143888 0.484793
0.143888 0.484793
0.379411 0.485202
0.379411 0.485202
0.279355 0.485627
0.279355 0.485627
0.065978 0.486346
0.065978 0.486346
0.065978 0.486346
0.065978 0.486346
0.189890 0.486370
0.189890 0.486370
0.189890 0.486370
0.189890 0.486370
0.101436 0.486953
0.101436 0.486953
0.946843 0.487613
0.946843 0.487613
0.926850 0.487614
0.926850 0.487614
0.166325 0.489091
0.166325 0.489091
0.193104 0.489639
0.193104 0.489639
0.087526 0.490972
0.087526 0.490972
0.840426 0.492324
0.174167 0.492783
0.174167 0.492783
0.174167 0.492783
0.174167 0.492783
0.081555 0.492796
0.081555 0.492796
0.081555 0.492796
0.081555 0.492796
0.946844 0.493770
0.946844 0.493770
0.926852 0.493771
0.926852 0.493771
0.361908 0.494815
0.361908 0.494815
0.290861 0.494821
0.290861 0.494821
0.949954 0.496008
0.949954 0.496008
0.982394 0.496144
0.982394 0.496144
0.962881 0.497023
0.962881 0.497023
0.968220 0.497117
0.968220 0.497117
0.219227 0.497278
0.219227 0.497278
0.985424 0.497687
0.997348 0.497687
0.487032 0.498542
0.487032 0.498542
0.515141 0.498542
0.515141 0.498542
0.048618 0.499402
0.048618 0.499402
0.369214 0.499446
0.369214 0.499446
0.289807 0.499772
0.289807 0.499772
0.000581 0.500220
0.124590 0.500220
0.205949 0.500232
0.205949 0.500232
0.666370 0.500583
0.666370 0.500583
0.927562 0.500601
0.972696 0.500602
0.972696 0.500602
0.457908 0.500646
0.457908 0.500646
0.975783 0.500893
0.975783 0.500893
0.000421 0.501593
0.124649 0.501593
0.349193 0.504055
0.349193 0.504055
0.303578 0.504058
0.303578 0.504058
0.484896 0.504061
0.517277 0.504061
0.997909 0.504772
0.997909 0.504772
0.669397 0.505211
0.669397 0.505211
0.719892 0.505211
0.738855 0.506040
0.738855 0.506040
0.774995 0.506040
0.774995 0.506040
0.436906 0.506746
0.436906 0.506746
0.654524 0.507405
0.654524 0.507405
0.469754 0.507466
0.469754 0.507466
0.523267 0.507480
0.523267 0.507480
0.484689 0.508234
0.517484 0.508234
0.061731 0.508600
0.061731 0.508600
0.334245 0.508913
0.334245 0.508913
0.318527 0.508914
0.318527 0.508914
0.355048 0.509666
0.355048 0.509666
0.304106 0.510012
0.304106 0.510012
0.146983 0.510018
0.146983 0.510018
0.001519 0.510198
0.001519 0.510198
0.168820 0.510206
0.168820 0.510206
0.019778 0.510206
0.019778 0.510206
0.227164 0.511869
0.227164 0.511869
0.431236 0.511891
0.431236 0.511891
0.454869 0.512185
0.454869 0.512185
0.478403 0.512185
0.478403 0.512185
0.515441 0.512185
0.515441 0.512185
0.552883 0.512185
0.552883 0.512185
0.590561 0.512185
0.590561 0.512185
0.628239 0.512185
0.628239 0.512185
0.726254 0.512185
0.726254 0.512185
0.665681 0.512185
0.665681 0.512185
0.702719 0.512185
0.702719 0.512185
0.484482 0.513443
0.517691 0.513443
0.001520 0.514738
0.001520 0.514738
0.035740 0.514738
0.035740 0.514738
0.338418 0.515216
0.338418 0.515216
0.320858 0.515336
0.320858 0.515336
0.487032 0.518424
0.487032 0.518424
0.515141 0.518424
0.515141 0.518424
0.484396 0.518927
0.517777 0.518927
0.976450 0.520173
0.976450 0.520173
0.927562 0.520701
0.972696 0.520701
0.972696 0.520701
0.778021 0.521514
0.778021 0.521514
0.813022 0.521514
0.813022 0.521514
0.445297 0.521756
0.445297 0.521756
0.478403 0.521756
0.478403 0.521756
0.515441 0.521756
0.515441 0.521756
0.552883 0.521756
0.552883 0.521756
0.735825 0.521756
0.735825 0.521756
0.628239 0.521756
0.628239 0.521756
0.665681 0.521756
0.665681 0.521756
0.702719 0.521756
0.702719 0.521756
0.847240 0.522792
0.847240 0.522792
0.224305 0.523060
0.224305 0.523060
0.428610 0.524147
0.428610 0.524147
0.207403 0.524243
0.207403 0.524243
0.903329 0.524352
0.903329 0.524352
0.630237 0.524841
0.630237 0.524841
0.638033 0.524842
0.638033 0.524842
0.646579 0.524843
0.646579 0.524843
0.445368 0.524846
0.445368 0.524846
0.483641 0.524846
0.483641 0.524846
0.926848 0.524847
0.926848 0.524847
0.956527 0.524847
0.956527 0.524847
0.683299 0.524848
0.683299 0.524848
0.960889 0.525110
0.960889 0.525110
0.693967 0.525275
0.860539 0.526418
0.860539 0.526418
0.517132 0.526863
0.517132 0.526863
0.536652 0.526897
0.536652 0.526897
0.220989 0.527144
0.220989 0.527144
0.997909 0.529293
0.997909 0.529293
0.166221 0.529368
0.166221 0.529368
0.101436 0.529390
0.101436 0.529390
0.235681 0.530589
0.235681 0.530589
0.174172 0.531145
0.174172 0.531145
0.174172 0.531145
0.174172 0.531145
0.081560 0.531157
0.081560 0.531157
0.081560 0.531157
0.081560 0.531157
0.993396 0.531169
0.993396 0.531169
0.143905 0.531977
0.143905 0.531977
0.498451 0.532839
0.498451 0.532839
0.483812 0.532867
0.518361 0.532867
0.555148 0.532910
0.555148 0.532910
0.038777 0.533202
0.038777 0.533202
0.087512 0.533362
0.087512 0.533362
0.728566 0.533481
0.728566 0.533481
0.715411 0.533539
0.690060 0.534809
0.900308 0.535885
0.900308 0.535885
0.880293 0.535894
0.880293 0.535894
0.976560 0.537153
0.976560 0.537153
0.189897 0.537594
0.189897 0.537594
0.189897 0.537594
0.189897 0.537594
0.065779 0.537614
0.065779 0.537614
0.065779 0.537614
0.065779 0.537614
0.488812 0.537943
0.513361 0.537943
0.569299 0.538041
0.569299 0.538041
0.590561 0.538041
0.590561 0.538041
0.609899 0.538041
0.609899 0.538041
0.487032 0.538158
0.487032 0.538158
0.515141 0.538158
0.515141 0.538158
0.926848 0.538724
0.926848 0.538724
0.956527 0.538724
0.956527 0.538724
0.923819 0.538944
0.923819 0.538944
0.419913 0.539160
0.419913 0.539160
0.890150 0.539558
0.410366 0.540707
0.410366 0.540707
0.715328 0.540802
0.715328 0.540802
0.248123 0.540862
0.248123 0.540862
0.911618 0.541012
0.911618 0.541012
0.919383 0.541012
0.919383 0.541012
0.000770 0.541134
0.125206 0.541134
0.534190 0.541385
0.534190 0.541385
0.519242 0.541469
0.519242 0.541469
0.712045 0.541484
0.979585 0.541510
0.979585 0.541510
0.453214 0.542009
0.453214 0.542009
0.479068 0.542020
0.479068 0.542020
0.412795 0.542659
0.412795 0.542659
0.427192 0.542660
0.427192 0.542660
0.922410 0.543032
0.922410 0.543032
0.922410 0.543032
0.922410 0.543032
0.957851 0.543032
0.957851 0.543032
0.957851 0.543032
0.957851 0.543032
0.620307 0.543033
0.620307 0.543033
0.586263 0.543033
0.586263 0.543033
0.482420 0.544365
0.482420 0.544365
0.570808 0.544379
0.570808 0.544379
0.901717 0.545015
0.475182 0.545052
0.475182 0.545052
0.450873 0.545052
0.450873 0.545052
0.548333 0.545841
0.548333 0.545841
0.504991 0.546150
0.504991 0.546150
0.735579 0.546379
0.735579 0.546379
0.222881 0.546561
0.222881 0.546561
0.512239 0.547073
0.512239 0.547073
0.512239 0.547073
0.512239 0.547073
0.535353 0.547074
0.535353 0.547074
0.535353 0.547074
0.535353 0.547074
0.105170 0.548241
0.052640 0.548890
0.052640 0.548890
0.738855 0.549173
0.738855 0.549173
0.774995 0.549173
0.774995 0.549173
0.247549 0.549600
0.247549 0.549600
0.906574 0.549846
0.140617 0.550398
0.234170 0.552283
0.234170 0.552283
0.184582 0.553178
0.184582 0.553178
0.722282 0.553593
0.722282 0.553593
0.407913 0.553646
0.407913 0.553646
0.432227 0.553646
0.432227 0.553646
0.261443 0.553663
0.261443 0.553663
0.560314 0.554491
0.560314 0.554491
0.492871 0.555049
0.492871 0.555049
0.470148 0.556036
0.470148 0.556036
0.455755 0.556037
0.455755 0.556037
0.196465 0.556735
0.196465 0.556735
0.908585 0.556927
0.393181 0.557172
0.393181 0.557172
0.432218 0.557172
0.432218 0.557172
0.710100 0.557477
0.487032 0.557657
0.487032 0.557657
0.515141 0.557657
0.515141 0.557657
0.147051 0.558274
0.147051 0.558274
0.147051 0.558274
0.147051 0.558274
0.108689 0.558279
0.108689 0.558279
0.108689 0.558279
0.108689 0.558279
0.232130 0.559441
0.232130 0.559441
0.462870 0.559534
0.462870 0.559534
0.208049 0.559922
0.208049 0.559922
0.582046 0.560148
0.582046 0.560148
0.517776 0.560391
0.484398 0.560391
0.470655 0.560510
0.470655 0.560510
0.381546 0.561935
0.381546 0.561935
0.277092 0.562019
0.277092 0.562019
0.221326 0.562877
0.221326 0.562877
0.778021 0.563288
0.778021 0.563288
0.813022 0.563288
0.813022 0.563288
0.993396 0.563334
0.993396 0.563334
0.495895 0.563418
0.495895 0.563418
0.495895 0.563418
0.495895 0.563418
0.551697 0.563418
0.551697 0.563418
0.551697 0.563418
0.551697 0.563418
0.620307 0.563684
0.620307 0.563684
0.586263 0.563705
0.586263 0.563705
0.911618 0.563812
0.911618 0.563812
0.919383 0.563812
0.919383 0.563812
0.487032 0.565549
0.487032 0.565549
0.515141 0.565549
0.515141 0.565549
0.555629 0.566219
0.555629 0.566219
0.568955 0.566449
0.568955 0.566449
0.816053 0.567278
0.816053 0.567278
0.823859 0.567278
0.823859 0.567278
0.880261 0.567289
0.484168 0.567363
0.484168 0.567363
0.244447 0.568082
0.244447 0.568082
0.683295 0.568715
0.683295 0.568715
0.378473 0.569870
0.378473 0.569870
0.979719 0.571093
0.979719 0.571093
0.613817 0.571738
0.613817 0.571738
0.421714 0.571918
0.421714 0.571918
0.567063 0.572405
0.567063 0.572405
0.311260 0.573184
0.311260 0.573184
0.347271 0.573184
0.347271 0.573184
0.174065 0.573642
0.174065 0.573642
0.153681 0.573820
0.153681 0.573820
0.153681 0.573820
0.153681 0.573820
0.102457 0.573827
0.102457 0.573827
0.102457 0.573827
0.102457 0.573827
0.979659 0.574421
0.979659 0.574421
0.000770 0.574762
0.125206 0.574762
0.265676 0.575361
0.265676 0.575361
0.425727 0.575367
0.414999 0.575402
0.302615 0.575404
0.302615 0.575404
0.310468 0.575413
0.310468 0.575413
0.318319 0.575420
0.318319 0.575420
0.321349 0.575653
0.602262 0.575817
0.602262 0.575817
0.630230 0.576599
0.630230 0.576599
0.151559 0.577382
0.151559 0.577382
0.136684 0.577510
0.136684 0.577510
0.638026 0.578084
0.638026 0.578084
0.071185 0.578184
0.071185 0.578184
0.587760 0.578569
0.587760 0.578569
0.464857 0.579430
0.464857 0.579430
0.083590 0.579835
0.083590 0.579835
0.186235 0.580467
0.186235 0.580467
0.573421 0.580514
0.573421 0.580514
0.479356 0.581560
0.479356 0.581560
0.629100 0.581892
0.629100 0.581892
0.993291 0.582201
0.993291 0.582201
0.114093 0.582965
0.114093 0.582965
0.646522 0.583224
0.646522 0.583224
0.198193 0.584466
0.198193 0.584466
0.960889 0.584525
0.976560 0.584525
0.425742 0.585534
0.415094 0.585566
0.643003 0.585737
0.643003 0.585737
0.331515 0.585816
0.495895 0.586532
0.495895 0.586532
0.495895 0.586532
0.495895 0.586532
0.551697 0.586532
0.551697 0.586532
0.551697 0.586532
0.551697 0.586532
0.148535 0.586872
0.148535 0.586872
0.219872 0.586887
0.219872 0.586887
0.442593 0.587837
0.442593 0.587837
0.680259 0.587882
0.680259 0.587882
0.852243 0.589493
0.334558 0.589500
0.432304 0.589500
0.432304 0.589500
0.435943 0.589718
0.435943 0.589718
0.206286 0.589788
0.206286 0.589788
0.662652 0.590328
0.662652 0.590328
0.172722 0.590748
0.172722 0.590748
0.666545 0.590853
0.666545 0.590853
0.738855 0.592307
0.738855 0.592307
0.774995 0.592307
0.774995 0.592307
0.922410 0.594258
0.922410 0.594258
0.922410 0.594258
0.922410 0.594258
0.957851 0.594258
0.957851 0.594258
0.957851 0.594258
0.957851 0.594258
0.094293 0.595134
0.094293 0.595134
0.573330 0.595347
0.573330 0.595347
0.479171 0.596333
0.479171 0.596333
0.231626 0.596930
0.231626 0.596930
0.922416 0.597581
0.922416 0.597581
0.954962 0.597581
0.959251 0.597588
0.959251 0.597588
0.976351 0.597588
0.976351 0.597588
0.587552 0.597706
0.587552 0.597706
0.554200 0.597734
0.554200 0.597734
0.465092 0.598525
0.465092 0.598525
0.911618 0.599435
0.911618 0.599435
0.919383 0.599435
0.919383 0.599435
0.151559 0.600474
0.151559 0.600474
0.607505 0.601630
0.607505 0.601630
0.589244 0.601672
0.589244 0.601672
0.334549 0.602168
0.429500 0.602232
0.429500 0.602232
0.512239 0.602876
0.512239 0.602876
0.512239 0.602876
0.512239 0.602876
0.535353 0.602876
0.535353 0.602876
0.535353 0.602876
0.535353 0.602876
0.567063 0.603751
0.567063 0.603751
0.979477 0.604000
0.979477 0.604000
0.735579 0.604621
0.735579 0.604621
0.778021 0.605063
0.778021 0.605063
0.813022 0.605063
0.813022 0.605063
0.629100 0.605436
0.629100 0.605436
0.854188 0.605486
0.500398 0.605673
0.500398 0.605673
0.548669 0.605778
0.548669 0.605778
0.976351 0.606756
0.976351 0.606756
0.714238 0.607207
0.714238 0.607207
0.184654 0.607689
0.215721 0.607690
0.568407 0.609345
0.568407 0.609345
0.361624 0.609710
0.352658 0.609786
0.438600 0.609959
0.483640 0.610333
0.483640 0.610333
0.159896 0.611225
0.159896 0.611225
0.244447 0.611322
0.244447 0.611322
0.832203 0.612162
0.979507 0.612362
0.979507 0.612362
0.079223 0.612826
0.079223 0.612826
0.857554 0.613431
0.993291 0.614362
0.993291 0.614362
0.643003 0.614990
0.643003 0.614990
0.242692 0.615822
0.242692 0.615822
0.581681 0.616251
0.581681 0.616251
0.170307 0.616383
0.170307 0.616383
0.470734 0.616594
0.470734 0.616594
0.677774 0.616655
0.677774 0.616655
0.000770 0.617002
0.125206 0.617002
0.993573 0.617044
0.993573 0.617044
0.854889 0.617787
0.854889 0.617787
0.860589 0.617791
0.860589 0.617791
0.265625 0.617877
0.265625 0.617877
0.735512 0.617962
0.735512 0.617962
0.230809 0.619379
0.230809 0.619379
0.361553 0.619536
0.352661 0.619614
0.001520 0.619673
0.001520 0.619673
0.035740 0.619673
0.035740 0.619673
0.428774 0.619784
0.666545 0.620737
0.666545 0.620737
0.318285 0.620849
0.318285 0.620849
0.707166 0.620905
0.707166 0.620905
0.559575 0.621558
0.559575 0.621558
0.836110 0.621696
0.492270 0.622202
0.492270 0.622202
0.310439 0.622753
0.310439 0.622753
0.001520 0.623849
0.001520 0.623849
0.034921 0.623849
0.034921 0.623849
0.422445 0.623854
0.422445 0.623854
0.334561 0.623854
0.334561 0.623854
0.499387 0.624256
0.499387 0.624256
0.550865 0.624256
0.550865 0.624256
0.052640 0.626954
0.052640 0.626954
0.547489 0.630503
0.547489 0.630503
0.504245 0.630852
0.504245 0.630852
0.038776 0.631018
0.038776 0.631018
0.261039 0.631726
0.261039 0.631726
0.302549 0.631902
0.302549 0.631902
0.569980 0.632209
0.569980 0.632209
0.481832 0.632265
0.481832 0.632265
0.816053 0.633800
0.816053 0.633800
0.823859 0.633800
0.823859 0.633800
0.070358 0.634309
0.070358 0.634309
0.305576 0.634395
0.305576 0.634395
0.533293 0.635250
0.533293 0.635250
0.518386 0.635362
0.518386 0.635362
0.738855 0.635440
0.738855 0.635440
0.774995 0.635440
0.774995 0.635440
0.911618 0.635467
0.911618 0.635467
0.919383 0.635467
0.919383 0.635467
0.270350 0.636663
0.270350 0.636663
0.316950 0.637314
0.316950 0.637314
0.863624 0.637867
0.863624 0.637867
0.877267 0.637867
0.877267 0.637867
0.908585 0.638817
0.285329 0.639663
0.285329 0.639663
0.878937 0.640276
0.878937 0.640276
0.001520 0.640951
0.001520 0.640951
0.034921 0.640951
0.034921 0.640951
0.281772 0.641059
0.281772 0.641059
0.241039 0.643111
0.241039 0.643111
0.554068 0.643758
0.554068 0.643758
0.497418 0.643761
0.497418 0.643761
0.981306 0.643876
0.981306 0.643876
0.048639 0.644059
0.048639 0.644059
0.019382 0.644059
0.019382 0.644059
0.589244 0.645454
0.589244 0.645454
0.607505 0.645467
0.607505 0.645467
0.818515 0.645566
0.818515 0.645566
0.247549 0.645731
0.247549 0.645731
0.012032 0.645754
0.012032 0.645754
0.422445 0.646036
0.422445 0.646036
0.334561 0.646036
0.334561 0.646036
0.993573 0.646417
0.993573 0.646417
0.778021 0.646838
0.778021 0.646838
0.813022 0.646838
0.813022 0.646838
0.229081 0.647109
0.229081 0.647109
0.000581 0.647372
0.124590 0.647372
0.624185 0.648190
0.997038 0.648568
0.997038 0.648568
0.615710 0.648669
0.000421 0.649076
0.124649 0.649076
0.885243 0.649572
0.515912 0.649828
0.515912 0.649828
0.535443 0.649828
0.535443 0.649828
0.865228 0.650099
0.865228 0.650099
0.707157 0.650598
0.707157 0.650598
0.954962 0.651518
0.922479 0.651518
0.922479 0.651518
0.982298 0.652199
0.982298 0.652199
0.219490 0.652609
0.219490 0.652609
0.976351 0.652986
0.976351 0.652986
0.959251 0.653012
0.959251 0.653012
0.151562 0.654159
0.151562 0.654159
0.159368 0.654159
0.159368 0.654159
0.630053 0.654552
0.630053 0.654552
0.698284 0.654645
0.956220 0.655174
0.956220 0.655174
0.643285 0.655224
0.643285 0.655224
0.894443 0.655301
0.002188 0.656034
0.002188 0.656034
0.490378 0.656104
0.941069 0.656202
0.959254 0.656245
0.959254 0.656245
0.232752 0.656256
0.232752 0.656256
0.922416 0.656437
0.979271 0.657047
0.979271 0.657047
0.028937 0.657298
0.028937 0.657298
0.044812 0.657298
0.044812 0.657298
0.068565 0.657480
0.068565 0.657480
0.624519 0.658009
0.616083 0.658487
0.331523 0.659471
0.415101 0.659703
0.425750 0.659733
0.946999 0.660101
0.946999 0.660101
0.881964 0.660222
0.881964 0.660222
0.906272 0.660222
0.906272 0.660222
0.702421 0.660747
0.702421 0.660747
0.000770 0.661374
0.125206 0.661374
0.594362 0.664324
0.594362 0.664324
0.716253 0.664894
0.716253 0.664894
0.574385 0.665062
0.574385 0.665062
0.500201 0.665434
0.721867 0.666915
0.721867 0.666915
0.504088 0.668304
0.504088 0.668304
0.571335 0.668394
0.571335 0.668394
0.623051 0.669415
0.623051 0.669415
0.321359 0.669636
0.415010 0.669867
0.425736 0.669899
0.911618 0.671748
0.911618 0.671748
0.919383 0.671748
0.919383 0.671748
0.056038 0.671923
0.056038 0.671923
0.215721 0.672107
0.459543 0.673143
0.459543 0.673143
0.267378 0.673868
0.267378 0.673868
0.428774 0.673898
0.466966 0.673994
0.466966 0.673994
0.352661 0.674068
0.361553 0.674146
0.178283 0.674553
0.042882 0.674648
0.042882 0.674648
0.695826 0.674868
0.818861 0.675920
0.818861 0.675920
0.602937 0.676529
0.674020 0.677086
0.235792 0.678410
0.235792 0.678410
0.251007 0.678410
0.251007 0.678410
0.738855 0.678574
0.738855 0.678574
0.774995 0.678574
0.774995 0.678574
0.001516 0.678806
0.001516 0.678806
0.994295 0.678955
0.994295 0.678955
0.662680 0.679020
0.662680 0.679020
0.256966 0.679026
0.256966 0.679026
0.631959 0.679262
0.631959 0.679262
0.029482 0.679935
0.029482 0.679935
0.074020 0.680070
0.074020 0.680070
0.702421 0.680704
0.702421 0.680704
0.997569 0.680932
0.997569 0.680932
0.982298 0.681360
0.982298 0.681360
0.051654 0.681603
0.051654 0.681603
0.454379 0.682525
0.454379 0.682525
0.333215 0.682575
0.333215 0.682575
0.438600 0.683723
0.352657 0.683895
0.361624 0.683972
0.037335 0.684272
0.037335 0.684272
0.716262 0.684851
0.716262 0.684851
0.983690 0.684943
0.983690 0.684943
0.045073 0.685224
0.045073 0.685224
0.816051 0.686488
0.816051 0.686488
0.816051 0.686488
0.816051 0.686488
0.829105 0.686488
0.829105 0.686488
0.829105 0.686488
0.829105 0.686488
0.436632 0.687564
0.607023 0.688082
0.459043 0.688385
0.459043 0.688385
0.390974 0.688511
0.390974 0.688511
0.419318 0.688512
0.419318 0.688512
0.778021 0.688612
0.778021 0.688612
0.813022 0.688612
0.813022 0.688612
0.846938 0.689204
0.846938 0.689204
0.646830 0.689462
0.646830 0.689462
0.597436 0.690540
0.597436 0.690540
0.625934 0.690646
0.625934 0.690646
0.474902 0.691241
0.474902 0.691241
0.321360 0.691421
0.321360 0.691421
0.487458 0.691655
0.487458 0.691655
0.214560 0.692358
0.214560 0.692358
0.376985 0.692863
0.376985 0.692863
0.438519 0.694212
0.638026 0.694570
0.638026 0.694570
0.219490 0.695085
0.219490 0.695085
0.630230 0.696108
0.630230 0.696108
0.074993 0.696140
0.074993 0.696140
0.194412 0.696846
0.442450 0.697646
0.442450 0.697646
0.232764 0.698690
0.232764 0.698690
0.178348 0.698718
0.086189 0.699870
0.086189 0.699870
0.959254 0.700366
0.959254 0.700366
0.979273 0.700434
0.979273 0.700434
0.235792 0.700591
0.235792 0.700591
0.251007 0.700591
0.251007 0.700591
0.683612 0.700599
0.683612 0.700599
0.220418 0.702092
0.220418 0.702092
0.222121 0.704673
0.222121 0.704673
0.248826 0.704673
0.504090 0.705414
0.571339 0.705414
0.962675 0.705532
0.500201 0.707099
0.692700 0.707281
0.911618 0.708028
0.911618 0.708028
0.919383 0.708028
0.919383 0.708028
0.419317 0.708280
0.419317 0.708280
0.574375 0.708529
0.574375 0.708529
0.594403 0.708534
0.594403 0.708534
0.389943 0.708584
0.389943 0.708584
0.422341 0.708717
0.422341 0.708717
0.625931 0.708906
0.625931 0.708906
0.997569 0.708927
0.997569 0.708927
0.597436 0.709104
0.597436 0.709104
0.165835 0.709262
0.165835 0.709262
0.721864 0.710749
0.721864 0.710749
0.715652 0.710902
0.176121 0.712349
0.176121 0.712349
0.983642 0.712725
0.983642 0.712725
0.979346 0.713896
0.616083 0.714047
0.624519 0.714524
0.103881 0.714939
0.103881 0.714939
0.982375 0.715282
0.982375 0.715282
0.490378 0.716429
0.167691 0.716764
0.167691 0.716764
0.442450 0.718135
0.442450 0.718135
0.996282 0.719292
0.996282 0.719292
0.187859 0.719551
0.187859 0.719551
0.248826 0.720198
0.201452 0.720199
0.201452 0.720199
0.151562 0.720681
0.151562 0.720681
0.159368 0.720681
0.159368 0.720681
0.738855 0.721707
0.738855 0.721707
0.774995 0.721707
0.774995 0.721707
0.172903 0.722466
0.172903 0.722466
0.470093 0.722867
0.520647 0.722867
0.520647 0.722867
0.180744 0.722879
0.180744 0.722879
0.076867 0.723091
0.076867 0.723091
0.125364 0.723805
0.125364 0.723805
0.615710 0.723864
0.693790 0.724045
0.693790 0.724045
0.922416 0.724092
0.282109 0.724240
0.282109 0.724240
0.941069 0.724326
0.624185 0.724343
0.148534 0.725598
0.148534 0.725598
0.119604 0.727385
0.119604 0.727385
0.146297 0.727579
0.146297 0.727579
0.305576 0.727724
0.316501 0.727724
0.185035 0.727891
0.185035 0.727891
0.270350 0.728569
0.270350 0.728569
0.616639 0.728924
0.616639 0.728924
0.616639 0.728924
0.616639 0.728924
0.523681 0.728924
0.523681 0.728924
0.523681 0.728924
0.523681 0.728924
0.942440 0.728931
0.942440 0.728931
0.922414 0.729055
0.922414 0.729055
0.131629 0.729368
0.131629 0.729368
0.778021 0.730387
0.778021 0.730387
0.813022 0.730387
0.813022 0.730387
0.466748 0.731419
0.466748 0.731419
0.285289 0.731550
0.285289 0.731550
0.144977 0.732858
0.144977 0.732858
0.846942 0.732985
0.846942 0.732985
0.453416 0.735059
0.453416 0.735059
0.413278 0.737585
0.413278 0.737585
0.419317 0.737585
0.419317 0.737585
0.302481 0.738968
0.302481 0.738968
0.616639 0.741977
0.616639 0.741977
0.616639 0.741977
0.616639 0.741977
0.523681 0.741977
0.523681 0.741977
0.523681 0.741977
0.523681 0.741977
0.638027 0.743074
0.638027 0.743074
0.646998 0.743074
0.646998 0.743074
0.630230 0.743074
0.630230 0.743074
0.683277 0.743078
0.683277 0.743078
0.982375 0.743273
0.982375 0.743273
0.442471 0.743316
0.442471 0.743316
0.911618 0.744060
0.911618 0.744060
0.919383 0.744060
0.919383 0.744060
0.428676 0.745417
0.428676 0.745417
0.996330 0.747072
0.996330 0.747072
0.570357 0.747105
0.570357 0.747105
0.642276 0.747105
0.642276 0.747105
0.523668 0.747106
0.523668 0.747106
0.688936 0.747106
0.688936 0.747106
0.201452 0.747161
0.201452 0.747161
0.248826 0.747161
0.188076 0.747577
0.188076 0.747577
0.310383 0.748106
0.310383 0.748106
0.423168 0.748426
0.423168 0.748426
0.832231 0.749303
0.832231 0.749303
0.131629 0.749326
0.131629 0.749326
0.318230 0.750001
0.318230 0.750001
0.997727 0.750007
0.997727 0.750007
0.400206 0.750931
0.400206 0.750931
0.959299 0.751134
0.201390 0.751191
0.201390 0.751191
0.144987 0.752817
0.144987 0.752817
0.265574 0.753036
0.265574 0.753036
0.693456 0.754390
0.693456 0.754390
0.212713 0.754999
0.212713 0.754999
0.959257 0.756051
0.959257 0.756051
0.984847 0.756075
0.984847 0.756075
0.979346 0.759774
0.470093 0.760347
0.520647 0.760347
0.520647 0.760347
0.523668 0.764205
0.523668 0.764205
0.688936 0.764205
0.688936 0.764205
0.134301 0.764263
0.134301 0.764263
0.159883 0.764325
0.159883 0.764325
0.206856 0.764733
0.206856 0.764733
0.738855 0.764841
0.738855 0.764841
0.774995 0.764841
0.774995 0.764841
0.982451 0.766866
0.982451 0.766866
0.881964 0.767300
0.881964 0.767300
0.906271 0.767300
0.906271 0.767300
0.523657 0.769340
0.523657 0.769340
0.705189 0.769340
0.705189 0.769340
0.881963 0.771352
0.881963 0.771352
0.904422 0.771352
0.904422 0.771352
0.261438 0.771904
0.261438 0.771904
0.778021 0.772161
0.778021 0.772161
0.813022 0.772161
0.813022 0.772161
0.453452 0.772634
0.453452 0.772634
0.188094 0.775572
0.188094 0.775572
0.466748 0.776451
0.466748 0.776451
0.251050 0.776669
0.251050 0.776669
0.832241 0.779104
0.832241 0.779104
0.201390 0.779207
0.201390 0.779207
0.259582 0.779405
0.259582 0.779405
0.816051 0.779446
0.816051 0.779446
0.816051 0.779446
0.816051 0.779446
0.829105 0.779446
0.829105 0.779446
0.829105 0.779446
0.829105 0.779446
0.428676 0.779452
0.428676 0.779452
0.911618 0.779684
0.911618 0.779684
0.919383 0.779684
0.919383 0.779684
0.997727 0.780020
0.997727 0.780020
0.422352 0.780220
0.422352 0.780220
0.435001 0.780220
0.435001 0.780220
0.470093 0.780273
0.520647 0.780273
0.520647 0.780273
0.860589 0.782016
0.860589 0.782016
0.097550 0.782083
0.097550 0.782083
0.185035 0.782083
0.185035 0.782083
0.239414 0.782192
0.239414 0.782192
0.729870 0.782220
0.729870 0.782220
0.735511 0.782232
0.735511 0.782232
0.073267 0.783480
0.073267 0.783480
0.816048 0.783482
0.816048 0.783482
0.843750 0.783482
0.843750 0.783482
0.235214 0.783756
0.235214 0.783756
0.922442 0.784369
0.922442 0.784369
0.942439 0.784370
0.942439 0.784370
0.254369 0.785107
0.254369 0.785107
0.350446 0.785500
0.350446 0.785500
0.735052 0.785502
0.735052 0.785502
0.862177 0.785505
0.716844 0.785517
0.716844 0.785517
0.246528 0.785520
0.246528 0.785520
0.387630 0.785529
0.387630 0.785529
0.846783 0.785564
0.986520 0.786526
0.986520 0.786526
0.922444 0.790758
0.922444 0.790758
0.942440 0.790759
0.942440 0.790759
0.959257 0.791729
0.959257 0.791729
0.000581 0.793436
0.124590 0.793436
0.318319 0.795430
0.318319 0.795430
0.310468 0.795446
0.310468 0.795446
0.302615 0.795465
0.302615 0.795465
0.000421 0.795468
0.124649 0.795469
0.265677 0.795552
0.265677 0.795552
0.226943 0.798363
0.226943 0.798363
0.070476 0.798363
0.070476 0.798363
0.321360 0.799685
0.321360 0.799685
0.705186 0.799733
0.705186 0.799733
0.523660 0.799733
0.523660 0.799733
0.378441 0.800096
0.378441 0.800096
0.341227 0.800096
0.341227 0.800096
0.067293 0.800299
0.067293 0.800299
0.998223 0.802140
0.998223 0.802140
0.911618 0.802484
0.911618 0.802484
0.919383 0.802484
0.919383 0.802484
0.982906 0.802768
0.982906 0.802768
0.523631 0.803681
0.596709 0.803681
0.068392 0.803685
0.068392 0.803685
0.098895 0.803685
0.098895 0.803685
0.129398 0.803685
0.129398 0.803685
0.159901 0.803685
0.159901 0.803685
0.190403 0.803685
0.190403 0.803685
0.220906 0.803685
0.220906 0.803685
0.251409 0.803685
0.251409 0.803685
0.281911 0.803685
0.281911 0.803685
0.312414 0.803685
0.312414 0.803685
0.342916 0.803685
0.342916 0.803685
0.373419 0.803685
0.373419 0.803685
0.707316 0.803689
0.613310 0.803689
0.881964 0.803881
0.881964 0.803881
0.904422 0.803881
0.904422 0.803881
0.960956 0.804126
0.945928 0.804391
0.945928 0.804391
0.942892 0.805701
0.942892 0.805701
0.942892 0.805701
0.942892 0.805701
0.907453 0.805701
0.907453 0.805701
0.907453 0.805701
0.907453 0.805701
0.984957 0.805776
0.984957 0.805776
0.967866 0.806793
0.956220 0.807094
0.956220 0.807094
0.738855 0.807974
0.738855 0.807974
0.774995 0.807974
0.774995 0.807974
0.981907 0.808296
0.981907 0.808296
0.968924 0.812534
0.968924 0.812534
0.778021 0.813936
0.778021 0.813936
0.813022 0.813936
0.813022 0.813936
0.734976 0.815849
0.734976 0.815849
0.716844 0.815870
0.716844 0.815870
0.129398 0.821380
0.129398 0.821380
0.159901 0.821380
0.159901 0.821380
0.068392 0.821380
0.068392 0.821380
0.098895 0.821380
0.098895 0.821380
0.190403 0.821380
0.190403 0.821380
0.220906 0.821380
0.220906 0.821380
0.251409 0.821380
0.251409 0.821380
0.281911 0.821380
0.281911 0.821380
0.312414 0.821380
0.312414 0.821380
0.342916 0.821380
0.342916 0.821380
0.373419 0.821380
0.373419 0.821380
0.422351 0.823782
0.422351 0.823782
0.435001 0.823782
0.435001 0.823782
0.428676 0.824551
0.428676 0.824551
0.023337 0.825908
0.023337 0.825908
0.204862 0.825908
0.204862 0.825908
0.720082 0.829226
0.600543 0.829226
0.998223 0.830161
0.998223 0.830161
0.373105 0.830448
0.373105 0.830448
0.419315 0.830465
0.419315 0.830465
0.328570 0.831975
0.265971 0.831975
0.001516 0.832748
0.001516 0.832748
0.467021 0.833377
0.984938 0.833776
0.984938 0.833776
0.386393 0.833880
0.208147 0.833880
0.262547 0.833963
0.331994 0.833963
0.957416 0.833969
0.957416 0.833969
0.599734 0.833989
0.599734 0.833989
0.632263 0.833989
0.632263 0.833989
0.666651 0.833989
0.666651 0.833989
0.701230 0.833989
0.701230 0.833989
0.446484 0.833993
0.446484 0.833993
0.389788 0.833993
0.389788 0.833993
0.704265 0.833999
0.704265 0.833999
0.731038 0.834035
0.731038 0.834035
0.470093 0.835259
0.520584 0.835259
0.520584 0.835259
0.453646 0.837023
0.255531 0.837218
0.339009 0.837218
0.881963 0.838269
0.881963 0.838269
0.904422 0.838269
0.904422 0.838269
0.984942 0.838714
0.984942 0.838714
0.947575 0.838737
0.947575 0.838737
0.353648 0.839043
0.240893 0.839043
0.247886 0.839069
0.346655 0.839069
0.455277 0.840057
0.455277 0.840057
0.501930 0.840057
0.501930 0.840057
0.510697 0.840057
0.510697 0.840057
0.996042 0.842938
0.996042 0.842938
0.023337 0.848456
0.023337 0.848456
0.204862 0.848456
0.204862 0.848456
0.738855 0.851108
0.738855 0.851108
0.774995 0.851108
0.774995 0.851108
0.262551 0.851441
0.331989 0.851441
0.255502 0.851483
0.339039 0.851483
0.247785 0.851584
0.346755 0.851584
0.353794 0.851737
0.240746 0.851737
0.001513 0.852181
0.001513 0.852181
0.183024 0.852181
0.183024 0.852181
0.734542 0.853094
0.734542 0.853094
0.704262 0.853095
0.704262 0.853095
0.207808 0.853666
0.386732 0.853666
0.389781 0.854642
0.389781 0.854642
0.446476 0.854642
0.446476 0.854642
0.778021 0.855711
0.778021 0.855711
0.813022 0.855711
0.813022 0.855711
0.599734 0.856448
0.599734 0.856448
0.632263 0.856448
0.632263 0.856448
0.666651 0.856448
0.666651 0.856448
0.701230 0.856448
0.701230 0.856448
0.907453 0.857098
0.907453 0.857098
0.907453 0.857098
0.907453 0.857098
0.942892 0.857098
0.942892 0.857098
0.942892 0.857098
0.942892 0.857098
0.455277 0.857156
0.455277 0.857156
0.510697 0.857156
0.510697 0.857156
0.264218 0.858243
0.273767 0.858243
0.282906 0.858243
0.186056 0.858243
0.408932 0.858243
0.846783 0.859247
0.862177 0.859306
0.784314 0.860256
0.784314 0.860256
0.809271 0.860256
0.809271 0.860256
0.781268 0.860257
0.781268 0.860257
0.599739 0.860257
0.599739 0.860257
0.924604 0.860701
0.924604 0.860701
0.440884 0.862302
0.523631 0.862321
0.596709 0.862321
0.861460 0.864555
0.861460 0.864555
0.523169 0.867284
0.954428 0.868424
0.954428 0.868424
0.984937 0.868774
0.984937 0.868774
0.865228 0.870134
0.865228 0.870134
0.968233 0.870673
0.968233 0.870673
0.001511 0.872019
0.001511 0.872019
0.183026 0.872019
0.183026 0.872019
0.413152 0.872191
0.881963 0.872849
0.881963 0.872849
0.904422 0.872849
0.904422 0.872849
0.997511 0.872882
0.997511 0.872882
0.186056 0.873205
0.264217 0.873205
0.273767 0.873205
0.282906 0.873205
0.408932 0.873205
0.410594 0.874419
0.410594 0.874419
0.981908 0.875135
0.981908 0.875135
0.846789 0.875143
0.846789 0.875143
0.280782 0.876358
0.280782 0.876358
0.532823 0.876374
0.587518 0.876374
0.001770 0.876427
0.001770 0.876427
0.241519 0.876428
0.241519 0.876428
0.528897 0.876485
0.256418 0.876712
0.256418 0.876712
0.781269 0.878194
0.781269 0.878194
0.599738 0.878194
0.599738 0.878194
0.983299 0.878448
0.983299 0.878448
0.997175 0.878448
0.997175 0.878448
0.921588 0.878454
0.921588 0.878454
0.897880 0.878581
0.897880 0.878581
0.883663 0.878643
0.883663 0.878643
0.878937 0.880000
0.878937 0.880000
0.809227 0.880275
0.809227 0.880275
0.784294 0.880279
0.784294 0.880279
0.553997 0.880428
0.529836 0.880468
0.529836 0.880468
0.594859 0.880469
0.971699 0.880922
0.971699 0.880922
0.601910 0.882488
0.601910 0.882488
0.768268 0.882488
0.768268 0.882488
0.418609 0.883759
0.962991 0.884255
0.962991 0.884255
0.816048 0.888418
0.816048 0.888418
0.843750 0.888418
0.843750 0.888418
0.959284 0.888547
0.959284 0.888547
0.979931 0.888547
0.979931 0.888547
0.770879 0.888592
0.423440 0.888615
0.031463 0.889462
0.031463 0.889462
0.011637 0.889462
0.011637 0.889462
0.217562 0.889462
0.217562 0.889462
0.231695 0.889462
0.231695 0.889462
0.430522 0.890627
0.512414 0.890627
0.810602 0.890886
0.001519 0.892586
0.001519 0.892586
0.036097 0.892586
0.036097 0.892586
0.070485 0.892586
0.070485 0.892586
0.103013 0.892586
0.103013 0.892586
0.116607 0.892589
0.250493 0.893159
0.250493 0.893159
0.414776 0.893159
0.414776 0.893159
0.470817 0.894615
0.470817 0.894615
0.470817 0.894615
0.470817 0.894615
0.522363 0.894615
0.522363 0.894615
0.522363 0.894615
0.522363 0.894615
0.106089 0.894715
0.210265 0.894762
0.598261 0.896073
0.598261 0.896073
0.467780 0.896628
0.467780 0.896628
0.362844 0.896628
0.362844 0.896628
0.359601 0.896648
0.247333 0.896793
0.760135 0.896930
0.760135 0.896930
0.256448 0.898501
0.610176 0.900674
0.610176 0.900674
0.695874 0.900674
0.695874 0.900674
0.739152 0.900683
0.710036 0.900775
0.710036 0.900775
0.861460 0.903102
0.861460 0.903102
0.983300 0.905302
0.983300 0.905302
0.997175 0.905302
0.997175 0.905302
0.997242 0.907207
0.997242 0.907207
0.983307 0.911052
0.983307 0.911052
0.128669 0.911636
0.119552 0.913346
0.231834 0.913472
0.924651 0.914638
0.924651 0.914638
0.954417 0.914638
0.954417 0.914638
0.106329 0.914865
0.106329 0.914865
0.001519 0.915044
0.001519 0.915044
0.036097 0.915044
0.036097 0.915044
0.070485 0.915044
0.070485 0.915044
0.103013 0.915044
0.103013 0.915044
0.338038 0.915360
0.233873 0.915425
0.362844 0.916218
0.362844 0.916218
0.467780 0.916218
0.467780 0.916218
0.554050 0.917450
0.554050 0.917450
0.594912 0.917489
0.594912 0.917489
0.529889 0.917489
0.529889 0.917489
0.244391 0.917548
0.712448 0.918380
0.712448 0.918380
0.739151 0.918381
0.001518 0.918859
0.001518 0.918859
0.001518 0.918859
0.001518 0.918859
0.052784 0.918859
0.052784 0.918859
0.052784 0.918859
0.052784 0.918859
0.055817 0.918862
0.055817 0.918862
0.055817 0.918862
0.055817 0.918862
0.094177 0.918862
0.094177 0.918862
0.094177 0.918862
0.094177 0.918862
0.848023 0.919151
0.848023 0.919151
0.214482 0.919408
0.214482 0.919408
0.897527 0.919966
0.897527 0.919966
0.856702 0.920175
0.856702 0.920175
0.310955 0.920874
0.310955 0.920874
0.310955 0.920874
0.310955 0.920874
0.362222 0.920874
0.362222 0.920874
0.362222 0.920874
0.362222 0.920874
0.525387 0.920880
0.525387 0.920880
0.525387 0.920880
0.525387 0.920880
0.576613 0.920880
0.576613 0.920880
0.576613 0.920880
0.576613 0.920880
0.220076 0.920881
0.220076 0.920881
0.307922 0.920881
0.307922 0.920881
0.365253 0.920882
0.365253 0.920882
0.365253 0.920882
0.365253 0.920882
0.416514 0.920882
0.416514 0.920882
0.416514 0.920882
0.416514 0.920882
0.955777 0.921115
0.595583 0.921166
0.595583 0.921166
0.710467 0.921166
0.710467 0.921166
0.420038 0.921307
0.743511 0.921387
0.841408 0.921387
0.959263 0.921388
0.959263 0.921388
0.979931 0.921388
0.979931 0.921388
0.921586 0.921934
0.921586 0.921934
0.621033 0.924915
0.621033 0.924915
0.621033 0.924915
0.621033 0.924915
0.659398 0.924915
0.659398 0.924915
0.659398 0.924915
0.659398 0.924915
0.786598 0.924916
0.786598 0.924916
0.786598 0.924916
0.786598 0.924916
0.824956 0.924916
0.824956 0.924916
0.824956 0.924916
0.824956 0.924916
0.662427 0.924918
0.662427 0.924918
0.662427 0.924918
0.662427 0.924918
0.700788 0.924918
0.700788 0.924918
0.700788 0.924918
0.700788 0.924918
0.579642 0.924918
0.579642 0.924918
0.579642 0.924918
0.579642 0.924918
0.618008 0.924918
0.618008 0.924918
0.618008 0.924918
0.618008 0.924918
0.869368 0.924919
0.869368 0.924919
0.902149 0.924919
0.902149 0.924919
0.745215 0.924919
0.745215 0.924919
0.745215 0.924919
0.745215 0.924919
0.783573 0.924919
0.783573 0.924919
0.783573 0.924919
0.783573 0.924919
0.703822 0.924921
0.703822 0.924921
0.703822 0.924921
0.703822 0.924921
0.742181 0.924921
0.742181 0.924921
0.742181 0.924921
0.742181 0.924921
0.866339 0.924922
0.866339 0.924922
0.866339 0.924922
0.866339 0.924922
0.827986 0.924922
0.827986 0.924922
0.827986 0.924922
0.827986 0.924922
0.912001 0.926254
0.957346 0.929001
0.957346 0.929001
0.977355 0.929556
0.977355 0.929556
0.470817 0.930057
0.470817 0.930057
0.470817 0.930057
0.470817 0.930057
0.522363 0.930057
0.522363 0.930057
0.522363 0.930057
0.522363 0.930057
0.465442 0.930338
0.997242 0.930753
0.997242 0.930753
0.000538 0.931399
0.124375 0.931399
0.209321 0.931636
0.209321 0.931636
0.470826 0.935019
0.516558 0.935019
0.997523 0.935263
0.997523 0.935263
0.098290 0.935740
0.098290 0.935740
0.202958 0.935740
0.202958 0.935740
0.000581 0.937780
0.124590 0.937780
0.099506 0.939138
0.209321 0.940123
0.209321 0.940123
0.307922 0.940123
0.307922 0.940123
0.000421 0.940138
0.124649 0.940138
0.983307 0.940308
0.983307 0.940308
0.139232 0.941348
0.869368 0.942018
0.869368 0.942018
0.902149 0.942018
0.902149 0.942018
0.155752 0.943109
0.155752 0.943109
0.222045 0.943287
0.222045 0.943287
0.983150 0.943937
0.983150 0.943937
0.227175 0.945121
0.227175 0.945121
0.305695 0.945121
0.305695 0.945121
0.906066 0.950745
0.948783 0.950745
0.055817 0.951744
0.055817 0.951744
0.055817 0.951744
0.055817 0.951744
0.094176 0.951744
0.094176 0.951744
0.094176 0.951744
0.094176 0.951744
0.952362 0.953288
0.952362 0.953288
0.933010 0.954231
0.933010 0.954231
0.001518 0.954298
0.001518 0.954298
0.001518 0.954298
0.001518 0.954298
0.052784 0.954298
0.052784 0.954298
0.052784 0.954298
0.052784 0.954298
0.869393 0.955226
0.929769 0.955226
0.061333 0.955228
0.061333 0.955228
0.081326 0.955228
0.081326 0.955228
0.310955 0.956316
0.310955 0.956316
0.310955 0.956316
0.310955 0.956316
0.362222 0.956316
0.362222 0.956316
0.362222 0.956316
0.362222 0.956316
0.365253 0.956319
0.365253 0.956319
0.365253 0.956319
0.365253 0.956319
0.416514 0.956319
0.416514 0.956319
0.416514 0.956319
0.416514 0.956319
0.525387 0.956321
0.525387 0.956321
0.525387 0.956321
0.525387 0.956321
0.576613 0.956322
0.576613 0.956322
0.576613 0.956322
0.576613 0.956322
0.142816 0.957158
0.142816 0.957158
0.224411 0.957158
0.224411 0.957158
0.053616 0.957320
0.428414 0.957437
0.471761 0.957437
0.786598 0.957796
0.786598 0.957796
0.786598 0.957796
0.786598 0.957796
0.824956 0.957796
0.824956 0.957796
0.824956 0.957796
0.824956 0.957796
0.866339 0.957799
0.866339 0.957799
0.866339 0.957799
0.866339 0.957799
0.827986 0.957799
0.827986 0.957799
0.827986 0.957799
0.827986 0.957799
0.662427 0.957800
0.662427 0.957800
0.662427 0.957800
0.662427 0.957800
0.700788 0.957800
0.700788 0.957800
0.700788 0.957800
0.700788 0.957800
0.745215 0.957800
0.745215 0.957800
0.745215 0.957800
0.745215 0.957800
0.783573 0.957800
0.783573 0.957800
0.783573 0.957800
0.783573 0.957800
0.621033 0.957802
0.621033 0.957802
0.621033 0.957802
0.621033 0.957802
0.659398 0.957802
0.659398 0.957802
0.659398 0.957802
0.659398 0.957802
0.703822 0.957803
0.703822 0.957803
0.703822 0.957803
0.703822 0.957803
0.742181 0.957803
0.742181 0.957803
0.742181 0.957803
0.742181 0.957803
0.579642 0.957805
0.579642 0.957805
0.579642 0.957805
0.579642 0.957805
0.618008 0.957805
0.618008 0.957805
0.618008 0.957805
0.618008 0.957805
0.297463 0.958749
0.297463 0.958749
0.227616 0.959180
0.227616 0.959180
0.515511 0.960199
0.008010 0.960696
0.349577 0.961287
0.349577 0.961287
0.395948 0.961287
0.395948 0.961287
0.398986 0.961288
0.398986 0.961288
0.445356 0.961288
0.445356 0.961288
0.300123 0.961288
0.300123 0.961288
0.346552 0.961288
0.346552 0.961288
0.143378 0.961289
0.143378 0.961289
0.189139 0.961289
0.189139 0.961289
0.567947 0.961291
0.567947 0.961291
0.623071 0.961291
0.623071 0.961291
0.629022 0.961291
0.629022 0.961291
0.825947 0.961292
0.825947 0.961292
0.864378 0.961292
0.864378 0.961292
0.725040 0.961292
0.725040 0.961292
0.674838 0.961292
0.674838 0.961292
0.717103 0.961292
0.717103 0.961292
0.770631 0.961293
0.770631 0.961293
0.811890 0.961293
0.811890 0.961293
0.518559 0.961294
0.518559 0.961294
0.564916 0.961294
0.564916 0.961294
0.767466 0.961303
0.767466 0.961303
0.671538 0.961310
0.671538 0.961310
0.061334 0.961385
0.061334 0.961385
0.081327 0.961385
0.081327 0.961385
0.997523 0.961761
0.997523 0.961761
0.475776 0.962409
0.192206 0.963314
0.192206 0.963314
0.238581 0.963314
0.238581 0.963314
0.241611 0.963315
0.241611 0.963315
0.287984 0.963315
0.287984 0.963315
0.493700 0.965379
0.983241 0.965505
0.983241 0.965505
0.514624 0.965969
0.094557 0.966523
0.140279 0.966523
0.448875 0.967356
0.448875 0.967356
0.487298 0.967356
0.487298 0.967356
0.081329 0.967774
0.081329 0.967774
0.061336 0.967774
0.061336 0.967774
0.929910 0.970615
0.869252 0.970615
0.932949 0.970637
0.932949 0.970637
0.951555 0.970637
0.951555 0.970637
0.105870 0.971389
0.105870 0.971389
0.067436 0.971389
0.067436 0.971389
0.110077 0.971395
0.110077 0.971395
0.135674 0.971469
0.135674 0.971469
0.819326 0.973422
0.819326 0.973422
0.998131 0.973565
0.998131 0.973565
0.774383 0.974411
0.774383 0.974411
0.728644 0.974594
0.728644 0.974594
0.771111 0.974594
0.771111 0.974594
0.957346 0.974649
0.957346 0.974649
0.981023 0.974909
0.981023 0.974909
0.616321 0.974960
0.616321 0.974960
0.567947 0.974960
0.567947 0.974960
0.860412 0.975172
0.860412 0.975172
0.821981 0.975223
0.821981 0.975223
0.904805 0.975430
0.904805 0.975430
0.863857 0.975434
0.863857 0.975434
0.901338 0.975434
0.901338 0.975434
0.943245 0.975440
0.943245 0.975440
0.977355 0.975552
0.977355 0.975552
0.725879 0.975646
0.725879 0.975646
0.001605 0.975656
0.001605 0.975656
0.619126 0.975714
0.619126 0.975714
0.675045 0.975714
0.675045 0.975714
0.689387 0.975773
0.689387 0.975773
0.016375 0.977368
0.062256 0.977368
0.774996 0.977459
0.774996 0.977459
0.795977 0.977459
0.795977 0.977459
0.816228 0.977520
0.816228 0.977520
0.819258 0.977521
0.819258 0.977521
0.678230 0.977535
0.799016 0.978270
0.799016 0.978270
0.838344 0.978293
0.838344 0.978293
0.349577 0.978386
0.349577 0.978386
0.300184 0.978386
0.300184 0.978386
0.346552 0.978386
0.346552 0.978386
0.395948 0.978386
0.395948 0.978386
0.398986 0.978387
0.398986 0.978387
0.445356 0.978387
0.445356 0.978387
0.518559 0.978388
0.518559 0.978388
0.564917 0.978388
0.564917 0.978388
0.700036 0.978678
0.143357 0.979420
0.143357 0.979420
0.189183 0.979420
0.189183 0.979420
0.192206 0.980415
0.192206 0.980415
0.238581 0.980415
0.238581 0.980415
0.241610 0.980415
0.241610 0.980415
0.287984 0.980416
0.287984 0.980416
0.452836 0.981255
0.452836 0.981255
0.491259 0.981264
0.491259 0.981264
0.335906 0.981495
0.335906 0.981495
0.354243 0.981495
0.354243 0.981495
0.045612 0.981496
0.045612 0.981496
0.026036 0.981497
0.026036 0.981497
0.311147 0.981497
0.311147 0.981497
0.328244 0.981497
0.328244 0.981497
0.291013 0.981498
0.291013 0.981498
0.308115 0.981498
0.308115 0.981498
0.102433 0.984719
0.102433 0.984719
0.022741 0.984735
0.022741 0.984735
0.063999 0.984773
0.063999 0.984773
0.494843 0.987187
0.514624 0.987799
0.908261 0.988790
0.908261 0.988790
0.946701 0.988790
0.946701 0.988790
0.863857 0.989103
0.863857 0.989103
0.901338 0.989103
0.901338 0.989103
0.143871 0.990380
0.143871 0.990380
0.117774 0.990380
0.117774 0.990380
0.000770 0.993421
0.125206 0.993421
0.018461 0.993532
0.106452 0.993532
0.331611 0.995310
0.331611 0.995310
0.349947 0.995310
0.349947 0.995310
0.026036 0.995372
0.026036 0.995372
0.045612 0.995372
0.045612 0.995372
0.837853 0.995400
0.837853 0.995400
0.971296 0.996073
0.971296 0.996073
0.994390 0.996073
0.994390 0.996073
0.819258 0.996159
0.819258 0.996159
0.000581 0.996268
0.124590 0.996268
0.311147 0.997036
0.311147 0.997036
0.328244 0.997036
0.328244 0.997036
0.291013 0.997041
0.291013 0.997041
0.308115 0.997041
0.308115 0.997041
0.816228 0.997621
0.816228 0.997621
0.004247 0.997859
0.004247 0.997859
0.019030 0.997859
0.019030 0.997859
0.774947 0.998105
0.774947 0.998105
0.795928 0.998105
0.795928 0.998105
0.799014 0.998372
0.799014 0.998372
0.678820 0.998458
0.700649 0.998458
0.000421 0.998757
0.124649 0.998757
          </float_array>
          <technique_common>
            <accessor source="#char_heavytool-UV0-array" count="4445" stride="2">
              <param name="S" type="float"/>
              <param name="T" type="float"/>
            </accessor>
          </technique_common>
        </source>
        <vertices id="char_heavytool-VERTEX">
          <input semantic="POSITION" source="#char_heavytool-POSITION"/>
        </vertices>
        <triangles count="50" material="m_bars">
          <input semantic="VERTEX" offset="0" source="#char_heavytool-VERTEX"/>
          <input semantic="NORMAL" offset="1" source="#char_heavytool-Normal0"/>
          <input semantic="TEXCOORD" offset="2" set="0" source="#char_heavytool-UV0"/>
          <p> 1 2127 4047 9 3079 4443 10 1169 4046 4 4111 3445 10 1169 4046 13 4119 3444 7 1720 769 15 3659 1394 16 2688 768 8 4065 265 16 2688 768 17 3596 264 5 3204 2897 13 4119 3444 14 2205 2896 2 1743 2150 14 2205 2896 11 1742 2149 3 1642 83 17 3596 264 12 3078 82 6 4146 1395 11 1742 2149 15 3659 1394 39 3831 4040 33 962 3436 42 3420 3437 38 3795 4420 20 1906 4039 39 3831 4040 42 3420 3437 34 1477 2890 43 484 2891 46 1402 263 25 2837 80 41 378 81 55 240 2756 29 264 2563 54 548 2564 45 453 767 37 3366 262 46 1402 263 43 484 2891 21 1485 2136 40 1016 2137 44 3433 1385 36 459 766 45 453 767 57 102 231 26 155 0 51 213 1 57 102 231 31 75 2373 32 77 230 40 1016 2137 35 3898 1384 44 3433 1385 54 548 2564 31 75 2373 56 181 2374 52 124 4400 28 265 2960 53 3486 2961 18 50 92 50 49 808 47 50 93 23 251 4028 22 133 4402 48 78 4401 53 3486 2961 30 263 2755 55 240 2756 1 2127 4047 0 1641 4444 9 3079 4443 4 4111 3445 1 2127 4047 10 1169 4046 7 1720 769 6 4146 1395 15 3659 1394 8 4065 265 7 1720 769 16 2688 768 5 3204 2897 4 4111 3445 13 4119 3444 2 1743 2150 5 3204 2897 14 2205 2896 3 1642 83 8 4065 265 17 3596 264 6 4146 1395 2 1743 2150 11 1742 2149 39 3831 4040 20 1906 4039 33 962 3436 38 3795 4420 19 377 4419 20 1906 4039 42 3420 3437 33 962 3436 34 1477 2890 46 1402 263 37 3366 262 25 2837 80 55 240 2756 30 263 2755 29 264 2563 45 453 767 36 459 766 37 3366 262 43 484 2891 34 1477 2890 21 1485 2136 44 3433 1385 35 3898 1384 36 459 766 57 102 231 32 77 230 26 155 0 57 102 231 56 181 2374 31 75 2373 40 1016 2137 21 1485 2136 35 3898 1384 54 548 2564 29 264 2563 31 75 2373 52 124 4400 27 145 4399 28 265 2960 18 50 92 24 66 809 50 49 808 48 78 4401 49 3456 4027 23 251 4028 49 3456 4027 50 82 808 23 251 4028 50 81 808 24 81 809 23 234 4028 53 3486 2961 28 265 2960 30 263 2755</p>
        </triangles>
        <triangles count="50" material="m_screen">
          <input semantic="VERTEX" offset="0" source="#char_heavytool-VERTEX"/>
          <input semantic="NORMAL" offset="1" source="#char_heavytool-Normal0"/>
          <input semantic="TEXCOORD" offset="2" set="0" source="#char_heavytool-UV0"/>
          <p> 59 3119 2468 67 3077 2518 68 3131 2466 62 3637 2352 68 3131 2466 71 2183 2350 65 3176 1964 73 4137 2044 74 730 1962 66 696 1884 74 730 1962 75 2126 1881 63 3658 2228 71 2183 2350 72 3665 2226 60 2211 2128 72 3665 2226 69 2210 2126 61 3559 1801 75 2126 1881 70 2617 1798 64 2718 2047 69 2210 2126 73 4137 2044 97 1411 2469 91 3409 2351 100 460 2353 96 2836 2521 78 3823 2467 97 1411 2469 100 460 2353 92 3431 2227 101 1480 2229 104 414 1883 83 892 1799 99 1869 1800 113 5 2217 87 556 2174 112 258 2175 103 3871 1965 95 3830 1882 104 414 1883 101 1480 2229 79 1487 2127 98 1486 2129 102 2468 2046 94 3877 1963 103 3871 1965 115 156 1895 84 100 1863 109 76 1864 115 156 1895 89 158 2155 90 101 1896 98 1486 2129 93 1967 2045 102 2468 2046 112 258 2175 89 158 2155 114 157 2156 110 178 2486 86 266 2230 111 2995 2231 76 114 1967 108 114 2021 105 114 1966 81 531 2317 80 159 2343 106 103 2342 111 557 2231 88 117 2216 113 117 2217 59 3119 2468 58 3076 2520 67 3077 2518 62 3637 2352 59 3119 2468 68 3131 2466 65 3176 1964 64 2718 2047 73 4137 2044 66 696 1884 65 3176 1964 74 730 1962 63 3658 2228 62 3637 2352 71 2183 2350 60 2211 2128 63 3658 2228 72 3665 2226 61 3559 1801 66 696 1884 75 2126 1881 64 2718 2047 60 2211 2128 69 2210 2126 97 1411 2469 78 3823 2467 91 3409 2351 96 2836 2521 77 3320 2519 78 3823 2467 100 460 2353 91 3409 2351 92 3431 2227 104 414 1883 95 3830 1882 83 892 1799 113 87 2217 88 87 2216 87 268 2174 103 3871 1965 94 3877 1963 95 3830 1882 101 1480 2229 92 3431 2227 79 1487 2127 102 2468 2046 93 1967 2045 94 3877 1963 115 156 1895 90 101 1896 84 100 1863 115 156 1895 114 157 2156 89 158 2155 98 1486 2129 79 1487 2127 93 1967 2045 112 258 2175 87 556 2174 89 158 2155 110 178 2486 85 146 2487 86 266 2230 76 114 1967 82 89 2022 108 114 2021 106 103 2342 107 2962 2316 81 531 2317 107 2962 2316 108 79 2021 81 531 2317 108 80 2021 82 80 2022 81 242 2317 111 2995 2231 86 266 2230 88 51 2216</p>
        </triangles>
        <triangles count="1945" material="m_boombox">
          <input semantic="VERTEX" offset="0" source="#char_heavytool-VERTEX"/>
          <input semantic="NORMAL" offset="1" source="#char_heavytool-Normal0"/>
          <input semantic="TEXCOORD" offset="2" set="0" source="#char_heavytool-UV0"/>
          <p> 171 422 1048 185 423 950 170 3371 1075 161 689 2461 116 2129 2543 124 695 2537 167 2845 2298 163 1876 2095 164 3325 2085 165 4044 4279 164 1139 4226 162 4045 4281 176 567 3261 163 2020 3165 175 2535 3271 174 1071 3301 164 2533 3355 176 3009 3284 161 1317 2809 166 294 2434 167 1322 2448 185 3969 1980 167 2035 2286 165 175 2257 169 3537 1225 116 4004 1398 171 1104 1490 168 3782 2380 171 349 2500 170 352 2539 176 1872 4253 178 386 4359 179 2351 4251 174 1655 4387 179 1135 4301 177 660 4389 179 3734 718 181 2267 875 182 2764 893 177 2262 1816 182 1807 1752 180 3260 1818 173 659 3026 181 1653 2964 120 1652 3043 172 2362 3292 182 1887 3233 173 903 3303 173 109 3850 123 108 4025 184 108 4048 183 122 1067 173 143 1010 184 123 1088 194 756 4206 215 4143 4311 195 755 4309 193 1101 1942 215 3530 2116 212 620 2120 207 2882 948 197 3362 863 196 1415 826 208 4055 3734 187 1672 3842 186 1677 3901 189 2356 1588 192 2355 1764 190 1874 1576 190 2109 2936 191 2108 3090 188 2110 2912 201 3495 3140 189 2532 3045 190 834 3028 200 3961 3568 190 1569 3513 188 580 3464 138 165 2807 187 164 2428 192 214 2801 207 174 899 192 8 580 187 10 952 208 3536 1500 195 625 1321 197 2066 1570 197 2326 2602 193 3302 2703 196 2816 2561 203 385 4208 201 3797 4291 204 2841 4293 204 3091 4267 200 2101 4379 202 1657 4383 145 281 284 204 2770 132 206 3725 302 206 3254 3353 202 2261 3229 205 1809 3357 199 1132 897 145 2099 959 206 2098 981 198 1387 1348 206 1889 1496 205 1888 1522 211 107 2711 199 37 2614 210 189 2743 209 2982 2941 199 3924 2864 198 68 2943 214 758 916 119 757 1084 169 2716 1122 209 13 400 225 13 352 223 13 402 168 4000 499 214 2062 706 169 1610 481 221 2203 3209 218 3662 2854 219 3206 3195 219 633 1693 216 3546 2114 217 2077 1707 219 744 2862 158 3651 2757 221 1221 2882 217 3534 2545 215 4003 2676 219 3058 2522 216 3050 3381 214 1611 3313 213 4001 3296 218 4131 3014 137 1726 2910 214 2193 2893 222 13 1538 172 13 1449 183 13 1540 224 2407 1129 180 2406 1161 172 426 1127 226 2771 1804 177 1307 1631 180 3262 1806 228 4067 3844 174 2140 3753 177 1171 3846 230 2029 4369 162 1574 4409 174 1574 4407 232 4074 2356 165 1176 2277 162 3138 2279 165 21 388 340 27 306 185 29 278 185 997 1926 236 992 2015 170 473 2009 170 893 2400 213 1870 2510 168 379 2512 196 894 3947 212 2345 3784 237 2838 3786 207 996 1928 196 2930 2011 237 993 2013 191 24 382 341 22 304 235 13 384 233 700 1758 191 700 1677 235 700 1760 231 2538 569 188 2538 692 233 2538 690 229 2655 930 200 2655 973 231 2655 928 227 1308 560 202 1308 477 229 1308 479 225 939 1748 205 939 1824 227 939 1826 123 2427 3710 210 3391 2848 184 2427 3761 222 3363 3790 183 935 3792 184 1914 3740 217 350 1203 237 873 1368 212 351 1370 216 3776 4317 236 3777 4437 238 344 4435 217 1376 3597 238 3322 3657 239 380 3655 236 992 2015 185 997 1926 238 995 1958 237 993 2013 239 3429 1960 207 996 1928 239 3429 1960 185 997 1926 207 996 1928 241 401 3402 245 909 3448 242 400 3450 339 587 4055 241 3966 4119 246 3970 4117 246 1816 1836 242 2785 1744 295 302 1742 339 2428 96 248 3860 158 247 3392 174 246 3617 4313 249 4080 4216 248 4095 4305 248 3309 360 250 2821 308 247 364 398 248 3059 946 288 2600 1042 251 2601 1065 254 2202 1974 277 3661 2023 285 4141 1972 255 1895 120 244 2367 94 243 3338 50 256 2636 4234 245 2637 4059 244 2116 4033 257 2011 698 256 3482 762 255 552 696 259 1799 678 256 249 752 258 257 750 261 358 78 259 1847 509 258 2807 553 252 3785 998 264 1361 1038 263 2331 1000 254 3540 2130 264 1106 2031 253 2589 2176 264 1410 501 338 934 462 263 1406 517 268 2276 184 338 3266 770 265 3740 837 290 2133 2533 265 2648 2665 264 4062 2478 289 2286 3081 265 2277 2261 266 1305 2166 269 2696 1544 268 2179 1877 270 3167 1508 321 313 3263 268 1333 3077 289 2286 3081 321 313 3263 274 1254 3606 270 849 3269 240 2119 3773 244 2118 3832 241 678 3824 252 1613 728 277 1107 932 253 3052 685 278 753 206 288 4140 148 308 4138 152 278 2071 549 250 4005 423 251 3541 378 283 2204 64 281 754 320 282 3663 84 280 1637 578 281 2613 328 279 2612 332 282 1724 3627 308 3649 3708 283 1215 3613 280 3062 700 278 1112 810 282 1630 640 279 3061 546 277 1111 576 275 1109 544 281 4127 2753 285 3190 2645 277 3652 2631 270 1302 2691 273 534 2634 269 3735 2635 257 1450 3745 336 2917 3736 258 2449 3810 273 2270 451 328 2270 519 269 2270 452 267 4098 1643 328 4098 1691 327 3627 1687 339 1960 648 330 3887 798 332 2461 857 338 472 1153 331 2459 1082 263 3885 1155 338 472 1153 332 2461 857 333 1959 1052 240 1684 469 334 3599 160 243 4059 134 250 3331 1610 330 3330 1510 247 1884 1612 280 3791 4411 330 365 4323 276 1855 4328 279 908 2716 332 1891 2797 280 1894 2714 275 1368 4077 333 2828 4263 279 363 4261 331 897 3601 252 2843 3651 263 3799 3599 257 3745 104 335 304 154 336 307 156 255 930 4405 334 1910 4363 335 3358 4365 336 2917 3736 261 3421 3812 258 2449 3810 339 2767 288 337 2513 312 240 2513 286 271 279 310 338 838 722 272 283 683 272 283 683 267 1312 720 327 2776 688 271 279 310 337 1554 312 339 3258 288 207 23 276 340 27 306 341 22 304 411 1170 951 397 4066 1049 396 698 1076 342 3355 2544 387 3356 2462 350 420 2538 389 2097 2096 393 2623 2299 390 657 2086 390 2850 4227 391 1388 4280 388 1389 4282 402 3256 3262 389 3732 3166 390 3008 3159 400 1810 3302 390 282 3356 388 1310 3364 392 3016 2435 387 3505 2810 393 601 2449 411 2280 1981 393 298 2287 387 3746 1922 342 2317 1399 395 865 1226 397 866 1491 397 2594 2501 394 2072 2381 396 630 2540 404 4032 4360 402 4033 4254 405 3563 4252 405 3804 4302 400 3328 4388 403 3327 4390 407 1070 876 405 3010 719 408 2016 894 408 2018 1753 403 562 1817 406 1565 1819 399 1878 3027 407 393 2965 408 3802 2959 398 3092 3293 408 2627 3234 406 3578 3224 349 136 4026 399 136 3851 410 108 4049 409 11 1068 399 69 1011 398 206 1028 441 3439 4312 420 3897 4207 421 2942 4310 419 340 1943 441 1833 2117 421 1834 1887 423 1685 864 433 3602 949 422 3135 827 413 1401 3843 434 923 3735 412 2878 3902 418 2622 1765 415 3567 1589 416 2095 1577 417 3809 3091 416 3335 2937 414 907 2913 427 3731 3141 415 1300 3046 369 3264 3152 426 835 3569 416 1309 3514 427 3733 3580 413 39 2429 364 84 2808 418 166 2802 433 204 900 418 9 581 417 173 599 421 343 1322 434 2316 1501 423 1356 1571 419 2073 2704 423 3055 2603 422 2595 2562 427 4031 4292 429 1130 4209 430 1647 4294 426 2846 4380 430 1883 4268 428 3805 4384 430 3011 133 371 3496 285 432 1560 303 428 1064 3230 432 3492 3354 431 2022 3358 425 2357 898 371 900 960 367 3801 890 424 665 1349 432 1661 1497 425 3580 1326 425 189 2615 437 162 2712 436 135 2744 435 2750 2942 425 3694 2865 436 2754 2867 345 3437 1085 440 2480 917 395 1479 1123 451 13 353 435 13 401 449 13 403 394 861 500 440 3296 707 439 860 709 444 3436 2855 447 1006 3210 445 3434 3196 442 877 2115 445 1846 1694 443 878 1708 384 1468 2758 445 1467 2863 447 3886 2883 441 3773 2677 443 1837 2546 445 2817 2523 442 1838 3382 440 342 3314 444 1360 3429 444 1961 3015 363 2462 2911 446 1469 3031 398 13 1450 448 13 1539 409 13 1541 406 2142 1162 450 2142 1130 398 2142 1128 403 3499 1632 452 3499 1805 406 3499 1807 400 2404 3754 454 2404 3845 403 2404 3847 388 1314 4410 456 1314 4370 400 1314 4408 391 2886 2278 458 2886 2357 388 2886 2280 391 14 389 560 16 307 460 13 387 411 1226 1927 396 3195 2010 462 3193 2016 396 647 2401 439 1643 2511 462 1644 2399 438 3080 3785 422 3560 3948 463 1129 3787 433 2708 1929 463 3194 2014 422 2707 2012 561 19 305 417 17 383 461 13 385 459 3840 1759 417 429 1678 414 3839 1676 457 289 570 414 1811 693 426 841 572 455 1915 931 426 2402 974 428 1412 976 453 577 561 428 1568 478 431 2534 559 451 1175 1749 431 4071 1825 424 3610 1751 436 2160 2849 349 3624 3711 410 3624 3762 410 4064 3741 409 3603 3793 448 1686 3791 463 1614 1369 443 1615 1204 438 3544 1371 442 2067 4318 462 2068 4438 439 3539 4320 443 3561 3598 464 1128 3658 442 648 3596 462 3193 2016 464 1729 1959 411 1226 1927 463 3194 2014 433 2708 1929 465 1227 1961 465 1227 1961 411 1226 1927 464 1729 1959 471 2112 3449 467 4047 3403 468 4046 3451 467 292 4120 559 1315 4056 472 1321 4118 468 3021 1745 472 597 1837 519 3971 1743 559 719 97 474 4097 159 472 3628 57 472 945 4314 475 1921 4217 519 943 4215 476 2080 309 474 2079 361 473 3551 399 474 3786 947 512 3304 1043 475 2329 994 480 483 1975 501 2475 2024 479 2476 2026 481 1142 121 470 671 95 482 3098 145 482 3339 4235 471 2375 4060 517 2374 4247 483 1279 699 482 2253 763 484 1277 765 482 1551 753 485 1551 679 484 1551 751 485 2078 510 487 3548 79 484 622 554 478 1619 999 490 4008 1039 479 2596 1041 490 2320 2032 480 1357 2131 479 2325 2177 558 1167 463 490 1166 502 489 3128 518 494 585 185 558 584 771 493 579 197 491 3828 2666 514 415 2534 490 1912 2479 513 3972 3082 491 3967 2262 494 2048 3078 494 3874 1878 495 2447 1545 496 2915 1509 545 605 3264 494 2048 3078 496 3979 3270 545 605 3264 274 1254 3606 324 120 3578 470 916 3833 466 1393 3774 467 1394 3825 501 2322 933 478 3300 729 479 2321 686 512 2472 149 502 1966 207 532 481 153 502 3301 550 476 1839 424 500 346 552 505 2479 321 507 2478 65 506 2477 85 504 1859 579 505 1858 329 506 2831 583 532 3426 3709 506 2923 3628 507 2457 3614 502 357 811 504 3306 701 506 3789 641 503 355 547 501 356 577 505 2822 574 505 471 2754 509 3427 2646 531 2926 2777 496 3497 2692 273 534 2634 274 59 2690 483 4114 3746 484 1206 3811 556 4117 3737 549 1571 520 273 2536 451 495 1570 453 493 1439 1644 549 1439 1692 495 1439 1583 559 4130 649 550 1223 799 473 4132 647 551 3192 1083 558 4128 1154 489 1725 1156 558 4128 1154 552 745 858 559 4130 649 466 3359 470 554 2396 161 557 931 472 550 661 1511 476 1658 1611 473 2626 1613 504 1632 4412 550 2609 4324 552 2607 4418 503 3093 2717 552 666 2798 553 4038 2800 499 4016 4078 553 3553 4264 551 3074 4076 478 2096 3652 551 656 3602 489 3084 3600 483 1081 105 555 2040 155 481 1798 107 481 690 4406 554 690 4364 469 690 4404 487 2184 3813 556 4117 3737 484 1206 3811 559 1563 289 466 2248 287 557 1290 313 558 578 723 497 573 311 498 1072 684 493 3503 721 498 1072 684 548 3015 689 497 573 311 559 1563 289 557 1290 313 560 16 307 433 28 277 561 19 305 564 1524 566 570 1034 600 595 1324 142 595 1323 142 571 1329 346 596 3280 74 573 1773 511 575 3231 887 574 0 712 576 0 1021 575 3231 887 577 2 936 575 3159 2218 582 3159 2773 588 3159 2771 578 0 859 579 0 1019 580 0 918 570 2650 3782 591 2650 3404 583 2650 3406 569 1334 330 563 70 280 562 71 281 594 40 1478 578 40 977 580 40 979 589 2194 370 577 1225 8 590 1224 372 577 13 20 588 13 376 590 13 374 582 3690 1149 584 1780 1071 585 1 1086 586 1 1136 582 3690 1149 585 1 1086 584 528 1071 581 3459 988 598 1991 942 588 3 1246 589 3 1344 590 3 1282 581 3459 988 599 1993 903 598 1991 942 591 1531 1231 593 2507 1342 592 3460 1044 595 3273 142 596 3279 74 565 299 30 565 2335 4061 597 886 4180 568 3317 4182 586 1 1136 588 2505 1246 582 3690 1149 597 3816 730 598 3816 1102 599 3816 1100 568 2298 324 567 1344 368 565 862 366 599 1 903 600 32 814 601 1 815 580 1219 3871 593 1219 3826 594 1219 3873 566 2738 602 573 1773 511 572 0 425 571 1329 346 566 2738 602 572 0 425 566 3919 602 595 1324 142 570 1034 600 592 3460 1044 583 1035 1147 591 1531 1231 608 0 601 602 3457 567 633 1586 143 609 2551 347 633 3973 143 634 3518 75 611 2501 512 612 2231 713 613 2735 888 613 0 888 614 0 1022 615 0 937 620 955 2774 613 3863 2219 626 1936 2772 616 2500 860 617 1520 1020 602 3457 567 629 2881 3405 608 2881 3783 621 2395 3407 607 1594 331 563 70 280 606 610 325 616 40 978 632 40 1479 618 40 980 615 994 9 627 994 371 628 994 373 626 13 377 615 13 21 628 13 375 622 1 1072 620 1 1150 623 1 1087 624 1 1137 623 1 1087 620 1 1150 622 1031 1072 619 2234 989 621 3233 1148 626 3235 1247 627 3238 1345 625 1777 1180 619 3230 989 636 803 943 637 3684 904 629 1 1232 631 1 1343 632 1 1275 633 3973 143 603 595 31 634 3518 75 603 2085 4062 635 1633 4181 634 635 4064 624 1 1137 626 3235 1247 625 1777 1180 635 677 731 636 3588 1103 634 676 703 605 2057 369 606 611 325 603 3531 367 637 3684 904 600 32 814 619 3230 989 631 1466 3827 618 470 3872 632 989 3874 604 1032 603 611 2501 512 613 2735 888 609 2551 347 610 0 426 604 1032 603 604 1032 603 608 2739 601 633 3973 143 630 1259 1045 621 3233 1148 619 2234 989 658 170 954 657 114 865 661 88 867 659 1330 3034 664 1819 2992 663 3752 3059 659 1330 3034 762 105 3087 763 183 3057 660 271 2987 657 2024 2629 664 1819 2992 756 3676 1008 678 3676 861 680 3676 957 658 170 954 766 202 997 662 170 995 777 65 866 778 201 955 781 88 868 779 3028 3035 784 3512 2993 780 561 2988 762 105 3087 779 3028 3035 763 183 3057 780 561 2988 777 839 2630 781 36 2638 778 201 955 766 202 997 767 48 956 905 1825 2991 914 2797 3040 916 3027 2995 943 1827 2968 952 2798 2895 956 2290 2948 913 1595 3191 918 1591 3155 915 1590 3198 915 2553 3039 916 3027 2995 914 2797 3040 943 1827 2968 906 1596 3160 945 1336 2932 919 2722 2996 925 2212 2986 924 2723 3096 927 3223 2722 925 2212 2986 919 2722 2996 919 2722 2996 924 2723 3096 932 3219 3101 953 2557 2726 944 2049 2775 955 308 2769 952 2798 2895 957 2293 2947 956 2290 2948 954 1822 2727 955 308 2769 957 3281 2770 944 2049 2775 903 851 3038 905 1825 2991 913 3033 3191 904 1090 3122 917 2552 3154 1005 2898 4148 1019 3384 3991 1003 1425 4152 1021 2147 4007 1007 2147 4132 1006 702 4136 1022 1757 4071 1010 1757 3893 1007 2224 3897 1008 3244 2081 1003 1548 2302 1006 1282 2098 1003 1548 2302 1018 2010 2553 1005 2991 2470 1009 3239 1930 1006 1282 2098 1007 3700 1982 1009 433 3509 1030 3847 3675 1008 2889 3671 1027 1820 4083 1012 3748 3885 1013 847 3889 1018 1751 3921 1046 1756 4110 1015 2227 3917 1023 2152 4168 1011 2665 3995 1010 3619 3999 1024 3018 3975 1016 3508 4176 1011 1581 4172 1026 1497 4160 1005 1508 3951 1017 1981 3955 1028 1431 4097 1014 1429 3909 1012 1430 3913 1045 4086 2652 1018 1697 2394 1004 1188 2655 1016 1268 2306 1012 2236 2077 1011 1779 2102 1011 1779 2102 1014 3702 1938 1010 1273 1986 1014 3702 1938 1007 3700 1982 1010 1273 1986 1030 1077 1679 1004 589 1463 1008 1578 1683 1015 2746 2557 1016 1268 2306 1017 2247 2474 1019 843 4144 1006 842 3967 1003 2279 3971 1025 3375 3959 1017 942 4128 1016 3842 4124 1005 2991 2470 1015 2746 2557 1017 2247 2474 1015 2155 3818 1027 2668 4016 1013 2667 3814 1025 1 2697 1024 1 2693 1023 1522 2617 1039 1504 4105 1009 1511 3929 1014 1025 3933 1076 4124 1772 1072 1722 1550 1074 1723 1532 1079 3680 296 1072 1770 98 1077 1769 234 1090 40 3182 1078 85 3317 1089 267 3316 1074 3183 1077 1071 3184 1159 1075 3182 1192 1071 739 4287 1082 4123 4202 1075 3645 4204 1088 262 3387 1074 41 3604 1092 40 3603 1078 3641 1794 1077 3173 1695 1076 3175 1657 1078 85 3317 1088 262 3387 1089 267 3316 1078 2191 4393 1086 3647 4297 1079 2703 4299 1084 4161 348 1079 3680 296 1086 790 350 1073 1521 2034 1082 1530 2140 1083 532 2168 1079 3680 296 1083 2732 10 1071 2731 12 1081 1772 2036 1090 0 1934 1093 0 1935 1081 1772 2036 1086 1990 2170 1085 0 2145 1081 1772 2036 1084 3488 2172 1086 1990 2170 1073 1521 2034 1084 3488 2172 1080 1297 2038 1073 1521 2034 1091 26 1936 1082 1530 2140 1087 195 1291 1074 194 1132 1075 60 1289 1091 1 1925 1075 1 2159 1082 1 1923 1097 440 4149 1111 2416 3992 1095 1923 4153 1113 2659 4008 1099 3614 4133 1098 3613 4137 1114 1762 4072 1102 1758 3894 1099 2224 3898 1100 2240 2082 1095 3481 2303 1098 816 2099 1095 3481 2303 1110 550 2554 1097 1545 2471 1101 2237 1931 1098 816 2099 1099 3701 1983 1101 2888 3510 1042 3846 3676 1100 944 3672 1119 3274 4084 1104 3275 3886 1105 2787 3890 1041 1251 4113 1107 2222 3918 1110 2229 3922 1115 2662 4169 1103 2662 3996 1102 1695 4000 1116 594 3976 1108 594 4177 1103 1582 4173 1118 1498 4161 1097 1513 3952 1109 1499 3956 1120 441 4098 1106 3850 3910 1104 1428 3914 1043 3150 2651 1110 1690 2395 1096 1185 2656 1108 3927 2307 1104 3940 2078 1103 2974 2103 1103 2974 2103 1106 2004 1939 1102 537 1987 1106 2004 1939 1099 3701 1983 1102 537 1987 1043 1584 1459 1100 2543 1684 1042 1585 1680 1107 3480 2558 1108 3927 2307 1109 2988 2475 1111 1319 4145 1098 3268 3968 1095 2781 3972 1117 2410 3960 1109 1918 4129 1108 2887 4125 1097 1545 2471 1107 3480 2558 1109 2988 2475 1040 1190 4020 1105 708 3815 1107 1191 3819 1117 1 2698 1116 1 2694 1115 2963 2618 1121 1980 4106 1101 1507 3930 1106 1026 3934 1133 4084 4150 1147 3153 3993 1148 4087 3989 1149 3843 4009 1135 3378 4134 1150 3376 4005 1138 1495 3895 1150 1500 4073 1135 1985 3899 1131 3713 2304 1136 1538 2083 1134 1542 2100 1131 3713 2304 1146 1800 2555 1132 256 2336 1134 1542 2100 1137 2000 1932 1135 2006 1984 1137 1688 3511 1179 1179 3677 1158 1687 3507 1141 3513 3891 1169 2545 4081 1168 1587 4085 1146 1505 3923 1155 1503 4111 1156 1987 4115 1139 2899 3997 1151 1925 4170 1138 3385 4001 1144 3743 4178 1152 2783 3977 1139 2782 4174 1133 1763 3953 1154 1752 4162 1145 2225 3957 1169 3154 4099 1142 3155 3911 1157 2663 4095 1159 3851 2653 1146 2417 2396 1156 1427 2392 1144 2512 2308 1140 3465 2079 1141 3930 2340 1139 1528 2104 1142 2008 1940 1140 3465 2079 1135 2006 1984 1142 2008 1940 1138 2994 1988 1136 1814 1685 1159 2278 1461 1179 3742 1681 1144 2512 2308 1143 1255 2559 1145 3914 2476 1134 1078 3969 1147 2542 4146 1131 591 3973 1145 2145 4130 1153 2144 3961 1144 4075 4126 1133 3246 2472 1143 1255 2559 1146 1800 2555 1141 3388 3816 1155 2902 4022 1143 2421 3820 1151 3920 2619 1153 800 2699 1148 1781 2508 1137 1765 3931 1157 1759 4107 1142 1252 3935 1205 986 1773 1201 1955 1551 1206 465 1775 1201 1027 99 1208 3454 297 1206 1518 235 1207 3721 3318 1090 40 3182 1089 267 3316 1203 1953 1078 1200 1952 1160 1201 3424 1081 1211 983 4203 1200 982 4288 1204 981 4205 1088 262 3387 1203 46 3605 1205 1556 3389 1207 1460 1795 1206 973 1696 1208 1458 1833 1088 262 3387 1207 3721 3318 1089 267 3316 1215 3425 4298 1207 985 4394 1208 984 4300 1213 3911 349 1215 521 351 1208 3454 297 1202 220 2035 1212 3236 2169 1211 3689 2141 1208 3454 297 1212 2497 11 1213 3911 349 1090 0 1934 1210 3458 2037 1093 0 1935 1210 3458 2037 1214 0 2146 1215 1258 2171 1210 3458 2037 1213 3957 2173 1209 560 2039 1213 3957 2173 1202 220 2035 1209 560 2039 1202 220 2035 1091 26 1936 1094 25 1937 1203 194 1133 1087 195 1291 1204 193 1290 1204 1 2160 1091 1 1925 1211 1 1924 1218 712 4151 1232 3618 3994 1233 1696 3990 1234 1920 4010 1220 1919 4135 1235 3844 4006 1223 1509 3896 1235 1496 4074 1220 1986 3900 1216 1281 2305 1221 2232 2084 1219 2967 2101 1216 1281 2305 1231 1276 2556 1217 2255 2337 1219 2967 2101 1222 3934 1933 1220 545 1985 1222 3143 3512 1243 3615 3678 1242 4076 3508 1225 2045 3888 1193 3026 4086 1226 3974 3892 1228 2959 3920 1171 504 4116 1231 1510 3924 1224 2899 3998 1236 2899 4171 1223 3386 4002 1229 1815 4179 1237 844 3978 1224 3744 4175 1218 1755 3954 1239 1755 4163 1230 1763 3958 1240 1696 4100 1227 1696 3912 1241 1696 4096 1173 1922 2654 1231 437 2397 1171 946 2393 1229 1272 2309 1225 3707 2080 1226 2756 2341 1224 1783 2105 1227 1787 1941 1225 3707 2080 1220 545 1985 1227 1787 1941 1223 2733 1989 1221 2789 1686 1173 1326 1462 1243 2792 1682 1229 1272 2309 1228 2252 2560 1230 1797 2477 1219 1580 3970 1232 592 4147 1216 593 3974 1230 2146 4131 1238 2658 3962 1229 3141 4127 1218 818 2473 1228 2252 2560 1231 1276 2556 1226 953 3817 1170 2423 4023 1228 1433 3821 1236 540 2620 1238 3685 2700 1233 3692 2509 1222 1253 3932 1241 1253 4108 1227 1253 3936 1253 780 392 1256 789 724 1252 781 776 1254 0 497 1255 0 456 1257 0 495 1258 163 3004 1255 163 3110 1256 163 3108 1254 505 4042 1257 505 4029 1258 505 3925 1259 40 2878 1256 40 2795 1260 40 2793 1266 2380 1292 1263 1397 1338 1267 3312 1302 1263 1397 1338 1264 1442 1340 1285 3857 1376 1262 937 1327 1265 2408 1298 1264 1442 1340 1266 2380 1292 1265 2408 1298 1262 937 1327 1269 1364 1268 1266 2380 1292 1267 3312 1302 1268 3341 1276 1265 2408 1298 1266 2380 1292 1270 889 1258 1269 1364 1268 1271 2309 1234 1270 889 1258 1265 2408 1298 1268 3341 1276 1273 2808 1205 1270 889 1258 1271 2309 1234 1272 2358 1244 1265 2408 1298 1270 889 1258 1274 2555 1187 1271 2309 1234 1276 3278 1217 1274 2555 1187 1277 1099 1213 1275 619 1177 1271 2309 1234 1278 1341 1264 1276 3278 1217 1276 3278 1217 1279 1597 1266 1277 1099 1213 1278 1341 1264 1267 3312 1302 1280 869 1308 1278 1341 1264 1281 3755 1323 1279 1597 1266 1280 869 1308 1263 1397 1338 1282 402 1358 1280 869 1308 1283 3775 1374 1281 3755 1323 1282 402 1358 1285 3857 1376 1284 3853 1396 1282 402 1358 1286 2872 1415 1283 3775 1374 1284 3853 1396 1288 3879 1403 1287 3417 1441 1286 2872 1415 1287 3417 1441 1289 961 1469 1288 3879 1403 1290 3900 1480 1287 3417 1441 1287 3417 1441 1292 1471 1512 1289 961 1469 1290 3900 1480 1294 3441 1445 1293 1972 1506 1290 3900 1480 1295 2940 1552 1292 1471 1512 1292 1471 1512 1296 977 1580 1298 463 1546 1299 3835 1556 1296 977 1580 1297 938 1592 1300 1934 1484 1292 1471 1512 1298 463 1546 1299 3240 3375 1301 852 3556 1298 1826 3383 1304 706 1145 1305 3144 1185 1307 1181 1284 1301 1636 1215 1279 1597 1266 1304 2568 1270 1303 1122 1175 1277 1099 1213 1301 1636 1215 1308 1164 1183 1301 1636 1215 1302 3625 1229 1304 2568 1270 1281 3755 1323 1305 320 1331 1305 320 1331 1283 3775 1374 1306 3297 1382 1283 3775 1374 1307 2350 1437 1306 3297 1382 1286 2872 1415 1300 1934 1484 1307 2350 1437 1309 1721 1198 1302 3625 1229 1311 4118 1250 1309 1721 1198 1312 3201 1272 1310 2714 1227 1311 2050 3558 1299 3240 3375 1314 3031 3385 1311 4118 1250 1350 4109 1329 1312 3201 1272 1314 1419 1411 1316 3382 1451 1353 434 1566 1299 3835 1556 1317 910 1601 1314 2333 1558 1314 2333 1558 1318 2811 1603 1315 856 1568 1316 1347 1520 1315 856 1568 1324 3286 1526 1315 856 1568 1319 2295 1590 1321 3032 1560 1321 3032 1560 1320 3995 1578 1322 3535 1554 1323 1598 1536 1315 856 1568 1321 3032 1560 1325 626 1530 1321 3032 1560 1322 3535 1554 1327 3522 1474 1323 1598 1536 1326 628 1482 1328 3071 1486 1323 1598 1536 1325 626 1530 1331 4010 1425 1326 628 1482 1329 3089 1443 1332 3111 1457 1326 628 1482 1328 3071 1486 1330 1163 1392 1331 4010 1425 1329 3089 1443 1330 1163 1392 1332 3111 1457 1334 1199 1417 1334 1199 1417 1333 2656 1471 1335 1706 1453 1332 3111 1457 1346 685 1494 1333 2656 1471 1337 1716 1354 1334 1199 1417 1336 1216 1386 1336 1216 1386 1335 1706 1453 1338 4113 1439 1340 3205 1313 1336 1216 1386 1339 3207 1364 1341 2192 1427 1336 1216 1386 1338 4113 1439 1343 3215 1278 1339 3207 1364 1342 3208 1346 1342 3208 1346 1341 2192 1427 1344 3644 1423 1345 3612 1488 1344 3644 1423 1341 2192 1427 1345 3612 1488 1335 1706 1453 1333 2656 1471 1345 3612 1488 1333 2656 1471 1346 685 1494 1345 3612 1488 1346 685 1494 1347 2103 1514 1345 3612 1488 1347 2103 1514 1348 2619 1542 1345 3612 1488 1348 2619 1542 1349 658 1548 1345 3612 1488 1341 2192 1427 1338 4113 1439 1345 3612 1488 1338 4113 1439 1335 1706 1453 1348 2619 1542 1320 3995 1578 1349 658 1548 1347 2103 1514 1322 3535 1554 1348 2619 1542 1328 3071 1486 1347 2103 1514 1346 685 1494 1343 3215 1278 1312 3201 1272 1340 3205 1313 1340 3205 1313 1350 4109 1329 1337 1716 1354 1337 1716 1354 1351 687 1378 1330 1163 1392 1350 4109 1329 1352 2111 1362 1351 687 1378 1352 2111 1362 1331 4010 1425 1351 687 1378 1353 3996 1413 1327 3522 1474 1331 4010 1425 1354 1332 1467 1324 3286 1526 1327 3522 1474 1356 2458 1366 1294 3441 1445 1291 2938 1429 1356 2458 1366 1265 2408 1298 1355 2455 1372 1357 1457 1360 1291 2938 1429 1288 3879 1403 1357 1457 1360 1265 2408 1298 1356 2458 1366 1264 1442 1340 1265 2408 1298 1357 1457 1360 1264 1442 1340 1288 3879 1403 1285 3857 1376 1358 517 777 1362 519 725 1359 510 393 1361 0 457 1360 0 498 1363 0 496 1361 163 3111 1364 163 3005 1362 163 3109 1364 778 3926 1360 778 4043 1367 778 4045 1362 40 2796 1365 40 2879 1366 40 2794 1369 3110 1339 1372 3106 1293 1373 639 1303 1369 3110 1339 1370 4103 1341 1368 2138 1328 1368 2138 1328 1370 4103 1341 1371 3139 1299 1372 3106 1293 1368 2138 1328 1371 3139 1299 1375 4011 1269 1372 3106 1293 1374 2117 1277 1374 2117 1277 1372 3106 1293 1371 3139 1299 1375 4011 1269 1376 641 1259 1377 2574 1235 1376 641 1259 1374 2117 1277 1371 3139 1299 1379 1102 1206 1376 641 1259 1378 1651 1245 1378 1651 1245 1376 641 1259 1371 3139 1299 1380 2292 1188 1377 2574 1235 1379 1102 1206 1383 3769 1214 1380 2292 1188 1381 3295 1178 1384 1095 1265 1377 2574 1235 1382 3029 1218 1385 3287 1267 1382 3029 1218 1383 3769 1214 1384 1095 1265 1373 639 1303 1375 4011 1269 1387 3521 1324 1384 1095 1265 1385 3287 1267 1386 629 1309 1369 3110 1339 1373 639 1303 1389 2584 1375 1386 629 1309 1387 3521 1324 1388 2113 1359 1391 2671 1377 1369 3110 1339 1392 4053 1416 1388 2113 1359 1389 2584 1375 1390 2153 1397 1394 2190 1404 1391 2671 1377 1392 4053 1416 1393 1209 1442 1390 2153 1397 1396 3666 1481 1394 2190 1404 1393 1209 1442 1398 3196 1513 1393 1209 1442 1395 4110 1470 1396 3666 1481 1400 3664 1446 1397 3657 1430 1401 3209 1553 1396 3666 1481 1398 3196 1513 1402 2701 1581 1398 3196 1513 1404 1212 1547 1405 3133 1557 1402 2701 1581 1404 1212 1547 1406 718 1485 1398 3196 1513 1395 4110 1470 1405 2238 3376 1407 3982 3557 1408 1261 3561 1411 435 1186 1407 3380 1140 1406 3848 1357 1407 3314 1216 1385 3287 1267 1383 3769 1214 1409 3316 1176 1383 3769 1214 1381 3295 1178 1414 3360 1184 1407 3314 1216 1409 3316 1176 1410 3761 1271 1387 3521 1324 1385 3287 1267 1411 3985 1332 1389 2584 1375 1387 3521 1324 1413 654 1438 1389 2584 1375 1412 2579 1383 1406 718 1485 1392 4053 1416 1413 654 1438 1415 3878 1199 1408 3858 1230 1414 3360 1184 1418 1964 1273 1415 3878 1199 1416 2471 1228 1405 2238 3376 1417 2294 3559 1420 316 3386 1456 2443 1330 1417 974 1251 1418 1964 1273 1458 3616 1595 1459 1183 1567 1422 1689 1452 1423 1140 1602 1405 3133 1557 1420 2083 1559 1424 3049 1604 1420 2083 1559 1421 3041 1569 1421 3041 1569 1422 3993 1521 1430 2563 1527 1425 1089 1591 1421 3041 1569 1427 1335 1561 1426 337 1579 1427 1335 1561 1428 864 1555 1429 3758 1537 1421 3041 1569 1430 2563 1527 1431 3774 1531 1427 1335 1561 1429 3758 1537 1429 3758 1537 1433 324 1475 1432 2324 1483 1434 1370 1487 1429 3758 1537 1432 2324 1483 1432 2324 1483 1437 1363 1426 1435 2359 1444 1438 3821 1458 1432 2324 1483 1435 2359 1444 1436 2880 1393 1437 1363 1426 1457 2874 1379 1438 3821 1458 1436 2880 1393 1440 2436 1418 1439 3834 1472 1440 2436 1418 1441 1444 1454 1452 2871 1495 1438 3821 1458 1439 3834 1472 1440 2436 1418 1443 2916 1355 1442 3882 1387 1441 1444 1454 1442 3882 1387 1444 971 1440 1442 3882 1387 1446 480 1314 1445 2473 1365 1447 1957 1428 1442 3882 1387 1445 2473 1365 1445 2473 1365 1449 2946 1279 1448 3435 1347 1447 1957 1428 1448 3435 1347 1450 980 1424 1451 430 1489 1447 1957 1428 1450 980 1424 1451 430 1489 1439 3834 1472 1441 1444 1454 1451 430 1489 1452 2871 1495 1439 3834 1472 1451 430 1489 1453 1885 1515 1452 2871 1495 1451 430 1489 1454 2344 1543 1453 1885 1515 1451 430 1489 1455 391 1549 1454 2344 1543 1451 430 1489 1444 971 1440 1447 1957 1428 1451 430 1489 1441 1444 1454 1444 971 1440 1454 2344 1543 1426 337 1579 1428 864 1555 1453 1885 1515 1428 864 1555 1431 3774 1531 1453 1885 1515 1434 1370 1487 1452 2871 1495 1449 2946 1279 1418 1964 1273 1416 2471 1228 1446 480 1314 1456 2443 1330 1418 1964 1273 1443 2916 1355 1457 2874 1379 1456 2443 1330 1456 2443 1330 1458 398 1363 1419 1933 1301 1437 1363 1426 1458 398 1363 1457 2874 1379 1433 324 1475 1459 859 1414 1437 1363 1426 1430 2563 1527 1460 2554 1468 1433 324 1475 1400 3664 1446 1462 2704 1367 1397 3657 1430 1462 2704 1367 1461 737 1373 1371 3139 1299 1397 3657 1430 1463 1717 1361 1394 2190 1404 1463 1717 1361 1462 2704 1367 1371 3139 1299 1370 4103 1341 1463 1717 1361 1371 3139 1299 1394 2190 1404 1370 4103 1341 1391 2671 1377 1483 3931 2516 1493 810 2680 1486 3936 2514 1479 2002 3126 1490 2964 3265 1485 2003 3124 1481 3245 2835 1493 810 2680 1482 2246 2682 1477 798 3379 1490 2964 3265 1478 796 3267 1710 1638 2232 1508 3554 2157 1472 2611 2294 1522 3293 3835 1696 338 3940 1509 3767 3938 1465 1150 3719 1470 1669 3611 1471 2643 3721 1708 634 3589 1484 631 3663 1464 3054 3587 1467 2605 3498 1476 3057 3345 1469 1119 3500 1710 2639 3593 1473 675 3667 1709 1137 3591 1466 2106 3609 1469 1119 3500 1470 1669 3611 1709 1137 3591 1474 640 3665 1708 634 3589 1484 1350 2265 1707 3292 1770 1464 3766 2358 1468 1645 2198 1469 2646 2243 1476 651 2241 1478 2686 2202 1469 2646 2243 1477 1160 2200 1479 1735 2204 1470 2698 2245 1478 2686 2202 1508 3667 2348 1506 775 2346 1480 2728 2206 1508 3667 2348 1481 4148 2208 1472 749 2251 1482 2700 2212 1472 749 2251 1481 4148 2208 1483 2651 2214 1473 1708 2253 1482 2700 2212 1475 4029 2210 1474 1670 2255 1483 2651 2214 1480 1778 2982 1485 2003 3124 1491 1 2980 1533 742 2817 1468 4125 2528 1514 742 2819 1468 1 3468 1489 1 3377 1477 798 3379 1475 180 2371 1486 3936 2514 1488 154 2369 1480 1778 2982 1492 1274 2833 1481 3245 2835 1494 2091 406 1489 1679 432 1487 4025 430 1498 1710 410 1489 1679 432 1495 691 408 1499 3203 404 1490 3642 428 1498 1710 410 1496 3672 412 1485 1737 434 1499 3203 404 1500 2206 414 1491 3221 436 1496 3672 412 1501 1719 416 1492 2200 438 1500 2206 414 1502 3132 418 1493 3165 440 1501 1719 416 1497 1126 420 1486 2125 442 1502 3132 418 1503 1147 2186 1508 3100 2296 1505 3584 2312 1503 1147 2186 1507 672 2091 1506 2638 2190 1479 1735 2204 1507 3669 2344 1471 4136 2247 1465 3070 2643 1507 4017 2580 1504 2616 2551 1533 2090 208 1494 2091 406 1487 4025 430 1534 2618 224 1497 1126 420 1543 3558 252 1534 4126 2918 1475 4126 3174 1488 743 3172 1530 649 1856 1475 4029 2210 1521 650 1915 1522 3081 1844 1468 1645 2198 1476 651 2241 1529 805 907 1539 3915 754 1528 1033 756 1525 1050 344 1536 1042 238 1524 1047 240 1539 3915 754 1527 3247 564 1528 1033 756 1536 1042 238 1523 2244 110 1524 1047 240 1551 4019 963 1512 1121 891 1518 1118 961 1711 3104 3861 1516 2115 3803 1513 3579 3863 1530 1617 212 1510 2604 316 1707 3542 210 1695 2081 3865 1522 632 3807 1509 2592 3867 1519 3586 448 1512 3105 513 1511 1136 446 1513 3579 3863 1515 2087 3805 1695 2081 3865 1520 1120 318 1511 1136 446 1510 2604 316 1514 3562 1905 1515 3120 1842 1523 1674 1899 1515 3120 1842 1524 2687 1901 1523 1674 1899 1516 2699 1846 1525 1734 1903 1524 2687 1901 1526 2729 1907 1549 776 1734 1551 3668 1736 1527 4147 1909 1551 3668 1736 1518 1233 1850 1518 1233 1850 1528 1210 1911 1527 4147 1909 1519 3636 1852 1529 2135 1913 1528 1210 1911 1520 1153 1854 1521 650 1915 1529 2135 1913 1526 1774 467 1531 1541 342 1525 1050 344 1535 1791 108 1514 3922 18 1523 2244 110 1521 225 1004 1532 804 905 1529 805 907 1538 254 562 1526 1774 467 1527 3247 564 1540 4026 256 1535 4058 220 1541 2649 258 1535 4058 220 1544 1204 254 1541 2649 258 1536 734 228 1545 2199 246 1544 1204 254 1531 3211 218 1542 3222 242 1545 2199 246 1537 3671 214 1546 3210 248 1542 3222 242 1538 2201 216 1547 1211 250 1546 3210 248 1539 1709 226 1548 3604 244 1547 1211 250 1532 682 222 1543 3558 252 1548 3604 244 1551 674 772 1712 1668 662 1713 1144 632 1712 1668 662 1550 673 774 1714 3099 630 1550 2719 1732 1525 1734 1903 1517 2713 1848 1480 2728 2206 1506 775 2346 1507 3669 2344 1711 3069 4285 1550 2086 4415 1517 1628 4413 1607 3754 2224 1592 3288 2549 1591 3030 2547 1558 1346 2222 1593 2319 2490 1592 3288 2549 1552 2056 1333 1602 2065 1673 1553 3056 1435 1583 1088 1335 1601 3035 1637 1552 2056 1333 1593 2319 2490 1559 885 2132 1594 373 2363 1556 3102 1946 1587 1141 2042 1586 1148 1893 1604 4041 1998 1588 4021 2194 1587 1141 2042 1606 3987 2184 1591 3030 2547 1590 3040 2492 1557 1631 2075 1589 1616 2367 1588 4021 2194 1605 2581 2134 1590 3040 2492 1589 1616 2367 1560 2861 1996 1597 3811 1890 1596 2860 2040 1610 3807 1944 1598 372 1655 1597 3811 1890 1595 1893 2196 1560 2861 1996 1596 2860 2040 1561 884 1838 1599 2318 1572 1598 372 1655 1555 3064 1754 1553 3056 1435 1602 2065 1673 1599 2318 1572 1611 2802 1671 1600 330 1431 1556 3102 1946 1585 3094 1659 1603 664 1840 1600 330 1431 1554 318 1635 1583 1088 1335 1603 664 1840 1584 3556 1574 1555 3064 1754 1634 339 3520 1563 327 3633 1564 1358 3518 1664 3191 2709 1578 1730 2884 1579 736 2707 1648 1881 2164 1572 3781 1976 1650 1351 1978 1636 395 3331 1564 1358 3518 1565 3346 3329 1666 3635 2498 1579 736 2707 1580 2669 2496 1650 1351 1978 1573 1338 1738 1652 3759 1740 1638 3396 3178 1565 3346 3329 1566 1937 3176 1668 2122 2239 1580 2669 2496 1581 1650 2237 1652 1600 3661 1574 1100 3526 1654 627 3528 1638 3396 3178 1567 2453 3008 1640 2927 3010 1670 2587 2050 1581 1650 2237 1582 2573 2048 1654 627 3528 1575 4036 3349 1656 1151 3351 1640 2927 3010 1568 476 2829 1642 2465 2831 1632 2565 1869 1582 2573 2048 1563 2566 1867 1656 1151 3351 1576 720 3225 1658 2674 3227 1642 2465 2831 1569 2460 2647 1644 1951 2649 1660 2189 3067 1576 720 3225 1577 4129 3065 1644 1951 2649 1570 3407 2430 1646 2426 2432 1662 1232 2886 1577 4129 3065 1578 1730 2884 1646 2426 2432 1571 3347 2162 1648 1881 2164 1583 1793 1236 1564 2743 1096 1563 2978 1260 1552 3712 1116 1565 2981 984 1564 2743 1096 1584 2971 909 1565 2981 984 1553 3478 1029 1585 822 833 1566 64 849 1584 2971 909 1586 3242 788 1567 1278 746 1585 822 833 1586 3242 788 1569 236 666 1568 0 664 1587 811 790 1570 0 748 1569 236 666 1588 0 835 1571 0 851 1570 0 748 1590 0 1031 1571 0 851 1589 0 911 1591 3703 1118 1572 1526 986 1590 0 1031 1592 2734 1238 1573 801 1098 1591 3703 1118 1593 0 1504 1574 2511 1262 1592 2734 1238 1594 0 1618 1575 0 1564 1593 0 1504 1595 1535 1701 1576 0 1667 1594 0 1618 1596 3466 1780 1577 2973 1822 1595 1535 1701 1597 2989 1778 1578 2980 1919 1596 3466 1780 1598 227 1699 1579 551 1917 1597 2989 1778 1598 227 1699 1581 2749 1665 1580 47 1820 1599 3711 1616 1582 1048 1562 1581 2749 1665 1600 1037 1502 1563 2978 1260 1582 1048 1562 1594 373 2363 1609 1384 2073 1595 1893 2196 1628 2165 2785 1561 2652 2860 1610 1202 2815 1621 3770 2377 1607 317 2314 1606 3294 2288 1602 1379 2747 1615 1909 2661 1555 1405 2674 1629 4056 2805 1562 1125 2899 1561 2652 2860 1622 3984 2413 1558 3042 2402 1607 317 2314 1615 1909 2661 1603 3405 2588 1555 1405 2674 1562 1125 2899 1631 2064 2825 1611 1098 2901 1623 4002 2452 1608 1124 2488 1558 3042 2402 1603 3405 2588 1617 965 2524 1556 3411 2484 1611 1098 2901 1613 3942 2803 1554 2005 2858 1608 1124 2488 1625 2128 2598 1559 3601 2590 1617 965 2524 1604 3868 2404 1556 3411 2484 1559 3601 2590 1626 2170 2663 1609 3634 2678 1604 3868 2404 1619 3826 2411 1557 929 2318 1626 2170 2663 1560 2690 2751 1609 3634 2678 1619 3826 2411 1605 890 2290 1557 929 2318 1613 3942 2803 1601 2310 2813 1554 2005 2858 1627 731 2729 1610 1202 2815 1560 2690 2751 1605 890 2290 1621 3770 2377 1606 3294 2288 1601 2310 2813 1614 3311 2724 1602 1379 2747 1621 0 1992 1623 0 2112 1622 0 2065 1616 1039 1663 1627 0 2151 1617 0 1705 1627 0 2151 1618 2235 1768 1617 0 1705 1618 2235 1768 1625 2969 2180 1619 235 1861 1619 235 1861 1624 1999 2153 1620 2239 1950 1620 2239 1950 1623 0 2112 1621 0 1992 1629 2503 2063 1616 1039 1663 1615 2517 1661 1629 2503 2063 1614 3935 1703 1630 0 1990 1631 0 1948 1614 3935 1703 1612 0 1766 1613 0 1859 1631 0 1948 1612 0 1766 1550 2719 1732 1549 776 1734 1526 2729 1907 1735 1266 2517 1745 1041 2681 1734 1046 2683 1731 3705 3127 1742 2742 3266 1730 3687 3268 1745 1041 2681 1733 1053 2836 1734 1046 2683 1742 2742 3266 1729 232 3380 1730 3687 3268 1760 370 2158 1962 1861 2233 1724 3792 2295 1948 2059 3941 1774 3529 3836 1761 1607 3939 1717 2862 3720 1722 2859 3612 1718 1385 3610 1736 2327 3664 1960 1848 3590 1716 348 3588 1719 359 3499 1728 1359 3346 1948 871 3344 1725 912 3668 1962 918 3594 1961 1386 3592 1718 1385 3610 1721 1860 3501 1719 359 3499 1726 887 3666 1961 1386 3592 1960 1848 3590 1736 1606 2266 1959 2060 1771 1782 1606 1874 1720 3323 2199 1721 2875 2244 1729 1403 2201 1721 2875 2244 1730 2444 2203 1729 1403 2201 1722 1461 2246 1731 3896 2205 1730 2444 2203 1760 3902 2349 1732 2494 2207 1758 502 2347 1733 1482 2209 1760 3902 2349 1724 1003 2252 1724 1003 2252 1734 1947 2213 1733 1482 2209 1725 1446 2254 1735 1407 2215 1734 1947 2213 1726 3345 2256 1727 382 2211 1735 1407 2215 1732 3462 2983 1737 2251 3125 1731 3705 3127 1720 3883 2529 1785 468 2818 1766 468 2820 1741 237 3378 1720 1 3469 1729 232 3380 1727 98 2372 1738 1269 2515 1735 1266 2517 1744 3476 2834 1732 3462 2983 1733 1053 2836 1746 2343 407 1741 2391 433 1747 932 409 1741 2391 433 1750 1448 411 1747 932 409 1742 3419 429 1751 3432 405 1750 1448 411 1737 2481 435 1748 2953 413 1751 3432 405 1743 2955 437 1752 3442 415 1748 2953 413 1744 2939 439 1753 975 417 1752 3442 415 1745 1447 441 1754 2401 419 1753 975 417 1738 2384 443 1749 376 421 1754 2401 419 1760 2372 2297 1755 406 2187 1757 2855 2313 1755 406 2187 1759 3814 2092 1756 404 2072 1731 3896 2205 1759 1012 2345 1732 2494 2207 1717 368 2644 1759 1369 2581 1723 882 2685 1746 2343 407 1785 375 209 1739 2835 431 1749 376 421 1786 2834 225 1795 2342 253 1727 3884 3175 1786 3884 2919 1740 469 3173 1727 382 2211 1782 2347 1857 1773 895 1916 1720 3323 2199 1774 2346 1845 1728 1377 2242 1781 1529 908 1791 808 755 1784 2968 906 1777 3709 345 1788 1265 239 1783 3706 343 1779 3947 565 1791 808 755 1780 1792 757 1775 3471 111 1788 1265 239 1776 3698 241 1764 2337 892 1803 3793 964 1770 2829 962 1963 3818 3862 1768 3340 3804 1769 2379 3802 1762 2332 317 1782 1842 213 1959 347 211 1947 880 3866 1774 875 3808 1767 888 3806 1764 1395 514 1771 2376 449 1763 904 447 1765 3808 3864 1767 888 3806 1768 3340 3804 1763 904 447 1772 2832 319 1762 2332 317 1766 1871 1906 1767 3351 1843 1774 2346 1845 1776 2912 1902 1767 3351 1843 1775 1907 1900 1777 2941 1904 1768 2918 1847 1776 2912 1902 1778 2495 1908 1803 1484 1737 1801 501 1735 1779 3443 1910 1803 1484 1737 1778 2495 1908 1780 2452 1912 1770 1002 1851 1779 3443 1910 1781 2399 1914 1771 1445 1853 1780 2452 1912 1773 895 1916 1772 409 1855 1781 2399 1914 1778 2965 468 1783 3706 343 1789 0 466 1766 0 19 1787 3473 109 1775 3471 111 1773 2966 1005 1784 2968 906 1786 153 1003 1778 2965 468 1790 1054 563 1779 3947 565 1792 891 257 1787 1404 221 1785 375 209 1796 963 255 1787 1404 221 1793 2392 259 1797 1965 247 1788 2919 229 1796 963 255 1794 2954 243 1783 1968 219 1797 1965 247 1798 1969 249 1789 2952 215 1794 2954 243 1799 1462 251 1790 2469 217 1798 1969 249 1800 936 245 1791 2913 227 1799 1462 251 1795 2342 253 1784 1903 223 1800 936 245 1964 1897 663 1803 2857 773 1965 3813 633 1964 1897 663 1802 2856 775 1801 915 787 1777 2941 1904 1802 1011 1733 1769 3894 1849 1732 2494 2207 1759 1012 2345 1758 502 2347 1963 367 4286 1802 2830 4416 1966 1868 4276 1844 1093 2550 1859 2559 2225 1843 1823 2548 1845 1105 2491 1810 3528 2223 1844 1093 2550 1804 2301 1334 1854 2810 1674 1853 1337 1638 1835 2795 1336 1853 1337 1638 1806 2051 1636 1845 1105 2491 1811 638 2133 1860 2069 2183 1839 1390 2043 1808 3817 1947 1838 3342 1894 1840 1864 2195 1856 3333 1999 1839 1390 2043 1843 1823 2548 1858 2799 2185 1842 3290 2493 1841 3783 2368 1809 3790 2076 1840 1864 2195 1842 3290 2493 1857 3771 2135 1841 3783 2368 1849 4048 1891 1812 2120 1997 1848 4050 2041 1850 2614 1656 1862 4042 1945 1849 4048 1891 1847 2628 2197 1812 2120 1997 1861 1659 2074 1851 2585 1573 1813 4013 1839 1850 2614 1656 1805 874 1436 1807 2825 1755 1854 2810 1674 1851 2585 1573 1863 3043 1672 1814 2586 1757 1837 3336 1660 1808 3817 1947 1855 2849 1841 1852 613 1432 1806 2051 1636 1863 3043 1672 1836 2833 1575 1855 2849 1841 1807 2825 1755 1886 2576 3521 1815 3988 3634 1884 3524 3636 1916 1958 2710 1830 2936 2885 1914 1000 2887 1824 2590 1977 1900 3571 2165 1902 2575 1979 1888 1134 3332 1816 3053 3519 1886 2576 3521 1918 2441 2499 1831 979 2708 1916 1958 2710 1825 2055 1739 1902 2575 1979 1904 3523 1741 1890 721 3179 1817 680 3330 1888 1134 3332 1920 408 2240 1832 1931 2497 1918 2441 2499 1826 2307 3527 1904 2300 3662 1906 868 3529 1819 4120 3009 1890 721 3179 1892 2705 3011 1922 3779 2051 1833 3800 2238 1920 408 2240 1827 1875 3350 1906 868 3529 1908 1396 3352 1820 2197 2830 1892 2705 3011 1894 1731 2832 1884 328 1870 1834 2308 2049 1922 3779 2051 1828 445 3226 1908 1396 3352 1910 2430 3228 1821 1222 2648 1894 1731 2832 1896 3180 2650 1912 2454 3068 1828 445 3226 1910 2430 3228 1822 2684 2431 1896 3180 2650 1898 3623 2433 1914 1000 2887 1829 2928 3066 1912 2454 3068 1823 2640 2163 1898 3623 2433 1900 3571 2165 1835 3938 1237 1816 2508 1097 1804 1052 1117 1804 1052 1117 1817 245 985 1805 1271 1030 1817 245 985 1836 233 910 1805 1271 1030 1818 3234 850 1837 2009 834 1836 233 910 1819 3475 747 1838 2001 789 1837 2009 834 1838 2001 789 1821 1995 667 1839 2977 791 1839 2977 791 1822 0 749 1840 0 836 1840 0 836 1823 0 852 1841 0 912 1823 0 852 1842 2970 1032 1841 0 912 1824 3468 987 1843 1540 1119 1842 2970 1032 1825 1994 1099 1844 239 1239 1843 1540 1119 1826 3704 1263 1845 0 1505 1844 239 1239 1827 0 1565 1846 0 1619 1845 0 1505 1828 3467 1668 1847 2506 1702 1846 0 1619 1829 3925 1823 1848 0 1781 1847 2506 1702 1830 2249 1920 1849 252 1779 1848 0 1781 1831 1280 1918 1850 1049 1700 1849 252 1779 1850 1049 1700 1833 1044 1666 1851 3477 1617 1851 3477 1617 1834 2753 1563 1852 2741 1503 1852 2741 1503 1815 812 1261 1835 3938 1237 1846 3073 2364 1861 1659 2074 1811 638 2133 1813 1409 2861 1880 3398 2786 1862 960 2816 1859 3983 2315 1873 2577 2378 1858 3045 2289 1854 3087 2748 1867 1681 2662 1866 4015 2725 1814 1372 2900 1881 924 2806 1813 1409 2861 1810 2304 2403 1874 319 2414 1859 3983 2315 1855 4104 2589 1867 1681 2662 1807 1683 2675 1814 1372 2900 1883 2809 2826 1882 1866 2828 1860 1867 2489 1875 1355 2453 1810 2304 2403 1855 4104 2589 1869 1711 2525 1868 2680 2597 1863 2801 2902 1865 806 2804 1883 2809 2826 1860 1867 2489 1877 2388 2599 1876 2339 2532 1856 1198 2405 1869 1711 2525 1808 2175 2485 1811 1408 2591 1878 1443 2664 1877 2388 2599 1856 1198 2405 1871 1680 2412 1870 2681 2451 1812 456 2752 1878 1443 2664 1861 449 2679 1857 643 2291 1871 1680 2412 1809 1682 2319 1853 3046 2814 1865 806 2804 1806 222 2859 1862 960 2816 1879 455 2730 1812 456 2752 1857 643 2291 1873 2577 2378 1872 1123 2376 1853 3046 2814 1866 4015 2725 1864 3047 2783 1873 0 1993 1874 0 2066 1875 0 2113 1868 807 1664 1879 0 2152 1880 0 2111 1870 1525 1769 1879 0 2152 1869 0 1706 1870 1525 1769 1877 2740 2181 1878 0 2179 1871 2972 1862 1876 244 2154 1877 2740 2181 1872 3469 1951 1875 0 2113 1876 244 2154 1868 807 1664 1881 2736 2064 1867 2752 1662 1866 2242 1704 1881 2736 2064 1882 0 1991 1883 0 1949 1866 2242 1704 1882 0 1991 1865 0 1860 1864 0 1767 1883 0 1949 1802 1011 1733 1778 2495 1908 1801 501 1735 171 422 1048 161 418 895 185 423 950 161 689 2461 171 1671 2463 116 2129 2543 167 2845 2298 166 2844 2322 163 1876 2095 165 4044 4279 167 1138 4212 164 1139 4226 176 567 3261 164 1303 3158 163 2020 3165 174 1071 3301 162 2025 3363 164 2533 3355 161 1317 2809 124 167 2874 166 294 2434 185 3969 1980 161 2042 1921 167 2035 2286 169 3537 1225 119 1103 1287 116 4004 1398 168 3782 2380 169 1840 2310 171 349 2500 176 1872 4253 175 3798 4361 178 386 4359 174 1655 4387 176 1656 4295 179 1135 4301 179 3734 718 178 3737 744 181 2267 875 177 2262 1816 179 1561 1746 182 1807 1752 173 659 3026 182 3088 2958 181 1653 2964 172 2362 3292 180 3334 3223 182 1887 3233 173 109 3850 120 109 3848 123 108 4025 183 122 1067 172 176 1027 173 143 1010 194 756 4206 158 759 4228 215 4143 4311 193 1101 1942 195 2578 1886 215 3530 2116 207 2882 948 187 417 1025 197 3362 863 208 4055 3734 197 2644 3703 187 1672 3842 189 2356 1588 138 390 1790 192 2355 1764 190 2109 2936 192 1662 3099 191 2108 3090 201 3495 3140 143 1572 3151 189 2532 3045 200 3961 3568 201 3960 3579 190 1569 3513 138 165 2807 186 110 2320 187 164 2428 207 174 899 191 142 598 192 8 580 208 3536 1500 194 624 1409 195 625 1321 197 2326 2602 195 1841 2741 193 3302 2703 203 385 4208 143 2840 4210 201 3797 4291 204 3091 4267 201 3574 4265 200 2101 4379 145 281 284 203 2772 150 204 2770 132 206 3254 3353 204 3956 3237 202 2261 3229 199 1132 897 141 3569 889 145 2099 959 198 1387 1348 199 906 1325 206 1889 1496 211 107 2711 141 187 2600 199 37 2614 209 2982 2941 210 2986 2866 199 3924 2864 214 758 916 137 2717 938 119 757 1084 209 13 400 198 212 354 225 13 352 168 4000 499 213 3999 708 214 2062 706 221 2203 3209 220 1736 2837 218 3662 2854 219 633 1693 218 1110 2118 216 3546 2114 219 744 2862 215 1220 2736 158 3651 2757 217 3534 2545 212 618 2701 215 4003 2676 216 3050 3381 218 4007 3428 214 1611 3313 218 4131 3014 220 1727 3030 137 1726 2910 222 13 1538 224 13 1447 172 13 1449 224 2407 1129 226 425 1163 180 2406 1161 226 2771 1804 228 837 1629 177 1307 1631 228 4067 3844 230 697 3751 174 2140 3753 230 2029 4369 232 1075 4367 162 1574 4409 232 4074 2356 234 2143 2354 165 1176 2277 165 21 388 234 13 386 340 27 306 170 893 2400 236 2839 2398 213 1870 2510 196 894 3947 193 3321 3945 212 2345 3784 191 24 382 207 23 276 341 22 304 233 4073 1758 188 4073 1675 191 4073 1677 231 3014 569 200 3014 571 188 3014 692 229 2139 930 202 2139 975 200 2139 973 227 2269 560 205 2269 558 202 2269 477 225 3372 1748 198 3372 1750 205 3372 1824 123 2427 3710 211 3856 2903 210 3391 2848 209 2883 3796 223 1914 3794 210 421 3742 223 1914 3794 222 2400 3790 210 421 3742 210 3829 3742 222 3363 3790 184 1914 3740 217 350 1203 239 872 1201 237 873 1368 216 3776 4317 213 3778 4319 236 3777 4437 217 1376 3597 216 381 3595 238 3322 3657 239 3429 1960 238 995 1958 185 997 1926 241 401 3402 244 2851 3408 245 909 3448 339 587 4055 240 1533 4057 241 3966 4119 246 1816 1836 241 2282 1834 242 2785 1744 339 2428 96 246 3394 56 248 3860 158 246 3617 4313 295 3142 4214 249 4080 4216 248 3309 360 251 3305 300 250 2821 308 248 3059 946 249 3545 993 288 2600 1042 254 2202 1974 253 2715 2025 277 3661 2023 255 1895 120 256 2368 144 244 2367 94 256 2636 4234 293 1667 4246 245 2637 4059 257 2011 698 258 3943 764 256 3482 762 259 1799 678 293 208 676 256 249 752 261 3307 78 262 392 52 259 3308 509 252 3785 998 253 353 1040 264 1361 1038 254 3540 2130 290 2583 2069 264 1106 2031 264 1410 501 265 1913 396 338 934 462 268 2276 184 267 3263 196 338 3266 770 290 2133 2533 266 1678 2733 265 2648 2665 289 2286 3081 268 1333 3077 265 2277 2261 269 2696 1544 267 3170 1879 268 2179 1877 321 313 3263 270 849 3269 268 1333 3077 321 313 3263 324 120 3578 274 1254 3606 240 2119 3773 243 3095 3775 244 2118 3832 252 1613 728 275 2588 940 277 1107 932 278 753 206 251 3660 204 288 4140 148 278 2071 549 276 1108 551 250 4005 423 283 2204 64 307 4142 322 281 754 320 280 1637 578 282 3072 582 281 2613 328 282 1724 3627 278 740 3723 308 3649 3708 280 3062 700 276 1618 831 278 1112 810 279 3061 546 281 1625 573 277 1111 576 281 4127 2753 307 1218 2776 285 3190 2645 270 1302 2691 274 59 2690 273 534 2634 273 2536 451 329 40 521 328 3738 519 267 4098 1643 269 3626 1582 328 4098 1691 339 1960 648 247 3888 646 330 3887 798 338 472 1153 333 1959 1052 331 2459 1082 338 472 1153 339 1960 648 332 2461 857 240 3127 469 337 2132 471 334 3600 160 250 3331 1610 276 3329 1498 330 3330 1510 280 3791 4411 332 3310 4417 330 365 4323 279 908 2716 333 1382 2799 332 1891 2797 275 1368 4077 331 1865 4075 333 2828 4263 331 897 3601 275 899 3649 252 2843 3651 257 3745 104 255 2007 106 335 304 154 255 930 4405 243 2879 4403 334 1910 4363 336 3418 3736 260 1465 3730 261 976 3812 271 279 310 339 3258 288 338 838 722 272 283 683 338 838 722 267 1312 720 207 23 276 185 29 278 340 27 306 411 1170 951 387 1168 896 397 4066 1049 342 3355 2544 397 2383 2464 387 3356 2462 389 2097 2096 392 1131 2323 393 2623 2299 390 2850 4227 393 399 4213 391 1388 4280 402 3256 3262 401 3265 3272 389 3732 3166 400 1810 3302 402 2769 3285 390 282 3356 392 3016 2435 350 168 2875 387 3505 2810 411 2280 1981 391 121 2258 393 298 2287 342 2317 1399 345 2812 1288 395 865 1226 397 2594 2501 395 2591 2311 394 2072 2381 404 4032 4360 401 3564 4362 402 4033 4254 405 3804 4302 402 396 4296 400 3328 4388 407 1070 876 404 3500 745 405 3010 719 408 2018 1753 405 2263 1747 403 562 1817 399 1878 3027 346 1877 3044 407 393 2965 398 3092 3293 399 1660 3304 408 2627 3234 349 136 4026 346 191 3849 399 136 3851 409 11 1068 410 123 1089 399 69 1011 441 3439 4312 384 1007 4229 420 3897 4207 419 340 1943 438 2313 2121 441 1833 2117 423 1685 864 413 692 1026 433 3602 949 413 1401 3843 423 3348 3704 434 923 3735 418 2622 1765 364 3085 1791 415 3567 1589 417 3809 3091 418 2363 3100 416 3335 2937 427 3731 3141 416 3007 3029 415 1300 3046 426 835 3569 414 284 3465 416 1309 3514 413 39 2429 412 38 2321 364 84 2808 433 204 900 413 10 953 418 9 581 421 343 1322 420 2813 1410 434 2316 1501 419 2073 2704 421 4006 2742 423 3055 2603 427 4031 4292 369 4030 4211 429 1130 4209 426 2846 4380 427 1882 4266 430 1883 4268 430 3011 133 429 3501 151 371 3496 285 428 1064 3230 430 3727 3238 432 3492 3354 425 2357 898 432 898 982 371 900 960 424 665 1349 431 2107 1523 432 1661 1497 425 189 2615 367 188 2601 437 162 2712 435 2750 2942 424 205 2944 425 3694 2865 345 3437 1085 363 3440 939 440 2480 917 451 212 353 424 212 355 435 212 401 394 861 500 395 1835 482 440 3296 707 444 3436 2855 446 3438 2838 447 1006 3210 442 877 2115 444 1362 2119 445 1846 1694 384 1468 2758 441 991 2737 445 1467 2863 441 3773 2677 438 2805 2702 443 1837 2546 442 1838 3382 439 2314 3297 440 342 3314 444 1961 3015 440 2929 2894 363 2462 2911 398 13 1450 450 13 1448 448 13 1539 406 699 1162 452 699 1164 450 699 1130 403 3963 1632 454 3963 1630 452 3963 1805 400 424 3754 456 424 3752 454 424 3845 388 1313 4410 458 1313 4368 456 1313 4370 391 1916 2278 460 1916 2355 458 1916 2357 391 14 389 411 18 279 560 16 307 396 647 2401 394 646 2513 439 1643 2511 438 3080 3785 419 645 3946 422 3560 3948 561 19 305 433 28 277 417 17 383 459 3840 1759 461 428 1761 417 429 1678 457 289 570 459 3739 691 414 1811 693 455 1915 931 457 2403 929 426 2402 974 453 577 561 455 3012 480 428 1568 478 451 1175 1749 453 1174 1827 431 4071 1825 436 2160 2849 437 2161 2904 349 3624 3711 448 1686 3791 449 2653 3795 436 3130 3743 449 2136 3795 435 2136 3797 436 2136 3743 448 1686 3791 436 3130 3743 410 4064 3741 463 1614 1369 465 3543 1202 443 1615 1204 442 2067 4318 464 3538 4436 462 2068 4438 443 3561 3598 465 1127 3656 464 1128 3658 465 1227 1961 433 2708 1929 411 1226 1927 471 2112 3449 470 1663 3409 467 4047 3403 467 292 4120 466 814 4058 559 1315 4056 468 3021 1745 467 3509 1835 472 597 1837 559 719 97 473 1701 175 474 4097 159 472 945 4314 474 2904 4306 475 1921 4217 476 2080 309 477 2076 301 474 2079 361 474 3786 947 477 2330 1066 512 3304 1043 480 483 1975 509 2474 1973 501 2475 2024 481 1142 121 469 3583 51 470 671 95 482 3339 4235 470 913 4034 471 2375 4060 483 1279 699 481 255 697 482 2253 763 482 55 753 517 55 677 485 55 679 485 1622 510 488 1133 53 487 2603 79 478 1619 999 489 2602 1001 490 4008 1039 490 2320 2032 514 867 2070 480 1357 2131 558 1167 463 491 694 397 490 1166 502 494 585 185 491 1575 838 558 584 771 491 3828 2666 492 2390 2734 514 415 2534 513 3972 3082 492 1567 2167 491 3967 2262 494 3874 1878 493 1453 1880 495 2447 1545 545 605 3264 513 3972 3082 494 2048 3078 545 605 3264 496 3979 3270 274 1254 3606 470 916 3833 469 3812 3776 466 1393 3774 501 2322 933 499 2323 941 478 3300 729 512 2472 149 477 482 205 502 1966 207 502 3301 550 477 2815 379 476 1839 424 505 2479 321 531 1478 323 507 2478 65 504 1859 579 503 369 333 505 1858 329 532 3426 3709 502 1956 3724 506 2923 3628 502 357 811 500 3784 832 504 3306 701 503 355 547 499 1843 545 501 356 577 505 471 2754 501 3428 2632 509 3427 2646 496 3497 2692 495 2023 2636 273 534 2634 549 1571 520 329 40 521 273 2536 451 493 3862 1644 548 3862 1688 549 3862 1692 559 4130 649 552 745 858 550 1223 799 551 3192 1083 553 2706 1053 558 4128 1154 558 4128 1154 553 2706 1053 552 745 858 466 3359 470 469 3827 135 554 2396 161 550 661 1511 500 2102 1499 476 1658 1611 504 1632 4412 500 4014 4329 550 2609 4324 503 3093 2717 504 1665 2715 552 666 2798 499 4016 4078 503 1115 4262 553 3553 4264 478 2096 3652 499 3568 3650 551 656 3602 483 3511 105 556 3975 157 555 2041 155 481 1162 4406 555 1162 4366 554 1162 4364 487 735 3813 486 3648 3731 556 2182 3737 558 578 723 559 1563 289 497 573 311 493 3503 721 558 578 723 498 1072 684 560 16 307 411 18 279 433 28 277 564 1524 566 578 3683 859 570 1034 600 595 1323 142 566 2738 602 571 1329 346 576 0 1021 574 0 712 575 3231 887 575 2164 2218 566 2164 2220 582 2164 2773 578 3683 859 564 1524 566 579 221 1019 570 2650 3782 578 2650 3780 591 2650 3404 569 1334 330 568 2298 324 563 70 280 594 40 1478 591 40 1476 578 40 977 589 2194 370 576 1728 6 577 1225 8 577 13 20 575 13 22 588 13 376 582 3690 1149 583 813 1147 584 1780 1071 584 528 1071 583 1035 1147 581 3459 988 588 2505 1246 587 3464 1179 589 3928 1344 591 1531 1231 594 1 1274 593 2507 1342 565 2335 4061 596 360 4063 597 886 4180 586 1 1136 587 3464 1179 588 2505 1246 597 407 730 596 407 702 598 407 1102 568 2298 324 569 1334 330 567 1344 368 599 1993 903 581 3459 988 600 130 814 580 1219 3871 579 1219 3828 593 1219 3826 566 2738 602 575 3231 887 573 1773 511 592 3460 1044 581 3459 988 583 1035 1147 608 0 601 616 2500 860 602 3457 567 609 2551 347 604 1032 603 633 3973 143 613 2735 888 612 2231 713 614 1776 1022 620 955 2774 604 2908 2221 613 3863 2219 616 2500 860 618 0 919 617 1520 1020 629 2881 3405 616 2395 3781 608 2881 3783 607 1594 331 562 71 281 563 70 280 616 40 978 629 40 1477 632 40 1479 615 1470 9 614 1470 7 627 1470 371 626 13 377 613 13 23 615 13 21 622 1031 1072 621 3233 1148 620 1040 1150 622 1031 1072 636 152 943 619 2234 989 626 3235 1247 628 1 1283 627 3238 1345 629 3693 1232 630 1259 1045 631 1264 1343 603 1116 4062 606 3557 4183 635 3067 4181 624 1 1137 620 1 1150 626 3235 1247 635 677 731 637 4049 1101 636 3588 1103 605 2057 369 607 608 331 606 611 325 637 3684 904 601 1 815 600 32 814 631 1466 3827 617 990 3829 618 470 3872 604 1032 603 610 0 426 611 2501 512 630 1259 1045 629 3693 1232 621 3233 1148 658 170 954 662 170 995 657 114 865 659 1330 3034 660 271 2987 664 1819 2992 659 1330 3034 663 3752 3059 762 105 3087 660 271 2987 661 184 2637 657 2024 2629 658 170 954 767 48 956 766 202 997 777 65 866 782 201 996 778 201 955 779 3028 3035 783 3978 3060 784 3512 2993 762 105 3087 783 3978 3060 779 3028 3035 780 561 2988 784 3512 2993 777 839 2630 778 201 955 782 201 996 766 202 997 905 1825 2991 903 851 3038 914 2797 3040 943 1827 2968 945 1336 2932 952 2798 2895 913 3033 3191 917 2552 3154 918 3517 3155 915 2553 3039 918 3519 2994 916 3027 2995 943 1827 2968 904 1090 3122 906 1596 3160 927 3223 2722 895 1242 2723 925 2212 2986 953 2557 2726 942 2558 2728 944 2049 2775 952 2798 2895 954 2793 2892 957 2293 2947 954 1822 2727 953 2557 2726 955 308 2769 944 2049 2775 942 2558 2728 903 851 3038 913 3033 3191 906 1596 3160 904 1090 3122 1005 2898 4148 1020 438 3987 1019 3384 3991 1021 2147 4007 1022 2659 4003 1007 2147 4132 1022 1757 4071 1023 1761 4067 1010 1757 3893 1008 3244 2081 1004 1550 2334 1003 1548 2302 1003 1548 2302 1004 1550 2334 1018 2010 2553 1009 3239 1930 1008 3244 2081 1006 1282 2098 1009 433 3509 1029 1418 3505 1030 3847 3675 1027 1820 4083 1028 3276 4079 1012 3748 3885 1018 1751 3921 1044 2223 4114 1046 1756 4110 1023 2152 4168 1024 1189 4164 1011 2665 3995 1024 3018 3975 1025 1079 3979 1016 3508 4176 1026 1497 4160 1020 1512 4156 1005 1508 3951 1028 1431 4097 1039 949 4093 1014 1429 3909 1045 4086 2652 1044 3156 2391 1018 1697 2394 1016 1268 2306 1013 2245 2338 1012 2236 2077 1011 1779 2102 1012 2236 2077 1014 3702 1938 1014 3702 1938 1009 3239 1930 1007 3700 1982 1030 1077 1679 1045 590 1460 1004 589 1463 1015 2746 2557 1013 2245 2338 1016 1268 2306 1019 843 4144 1021 2780 4140 1006 842 3967 1025 3375 3959 1026 3845 3963 1017 942 4128 1005 2991 2470 1018 2010 2553 1015 2746 2557 1015 2155 3818 1046 2157 4021 1027 2668 4016 1023 1522 2617 1022 1028 2502 1020 1997 2506 1022 1028 2502 1021 3921 2419 1020 1997 2506 1021 3921 2419 1019 1543 2423 1020 1997 2506 1020 1997 2506 1026 533 2621 1023 1522 2617 1026 533 2621 1025 1 2697 1023 1522 2617 1039 1504 4105 1029 1984 4101 1009 1511 3929 1076 4124 1772 1077 3186 1774 1072 1722 1550 1079 3680 296 1071 2731 12 1072 1770 98 1090 40 3182 1085 40 3183 1078 85 3317 1074 3183 1077 1072 3646 1080 1071 3184 1159 1071 739 4287 1083 1214 4289 1082 4123 4202 1088 262 3387 1076 2260 3388 1074 41 3604 1078 3641 1794 1079 3174 1832 1077 3173 1695 1078 85 3317 1076 2260 3388 1088 262 3387 1078 2191 4393 1085 3185 4391 1086 3647 4297 1079 3680 296 1084 4161 348 1083 2732 10 1081 1772 2036 1085 0 2145 1090 0 1934 1081 1772 2036 1080 1297 2038 1084 3488 2172 1073 1521 2034 1083 532 2168 1084 3488 2172 1073 1521 2034 1094 25 1937 1091 26 1936 1087 195 1291 1092 137 1131 1074 194 1132 1091 1 1925 1087 1 2161 1075 1 2159 1097 440 4149 1112 950 3988 1111 2416 3992 1113 2659 4008 1114 2148 4004 1099 3614 4133 1114 1762 4072 1115 1754 4068 1102 1758 3894 1100 2240 2082 1096 3944 2335 1095 3481 2303 1095 3481 2303 1096 3944 2335 1110 550 2554 1101 2237 1931 1100 2240 2082 1098 816 2099 1101 2888 3510 1122 1417 3506 1042 3846 3676 1119 3274 4084 1120 3749 4080 1104 3275 3886 1041 1251 4113 1040 1749 4109 1107 2222 3918 1115 2662 4169 1116 3619 4165 1103 2662 3996 1116 594 3976 1117 3019 3980 1108 594 4177 1118 1498 4161 1112 1512 4157 1097 1513 3952 1120 441 4098 1121 2418 4094 1106 3850 3910 1043 3150 2651 1041 3149 2390 1110 1690 2395 1108 3927 2307 1105 2515 2339 1104 3940 2078 1103 2974 2103 1104 3940 2078 1106 2004 1939 1106 2004 1939 1101 2237 1931 1099 3701 1983 1043 1584 1459 1096 2540 1464 1100 2543 1684 1107 3480 2558 1105 2515 2339 1108 3927 2307 1111 1319 4145 1113 1318 4141 1098 3268 3968 1117 2410 3960 1118 941 3964 1109 1918 4129 1097 1545 2471 1110 550 2554 1107 3480 2558 1040 1190 4020 1119 4081 4017 1105 708 3815 1115 2963 2618 1114 2502 2503 1112 3917 2507 1114 2502 2503 1113 198 2420 1112 3917 2507 1113 198 2420 1111 4 2424 1112 3917 2507 1112 3917 2507 1118 3461 2622 1115 2963 2618 1118 3461 2622 1117 1 2698 1115 2963 2618 1121 1980 4106 1122 1984 4102 1101 1507 3930 1133 4084 4150 1131 2150 4154 1147 3153 3993 1149 3843 4009 1134 432 4138 1135 3378 4134 1138 1495 3895 1151 1506 4069 1150 1500 4073 1131 3713 2304 1132 256 2336 1136 1538 2083 1131 3713 2304 1133 3246 2472 1146 1800 2555 1134 1542 2100 1136 1538 2083 1137 2000 1932 1137 1688 3511 1136 703 3673 1179 1179 3677 1141 3513 3891 1140 1083 3887 1169 2545 4081 1146 1505 3923 1143 1983 3919 1155 1503 4111 1139 2899 3997 1152 1432 4166 1151 1925 4170 1144 3743 4178 1153 296 3981 1152 2783 3977 1133 1763 3953 1148 1766 4158 1154 1752 4162 1169 3154 4099 1140 2664 3915 1142 3155 3911 1159 3851 2653 1132 1423 2657 1146 2417 2396 1144 2512 2308 1139 1528 2104 1140 3465 2079 1139 1528 2104 1138 2994 1988 1142 2008 1940 1135 2006 1984 1137 2000 1932 1142 2008 1940 1136 1814 1685 1132 3741 1465 1159 2278 1461 1144 2512 2308 1141 3930 2340 1143 1255 2559 1134 1078 3969 1149 3017 4142 1147 2542 4146 1145 2145 4130 1154 1178 3965 1153 2144 3961 1133 3246 2472 1145 3914 2476 1143 1255 2559 1141 3388 3816 1168 954 4018 1155 2902 4022 1149 3232 2421 1150 1055 2504 1151 3920 2619 1151 3920 2619 1152 1998 2695 1153 800 2699 1153 800 2699 1154 2518 2623 1148 1781 2508 1148 1781 2508 1147 2250 2425 1149 3232 2421 1149 3232 2421 1151 3920 2619 1148 1781 2508 1137 1765 3931 1158 2226 4103 1157 1759 4107 1205 986 1773 1203 2456 1533 1201 1955 1551 1201 1027 99 1200 2498 13 1208 3454 297 1207 3721 3318 1214 217 3184 1090 40 3182 1203 1953 1078 1204 1954 1193 1200 1952 1160 1211 983 4203 1212 1464 4290 1200 982 4288 1088 262 3387 1092 40 3603 1203 46 3605 1207 1460 1795 1205 1459 1658 1206 973 1696 1088 262 3387 1205 1556 3389 1207 3721 3318 1215 3425 4298 1214 2922 4392 1207 985 4394 1208 3454 297 1200 2498 13 1212 2497 11 1090 0 1934 1214 0 2146 1210 3458 2037 1210 3458 2037 1215 1258 2171 1213 3957 2173 1213 3957 2173 1212 3236 2169 1202 220 2035 1202 220 2035 1211 3689 2141 1091 26 1936 1203 194 1133 1092 137 1131 1087 195 1291 1204 1 2160 1087 1 2161 1091 1 1925 1218 712 4151 1216 2151 4155 1232 3618 3994 1234 1920 4010 1219 3377 4139 1220 1919 4135 1223 1509 3896 1236 1502 4070 1235 1496 4074 1216 1281 2305 1217 2255 2337 1221 2232 2084 1216 1281 2305 1218 818 2473 1231 1276 2556 1219 2967 2101 1221 2232 2084 1222 3934 1933 1222 3143 3512 1221 2660 3674 1243 3615 3678 1225 2045 3888 1240 2548 4082 1193 3026 4086 1228 2959 3920 1170 1977 4112 1171 504 4116 1224 2899 3998 1237 1426 4167 1236 2899 4171 1229 1815 4179 1238 2784 3982 1237 844 3978 1218 1755 3954 1233 1766 4159 1239 1755 4163 1240 2666 4100 1225 2666 3916 1227 2666 3912 1173 1922 2654 1217 947 2658 1231 437 2397 1229 1272 2309 1224 1783 2105 1225 3707 2080 1224 1783 2105 1223 2733 1989 1227 1787 1941 1220 545 1985 1222 3934 1933 1227 1787 1941 1221 2789 1686 1217 3267 1466 1173 1326 1462 1229 1272 2309 1226 2756 2341 1228 2252 2560 1219 1580 3970 1234 1579 4143 1232 592 4147 1230 2146 4131 1239 1178 3966 1238 2658 3962 1218 818 2473 1230 1797 2477 1228 2252 2560 1226 953 3817 1193 3389 4019 1170 2423 4023 1234 1036 2422 1235 1553 2505 1236 540 2620 1236 540 2620 1237 815 2696 1238 3685 2700 1238 3685 2700 1239 1 2624 1233 3692 2509 1233 3692 2509 1232 2976 2426 1234 1036 2422 1234 1036 2422 1236 540 2620 1233 3692 2509 1222 2228 3932 1242 2228 4104 1241 2228 4108 1260 778 394 1256 789 724 1253 780 392 1256 789 724 1255 778 778 1252 781 776 1254 0 497 1252 0 454 1255 0 456 1258 163 3004 1257 163 3006 1255 163 3110 1258 518 3925 1259 505 3927 1261 509 4044 1261 509 4044 1254 515 4042 1258 518 3925 1259 40 2878 1258 40 2880 1256 40 2795 1266 2380 1292 1262 937 1327 1263 1397 1338 1263 1397 1338 1262 937 1327 1264 1442 1340 1269 1364 1268 1268 3341 1276 1266 2380 1292 1270 889 1258 1268 3341 1276 1269 1364 1268 1273 2808 1205 1272 2358 1244 1270 889 1258 1274 2555 1187 1273 2808 1205 1271 2309 1234 1274 2555 1187 1276 3278 1217 1277 1099 1213 1271 2309 1234 1269 1364 1268 1278 1341 1264 1276 3278 1217 1278 1341 1264 1279 1597 1266 1278 1341 1264 1269 1364 1268 1267 3312 1302 1278 1341 1264 1280 869 1308 1281 3755 1323 1280 869 1308 1267 3312 1302 1263 1397 1338 1280 869 1308 1282 402 1358 1283 3775 1374 1282 402 1358 1263 1397 1338 1285 3857 1376 1282 402 1358 1284 3853 1396 1286 2872 1415 1284 3853 1396 1285 3857 1376 1288 3879 1403 1286 2872 1415 1284 3853 1396 1287 3417 1441 1288 3879 1403 1291 2938 1429 1290 3900 1480 1287 3417 1441 1290 3900 1480 1292 1471 1512 1290 3900 1480 1291 2938 1429 1294 3441 1445 1290 3900 1480 1293 1972 1506 1295 2940 1552 1292 1471 1512 1295 2940 1552 1296 977 1580 1299 3835 1556 1298 463 1546 1296 977 1580 1300 1934 1484 1289 961 1469 1292 1471 1512 1299 3240 3375 1302 1262 3560 1301 852 3556 1305 3144 1185 1306 3145 1219 1307 1181 1284 1307 1181 1284 1300 4079 1356 1298 705 1400 1298 705 1400 1301 1182 1139 1307 1181 1284 1301 1182 1139 1304 706 1145 1307 1181 1284 1301 1636 1215 1277 1099 1213 1279 1597 1266 1303 1122 1175 1275 619 1177 1277 1099 1213 1308 1164 1183 1303 1122 1175 1301 1636 1215 1304 2568 1270 1279 1597 1266 1281 3755 1323 1305 320 1331 1281 3755 1323 1283 3775 1374 1283 3775 1374 1286 2872 1415 1307 2350 1437 1286 2872 1415 1289 961 1469 1300 1934 1484 1309 1721 1198 1308 1164 1183 1302 3625 1229 1309 1721 1198 1311 4118 1250 1312 3201 1272 1311 2050 3558 1302 1262 3560 1299 3240 3375 1311 4118 1250 1313 2163 1300 1350 4109 1329 1316 3382 1451 1354 3379 1516 1353 434 1566 1353 434 1566 1352 2891 1594 1314 1419 1411 1352 2891 1594 1313 2890 1614 1314 1419 1411 1313 2890 1614 1311 2892 1627 1314 1419 1411 1299 3835 1556 1297 938 1592 1317 910 1601 1314 2333 1558 1317 910 1601 1318 2811 1603 1316 1347 1520 1314 2333 1558 1315 856 1568 1315 856 1568 1318 2811 1603 1319 2295 1590 1321 3032 1560 1319 2295 1590 1320 3995 1578 1323 1598 1536 1324 3286 1526 1315 856 1568 1325 626 1530 1323 1598 1536 1321 3032 1560 1327 3522 1474 1324 3286 1526 1323 1598 1536 1328 3071 1486 1326 628 1482 1323 1598 1536 1331 4010 1425 1327 3522 1474 1326 628 1482 1332 3111 1457 1329 3089 1443 1326 628 1482 1330 1163 1392 1351 687 1378 1331 4010 1425 1330 1163 1392 1329 3089 1443 1332 3111 1457 1334 1199 1417 1332 3111 1457 1333 2656 1471 1332 3111 1457 1328 3071 1486 1346 685 1494 1337 1716 1354 1330 1163 1392 1334 1199 1417 1336 1216 1386 1334 1199 1417 1335 1706 1453 1340 3205 1313 1337 1716 1354 1336 1216 1386 1341 2192 1427 1339 3207 1364 1336 1216 1386 1343 3215 1278 1340 3205 1313 1339 3207 1364 1342 3208 1346 1339 3207 1364 1341 2192 1427 1348 2619 1542 1322 3535 1554 1320 3995 1578 1347 2103 1514 1325 626 1530 1322 3535 1554 1328 3071 1486 1325 626 1530 1347 2103 1514 1343 3215 1278 1310 2714 1227 1312 3201 1272 1340 3205 1313 1312 3201 1272 1350 4109 1329 1337 1716 1354 1350 4109 1329 1351 687 1378 1350 4109 1329 1313 2163 1300 1352 2111 1362 1352 2111 1362 1353 3996 1413 1331 4010 1425 1353 3996 1413 1354 1332 1467 1327 3522 1474 1354 1332 1467 1316 1347 1520 1324 3286 1526 1356 2458 1366 1355 2455 1372 1294 3441 1445 1357 1457 1360 1356 2458 1366 1291 2938 1429 1264 1442 1340 1357 1457 1360 1288 3879 1403 1361 505 779 1362 505 725 1358 505 777 1362 519 725 1366 505 395 1359 510 393 1361 0 457 1358 0 455 1360 0 498 1361 163 3111 1363 190 3007 1364 163 3005 1367 778 4045 1365 778 3928 1364 778 3926 1364 778 3926 1363 778 4030 1360 778 4043 1362 40 2796 1364 40 2881 1365 40 2879 1369 3110 1339 1368 2138 1328 1372 3106 1293 1369 3110 1339 1391 2671 1377 1370 4103 1341 1375 4011 1269 1373 639 1303 1372 3106 1293 1375 4011 1269 1374 2117 1277 1376 641 1259 1379 1102 1206 1377 2574 1235 1376 641 1259 1380 2292 1188 1382 3029 1218 1377 2574 1235 1383 3769 1214 1382 3029 1218 1380 2292 1188 1384 1095 1265 1375 4011 1269 1377 2574 1235 1385 3287 1267 1384 1095 1265 1382 3029 1218 1384 1095 1265 1386 629 1309 1373 639 1303 1387 3521 1324 1386 629 1309 1384 1095 1265 1386 629 1309 1388 2113 1359 1369 3110 1339 1389 2584 1375 1388 2113 1359 1386 629 1309 1388 2113 1359 1390 2153 1397 1391 2671 1377 1392 4053 1416 1390 2153 1397 1388 2113 1359 1390 2153 1397 1393 1209 1442 1394 2190 1404 1392 4053 1416 1395 4110 1470 1393 1209 1442 1396 3666 1481 1397 3657 1430 1394 2190 1404 1398 3196 1513 1396 3666 1481 1393 1209 1442 1396 3666 1481 1399 3216 1507 1400 3664 1446 1401 3209 1553 1399 3216 1507 1396 3666 1481 1402 2701 1581 1401 3209 1553 1398 3196 1513 1405 3133 1557 1403 3606 1593 1402 2701 1581 1406 718 1485 1404 1212 1547 1398 3196 1513 1405 2238 3376 1404 3981 3384 1407 3982 3557 1413 2412 1285 1412 3381 1220 1406 3848 1357 1412 3381 1220 1411 435 1186 1406 3848 1357 1411 435 1186 1410 2893 1146 1407 3380 1140 1407 3380 1140 1404 2411 1401 1406 3848 1357 1407 3314 1216 1410 3761 1271 1385 3287 1267 1409 3316 1176 1407 3314 1216 1383 3769 1214 1414 3360 1184 1408 3858 1230 1407 3314 1216 1410 3761 1271 1411 3985 1332 1387 3521 1324 1411 3985 1332 1412 2579 1383 1389 2584 1375 1413 654 1438 1392 4053 1416 1389 2584 1375 1406 718 1485 1395 4110 1470 1392 4053 1416 1415 3878 1199 1417 974 1251 1408 3858 1230 1418 1964 1273 1417 974 1251 1415 3878 1199 1405 2238 3376 1408 1261 3561 1417 2294 3559 1456 2443 1330 1419 1933 1301 1417 974 1251 1459 1183 1567 1460 4077 1517 1422 1689 1452 1422 1689 1452 1420 1180 1412 1458 3616 1595 1420 1180 1412 1417 704 1628 1458 3616 1595 1417 704 1628 1419 4078 1615 1458 3616 1595 1423 1140 1602 1403 3606 1593 1405 3133 1557 1424 3049 1604 1423 1140 1602 1420 2083 1559 1421 3041 1569 1420 2083 1559 1422 3993 1521 1425 1089 1591 1424 3049 1604 1421 3041 1569 1426 337 1579 1425 1089 1591 1427 1335 1561 1429 3758 1537 1427 1335 1561 1421 3041 1569 1431 3774 1531 1428 864 1555 1427 1335 1561 1429 3758 1537 1430 2563 1527 1433 324 1475 1434 1370 1487 1431 3774 1531 1429 3758 1537 1432 2324 1483 1433 324 1475 1437 1363 1426 1438 3821 1458 1434 1370 1487 1432 2324 1483 1436 2880 1393 1435 2359 1444 1437 1363 1426 1438 3821 1458 1435 2359 1444 1436 2880 1393 1439 3834 1472 1438 3821 1458 1440 2436 1418 1452 2871 1495 1434 1370 1487 1438 3821 1458 1440 2436 1418 1436 2880 1393 1443 2916 1355 1441 1444 1454 1440 2436 1418 1442 3882 1387 1442 3882 1387 1443 2916 1355 1446 480 1314 1447 1957 1428 1444 971 1440 1442 3882 1387 1445 2473 1365 1446 480 1314 1449 2946 1279 1447 1957 1428 1445 2473 1365 1448 3435 1347 1454 2344 1543 1455 391 1549 1426 337 1579 1453 1885 1515 1454 2344 1543 1428 864 1555 1453 1885 1515 1431 3774 1531 1434 1370 1487 1449 2946 1279 1446 480 1314 1418 1964 1273 1446 480 1314 1443 2916 1355 1456 2443 1330 1443 2916 1355 1436 2880 1393 1457 2874 1379 1456 2443 1330 1457 2874 1379 1458 398 1363 1437 1363 1426 1459 859 1414 1458 398 1363 1433 324 1475 1460 2554 1468 1459 859 1414 1430 2563 1527 1422 3993 1521 1460 2554 1468 1400 3664 1446 1461 737 1373 1462 2704 1367 1397 3657 1430 1462 2704 1367 1463 1717 1361 1394 2190 1404 1463 1717 1361 1370 4103 1341 1483 3931 2516 1482 2246 2682 1493 810 2680 1479 2002 3126 1478 796 3267 1490 2964 3265 1481 3245 2835 1492 1274 2833 1493 810 2680 1477 798 3379 1489 1 3377 1490 2964 3265 1710 1638 2232 1505 4023 2147 1508 3554 2157 1522 3293 3835 1476 1349 3837 1696 338 3940 1465 1150 3719 1466 2106 3609 1470 1669 3611 1708 634 3589 1474 640 3665 1484 631 3663 1467 2605 3498 1696 2593 3343 1476 3057 3345 1710 2639 3593 1472 2642 3669 1473 675 3667 1466 2106 3609 1467 2605 3498 1469 1119 3500 1709 1137 3591 1473 675 3667 1474 640 3665 1484 1350 2265 1530 2305 1873 1707 3292 1770 1468 1645 2198 1477 1160 2200 1469 2646 2243 1478 2686 2202 1470 2698 2245 1469 2646 2243 1479 1735 2204 1471 4136 2247 1470 2698 2245 1508 3667 2348 1480 2728 2206 1481 4148 2208 1482 2700 2212 1473 1708 2253 1472 749 2251 1483 2651 2214 1474 1670 2255 1473 1708 2253 1475 4029 2210 1484 4028 2249 1474 1670 2255 1480 1778 2982 1479 2002 3126 1485 2003 3124 1533 742 2817 1487 4125 2526 1468 4125 2528 1468 1 3468 1487 1 3466 1489 1 3377 1475 180 2371 1483 3931 2516 1486 3936 2514 1480 1778 2982 1491 1 2980 1492 1274 2833 1494 2091 406 1495 691 408 1489 1679 432 1498 1710 410 1490 3642 428 1489 1679 432 1499 3203 404 1485 1737 434 1490 3642 428 1496 3672 412 1491 3221 436 1485 1737 434 1500 2206 414 1492 2200 438 1491 3221 436 1501 1719 416 1493 3165 440 1492 2200 438 1502 3132 418 1486 2125 442 1493 3165 440 1497 1126 420 1488 4027 444 1486 2125 442 1503 1147 2186 1506 2638 2190 1508 3100 2296 1503 1147 2186 1504 2635 2071 1507 672 2091 1479 1735 2204 1480 2728 2206 1507 3669 2344 1465 3070 2643 1471 1629 2684 1507 4017 2580 1533 2090 208 1540 4026 256 1494 2091 406 1534 2618 224 1488 4027 444 1497 1126 420 1534 4126 2918 1521 743 2920 1475 4126 3174 1530 649 1856 1484 4028 2249 1475 4029 2210 1522 3081 1844 1514 3562 1905 1468 1645 2198 1529 805 907 1532 804 905 1539 3915 754 1525 1050 344 1531 1541 342 1536 1042 238 1539 3915 754 1538 254 562 1527 3247 564 1536 1042 238 1535 1791 108 1523 2244 110 1551 4019 963 1713 4024 885 1512 1121 891 1711 3104 3861 1517 3589 3801 1516 2115 3803 1530 1617 212 1520 1120 318 1510 2604 316 1695 2081 3865 1515 2087 3805 1522 632 3807 1519 3586 448 1518 2641 515 1512 3105 513 1513 3579 3863 1516 2115 3803 1515 2087 3805 1520 1120 318 1519 3586 448 1511 1136 446 1514 3562 1905 1522 3081 1844 1515 3120 1842 1515 3120 1842 1516 2699 1846 1524 2687 1901 1516 2699 1846 1517 2713 1848 1525 1734 1903 1527 4147 1909 1526 2729 1907 1551 3668 1736 1518 1233 1850 1519 3636 1852 1528 1210 1911 1519 3636 1852 1520 1153 1854 1529 2135 1913 1520 1153 1854 1530 649 1856 1521 650 1915 1526 1774 467 1537 0 465 1531 1541 342 1535 1791 108 1533 1534 16 1514 3922 18 1521 225 1004 1534 153 1002 1532 804 905 1538 254 562 1537 0 465 1526 1774 467 1540 4026 256 1533 2090 208 1535 4058 220 1535 4058 220 1536 734 228 1544 1204 254 1536 734 228 1531 3211 218 1545 2199 246 1531 3211 218 1537 3671 214 1542 3222 242 1537 3671 214 1538 2201 216 1546 3210 248 1538 2201 216 1539 1709 226 1547 1211 250 1539 1709 226 1532 682 222 1548 3604 244 1532 682 222 1534 2618 224 1543 3558 252 1551 674 772 1549 3587 786 1712 1668 662 1712 1668 662 1549 3587 786 1550 673 774 1550 2719 1732 1526 2729 1907 1525 1734 1903 1711 3069 4285 1714 3075 4275 1550 2086 4415 1607 3754 2224 1558 1346 2222 1592 3288 2549 1558 1346 2222 1608 2814 2182 1593 2319 2490 1552 2056 1333 1601 3035 1637 1602 2065 1673 1583 1088 1335 1554 318 1635 1601 3035 1637 1593 2319 2490 1608 2814 2182 1559 885 2132 1556 3102 1946 1604 4041 1998 1587 1141 2042 1604 4041 1998 1557 1631 2075 1588 4021 2194 1606 3987 2184 1607 3754 2224 1591 3030 2547 1557 1631 2075 1605 2581 2134 1589 1616 2367 1605 2581 2134 1606 3987 2184 1590 3040 2492 1560 2861 1996 1610 3807 1944 1597 3811 1890 1610 3807 1944 1561 884 1838 1598 372 1655 1595 1893 2196 1609 1384 2073 1560 2861 1996 1561 884 1838 1562 3299 1756 1599 2318 1572 1555 3064 1754 1584 3556 1574 1553 3056 1435 1599 2318 1572 1562 3299 1756 1611 2802 1671 1556 3102 1946 1586 1148 1893 1585 3094 1659 1600 330 1431 1611 2802 1671 1554 318 1635 1603 664 1840 1585 3094 1659 1584 3556 1574 1634 339 3520 1632 2800 3635 1563 327 3633 1664 3191 2709 1662 1232 2886 1578 1730 2884 1648 1881 2164 1571 3347 2162 1572 3781 1976 1636 395 3331 1634 339 3520 1564 1358 3518 1666 3635 2498 1664 3191 2709 1579 736 2707 1650 1351 1978 1572 3781 1976 1573 1338 1738 1638 3396 3178 1636 395 3331 1565 3346 3329 1668 2122 2239 1666 3635 2498 1580 2669 2496 1652 1600 3661 1573 1599 3659 1574 1100 3526 1638 3396 3178 1566 1937 3176 1567 2453 3008 1670 2587 2050 1668 2122 2239 1581 1650 2237 1654 627 3528 1574 1100 3526 1575 4036 3349 1640 2927 3010 1567 2453 3008 1568 476 2829 1632 2565 1869 1670 2587 2050 1582 2573 2048 1656 1151 3351 1575 4036 3349 1576 720 3225 1642 2465 2831 1568 476 2829 1569 2460 2647 1660 2189 3067 1658 2674 3227 1576 720 3225 1644 1951 2649 1569 2460 2647 1570 3407 2430 1662 1232 2886 1660 2189 3067 1577 4129 3065 1646 2426 2432 1570 3407 2430 1571 3347 2162 1583 1793 1236 1552 3712 1116 1564 2743 1096 1552 3712 1116 1553 3478 1029 1565 2981 984 1584 2971 909 1566 64 849 1565 2981 984 1585 822 833 1567 1278 746 1566 64 849 1586 3242 788 1568 0 664 1567 1278 746 1586 3242 788 1587 811 790 1569 236 666 1587 811 790 1588 0 835 1570 0 748 1588 0 835 1589 0 911 1571 0 851 1590 0 1031 1572 1526 986 1571 0 851 1591 3703 1118 1573 801 1098 1572 1526 986 1592 2734 1238 1574 2511 1262 1573 801 1098 1593 0 1504 1575 0 1564 1574 2511 1262 1594 0 1618 1576 0 1667 1575 0 1564 1595 1535 1701 1577 2973 1822 1576 0 1667 1596 3466 1780 1578 2980 1919 1577 2973 1822 1597 2989 1778 1579 551 1917 1578 2980 1919 1598 227 1699 1580 47 1820 1579 551 1917 1598 227 1699 1599 3711 1616 1581 2749 1665 1599 3711 1616 1600 1037 1502 1582 1048 1562 1600 1037 1502 1583 1793 1236 1563 2978 1260 1594 373 2363 1559 885 2132 1609 1384 2073 1628 2165 2785 1629 4056 2805 1561 2652 2860 1621 3770 2377 1622 3984 2413 1607 317 2314 1602 1379 2747 1614 3311 2724 1615 1909 2661 1629 4056 2805 1630 4022 2827 1562 1125 2899 1622 3984 2413 1623 4002 2452 1558 3042 2402 1615 1909 2661 1616 1939 2596 1603 3405 2588 1562 1125 2899 1630 4022 2827 1631 2064 2825 1623 4002 2452 1624 2089 2531 1608 1124 2488 1603 3405 2588 1616 1939 2596 1617 965 2524 1611 1098 2901 1631 2064 2825 1613 3942 2803 1608 1124 2488 1624 2089 2531 1625 2128 2598 1617 965 2524 1618 2435 2450 1604 3868 2404 1559 3601 2590 1625 2128 2598 1626 2170 2663 1604 3868 2404 1618 2435 2450 1619 3826 2411 1626 2170 2663 1627 731 2729 1560 2690 2751 1619 3826 2411 1620 3794 2375 1605 890 2290 1613 3942 2803 1612 2311 2782 1601 2310 2813 1627 731 2729 1628 2165 2785 1610 1202 2815 1605 890 2290 1620 3794 2375 1621 3770 2377 1601 2310 2813 1612 2311 2782 1614 3311 2724 1616 1039 1663 1628 0 2110 1627 0 2151 1627 0 2151 1626 0 2178 1618 2235 1768 1618 2235 1768 1626 0 2178 1625 2969 2180 1619 235 1861 1625 2969 2180 1624 1999 2153 1620 2239 1950 1624 1999 2153 1623 0 2112 1629 2503 2063 1628 0 2110 1616 1039 1663 1629 2503 2063 1615 2517 1661 1614 3935 1703 1631 0 1948 1630 0 1990 1614 3935 1703 1735 1266 2517 1738 1269 2515 1745 1041 2681 1731 3705 3127 1737 2251 3125 1742 2742 3266 1745 1041 2681 1744 3476 2834 1733 1053 2836 1742 2742 3266 1741 237 3378 1729 232 3380 1760 370 2158 1757 2340 2148 1962 1861 2233 1948 2059 3941 1728 3044 3838 1774 3529 3836 1717 2862 3720 1723 1899 3722 1722 2859 3612 1736 2327 3664 1726 887 3666 1960 1848 3590 1719 359 3499 1721 1860 3501 1728 1359 3346 1725 912 3668 1724 919 3670 1962 918 3594 1718 1385 3610 1722 2859 3612 1721 1860 3501 1726 887 3666 1725 912 3668 1961 1386 3592 1736 1606 2266 1716 2572 2359 1959 2060 1771 1720 3323 2199 1728 1377 2242 1721 2875 2244 1721 2875 2244 1722 1461 2246 1730 2444 2203 1722 1461 2246 1723 479 2248 1731 3896 2205 1733 1482 2209 1732 2494 2207 1760 3902 2349 1724 1003 2252 1725 1446 2254 1734 1947 2213 1725 1446 2254 1726 3345 2256 1735 1407 2215 1726 3345 2256 1736 3796 2250 1727 382 2211 1732 3462 2983 1743 1 2981 1737 2251 3125 1720 3883 2529 1739 3883 2527 1785 468 2818 1741 237 3378 1739 1 3467 1720 1 3469 1727 98 2372 1740 154 2370 1738 1269 2515 1744 3476 2834 1743 1 2981 1732 3462 2983 1746 2343 407 1739 2835 431 1741 2391 433 1741 2391 433 1742 3419 429 1750 1448 411 1742 3419 429 1737 2481 435 1751 3432 405 1737 2481 435 1743 2955 437 1748 2953 413 1743 2955 437 1744 2939 439 1752 3442 415 1744 2939 439 1745 1447 441 1753 975 417 1745 1447 441 1738 2384 443 1754 2401 419 1738 2384 443 1740 3319 445 1749 376 421 1760 2372 2297 1758 914 2191 1755 406 2187 1755 406 2187 1758 914 2191 1759 3814 2092 1731 3896 2205 1723 479 2248 1759 1012 2345 1717 368 2644 1756 1373 2552 1759 1369 2581 1746 2343 407 1792 891 257 1785 375 209 1749 376 421 1740 3319 445 1786 2834 225 1727 3884 3175 1773 469 2921 1786 3884 2919 1727 382 2211 1736 3796 2250 1782 2347 1857 1720 3323 2199 1766 1871 1906 1774 2346 1845 1781 1529 908 1780 1792 757 1791 808 755 1777 3709 345 1776 3698 241 1788 1265 239 1779 3947 565 1790 1054 563 1791 808 755 1775 3471 111 1787 3473 109 1788 1265 239 1764 2337 892 1965 3318 886 1803 3793 964 1963 3818 3862 1765 3808 3864 1768 3340 3804 1762 2332 317 1772 2832 319 1782 1842 213 1947 880 3866 1761 870 3868 1774 875 3808 1764 1395 514 1770 1900 516 1771 2376 449 1765 3808 3864 1947 880 3866 1767 888 3806 1763 904 447 1771 2376 449 1772 2832 319 1766 1871 1906 1775 1907 1900 1767 3351 1843 1776 2912 1902 1768 2918 1847 1767 3351 1843 1777 2941 1904 1769 3894 1849 1768 2918 1847 1779 3443 1910 1770 1002 1851 1803 1484 1737 1780 2452 1912 1771 1445 1853 1770 1002 1851 1781 2399 1914 1772 409 1855 1771 1445 1853 1773 895 1916 1782 2347 1857 1772 409 1855 1778 2965 468 1777 3709 345 1783 3706 343 1766 0 19 1785 0 17 1787 3473 109 1773 2966 1005 1781 1529 908 1784 2968 906 1778 2965 468 1789 0 466 1790 1054 563 1792 891 257 1793 2392 259 1787 1404 221 1796 963 255 1788 2919 229 1787 1404 221 1797 1965 247 1783 1968 219 1788 2919 229 1794 2954 243 1789 2952 215 1783 1968 219 1798 1969 249 1790 2469 217 1789 2952 215 1799 1462 251 1791 2913 227 1790 2469 217 1800 936 245 1784 1903 223 1791 2913 227 1795 2342 253 1786 2834 225 1784 1903 223 1964 1897 663 1801 915 787 1803 2857 773 1964 1897 663 1966 405 631 1802 2856 775 1777 2941 1904 1778 2495 1908 1802 1011 1733 1963 367 4286 1769 881 4414 1802 2830 4416 1844 1093 2550 1810 3528 2223 1859 2559 2225 1845 1105 2491 1860 2069 2183 1810 3528 2223 1804 2301 1334 1805 874 1436 1854 2810 1674 1835 2795 1336 1804 2301 1334 1853 1337 1638 1845 1105 2491 1846 3073 2364 1811 638 2133 1839 1390 2043 1856 3333 1999 1808 3817 1947 1840 1864 2195 1809 3790 2076 1856 3333 1999 1843 1823 2548 1859 2559 2225 1858 2799 2185 1841 3783 2368 1857 3771 2135 1809 3790 2076 1842 3290 2493 1858 2799 2185 1857 3771 2135 1849 4048 1891 1862 4042 1945 1812 2120 1997 1850 2614 1656 1813 4013 1839 1862 4042 1945 1847 2628 2197 1848 4050 2041 1812 2120 1997 1851 2585 1573 1814 2586 1757 1813 4013 1839 1805 874 1436 1836 2833 1575 1807 2825 1755 1851 2585 1573 1852 613 1432 1863 3043 1672 1837 3336 1660 1838 3342 1894 1808 3817 1947 1852 613 1432 1835 2795 1336 1806 2051 1636 1836 2833 1575 1837 3336 1660 1855 2849 1841 1886 2576 3521 1816 3053 3519 1815 3988 3634 1916 1958 2710 1831 979 2708 1830 2936 2885 1824 2590 1977 1823 2640 2163 1900 3571 2165 1888 1134 3332 1817 680 3330 1816 3053 3519 1918 2441 2499 1832 1931 2497 1831 979 2708 1825 2055 1739 1824 2590 1977 1902 2575 1979 1890 721 3179 1818 2675 3177 1817 680 3330 1920 408 2240 1833 3800 2238 1832 1931 2497 1826 2307 3527 1825 326 3660 1904 2300 3662 1819 4120 3009 1818 2675 3177 1890 721 3179 1922 3779 2051 1834 2308 2049 1833 3800 2238 1827 1875 3350 1826 2307 3527 1906 868 3529 1820 2197 2830 1819 4120 3009 1892 2705 3011 1884 328 1870 1815 329 1868 1834 2308 2049 1828 445 3226 1827 1875 3350 1908 1396 3352 1821 1222 2648 1820 2197 2830 1894 1731 2832 1912 2454 3068 1829 2928 3066 1828 445 3226 1822 2684 2431 1821 1222 2648 1896 3180 2650 1914 1000 2887 1830 2936 2885 1829 2928 3066 1823 2640 2163 1822 2684 2431 1898 3623 2433 1835 3938 1237 1815 812 1261 1816 2508 1097 1804 1052 1117 1816 2508 1097 1817 245 985 1817 245 985 1818 3234 850 1836 233 910 1818 3234 850 1819 3475 747 1837 2009 834 1819 3475 747 1820 0 665 1838 2001 789 1838 2001 789 1820 0 665 1821 1995 667 1839 2977 791 1821 1995 667 1822 0 749 1840 0 836 1822 0 749 1823 0 852 1823 0 852 1824 3468 987 1842 2970 1032 1824 3468 987 1825 1994 1099 1843 1540 1119 1825 1994 1099 1826 3704 1263 1844 239 1239 1826 3704 1263 1827 0 1565 1845 0 1505 1827 0 1565 1828 3467 1668 1846 0 1619 1828 3467 1668 1829 3925 1823 1847 2506 1702 1829 3925 1823 1830 2249 1920 1848 0 1781 1830 2249 1920 1831 1280 1918 1849 252 1779 1831 1280 1918 1832 2984 1821 1850 1049 1700 1850 1049 1700 1832 2984 1821 1833 1044 1666 1851 3477 1617 1833 1044 1666 1834 2753 1563 1852 2741 1503 1834 2753 1563 1815 812 1261 1846 3073 2364 1847 2628 2197 1861 1659 2074 1813 1409 2861 1881 924 2806 1880 3398 2786 1859 3983 2315 1874 319 2414 1873 2577 2378 1854 3087 2748 1807 1683 2675 1867 1681 2662 1814 1372 2900 1882 1866 2828 1881 924 2806 1810 2304 2403 1875 1355 2453 1874 319 2414 1855 4104 2589 1868 2680 2597 1867 1681 2662 1814 1372 2900 1863 2801 2902 1883 2809 2826 1860 1867 2489 1876 2339 2532 1875 1355 2453 1855 4104 2589 1808 2175 2485 1869 1711 2525 1863 2801 2902 1806 222 2859 1865 806 2804 1860 1867 2489 1811 1408 2591 1877 2388 2599 1856 1198 2405 1870 2681 2451 1869 1711 2525 1811 1408 2591 1861 449 2679 1878 1443 2664 1856 1198 2405 1809 1682 2319 1871 1680 2412 1812 456 2752 1879 455 2730 1878 1443 2664 1857 643 2291 1872 1123 2376 1871 1680 2412 1853 3046 2814 1864 3047 2783 1865 806 2804 1862 960 2816 1880 3398 2786 1879 455 2730 1857 643 2291 1858 3045 2289 1873 2577 2378 1853 3046 2814 1854 3087 2748 1866 4015 2725 1868 807 1664 1869 0 1706 1879 0 2152 1870 1525 1769 1878 0 2179 1879 0 2152 1870 1525 1769 1871 2972 1862 1877 2740 2181 1871 2972 1862 1872 3469 1951 1876 244 2154 1872 3469 1951 1873 0 1993 1875 0 2113 1868 807 1664 1880 0 2111 1881 2736 2064 1866 2242 1704 1867 2752 1662 1881 2736 2064 1883 0 1949 1864 0 1767 1866 2242 1704</p>
        </triangles>
        <triangles count="1257" material="m_boombox_matcap">
          <input semantic="VERTEX" offset="0" source="#char_heavytool-VERTEX"/>
          <input semantic="NORMAL" offset="1" source="#char_heavytool-Normal0"/>
          <input semantic="TEXCOORD" offset="2" set="0" source="#char_heavytool-UV0"/>
          <p> 124 542 3149 132 3699 3161 125 3695 3144 129 464 2841 211 2921 1729 123 3880 2843 144 1063 2627 143 1557 2767 203 3954 2639 136 3214 3286 126 748 3442 133 3199 3243 208 1 3309 147 2757 3396 194 1 3327 135 1238 3294 131 764 3440 136 3214 3286 138 1043 3018 146 1038 3347 186 3686 3359 137 1231 3305 220 2198 3231 133 3199 3243 139 1045 2856 143 1557 2767 142 3001 2745 144 1063 2627 145 270 2482 149 3722 2494 166 1523 2749 117 1536 2594 163 1537 2608 127 0 3180 124 542 3149 131 169 3185 124 542 3149 126 3945 3167 131 169 3185 141 2257 2417 211 1 2259 150 3720 2300 124 542 3149 127 0 3180 132 3699 3161 133 3199 3243 221 3200 2846 154 3656 2811 186 3686 3359 146 1038 3347 153 543 3365 139 40 3629 121 40 3564 117 40 3631 140 3370 460 117 3838 522 118 3368 458 159 1703 2409 157 1699 2454 155 2654 2456 121 2398 3454 144 2398 3339 122 1911 3341 175 3953 2458 122 3002 2263 178 3003 2292 156 761 2778 152 763 2571 148 762 2573 156 2647 1534 153 3566 1651 155 2070 1518 118 40 843 160 600 1033 159 586 1455 158 3198 2763 147 4133 2569 154 3656 2811 147 4133 2569 157 3213 2787 154 3656 2811 135 3598 1006 132 2094 847 127 3121 841 175 3953 2458 117 1536 2594 121 1555 2440 146 2556 1649 155 2070 1518 153 3566 1651 181 829 2122 122 3002 2263 128 3723 2138 129 3719 1994 123 0 1970 120 269 2067 128 1702 606 151 717 4 130 2162 608 144 40 3714 128 40 3647 122 40 3716 139 1045 2856 138 1043 3018 189 2514 2888 186 3686 3359 148 3483 3414 152 2758 3423 186 3686 3359 152 2758 3423 147 2757 3396 130 2547 3747 150 1085 3696 129 1588 3694 148 3483 3414 186 3686 3359 153 543 3365 116 1801 3083 126 3945 3167 124 542 3149 166 1523 2749 125 3695 3144 118 0 2731 134 2137 2386 135 653 2360 136 1700 2388 160 741 3337 154 1217 2954 159 3189 2956 134 1612 1012 125 1593 845 132 2094 847 296 802 869 289 3682 1645 266 546 824 302 655 1788 319 3137 1812 317 3532 1786 306 3815 3462 287 2858 3012 294 1375 3094 291 3103 901 294 3103 1134 287 3103 871 290 535 873 297 3939 782 266 546 824 302 2992 820 296 802 869 266 546 824 316 2181 112 313 1207 14 320 4116 114 317 3532 1786 296 2046 1711 302 655 1788 287 1546 1888 242 1785 2586 245 2990 1865 249 2256 2876 299 1802 3022 288 824 2930 310 3714 802 294 3714 1055 291 3714 800 318 2720 2584 297 751 2271 311 2196 2606 303 1648 1782 315 4072 1810 301 2657 1808 285 3655 2535 311 2196 2606 297 751 2271 320 3506 1715 286 2259 1165 306 1295 1036 300 3520 1709 314 2580 1784 303 1648 1782 315 1234 3092 305 4153 3253 301 1235 3257 311 3575 1802 317 3572 1952 318 3590 1871 293 821 1792 310 3716 1689 291 1286 1796 304 765 2269 319 4150 2578 298 1741 2267 319 2093 1897 318 3590 1871 317 3572 1952 323 2123 3732 289 1152 3524 284 2633 3522 293 821 1792 287 1546 1888 245 2990 1865 312 2209 3088 299 4134 3255 305 4153 3253 310 512 2952 262 523 3516 292 3912 3503 324 2499 3205 323 1291 2839 325 1030 3206 242 1785 2586 300 1790 2984 295 226 2997 299 1802 3022 295 226 2997 305 253 3041 266 546 824 297 3939 782 304 1 784 301 553 3047 295 226 2997 303 3929 3032 266 546 824 298 3946 796 302 2992 820 295 226 2997 300 1790 2984 303 3929 3032 304 1 784 298 3946 796 266 546 824 295 226 2997 301 553 3047 305 253 3041 314 3082 726 312 2121 716 315 3555 732 325 3261 734 322 1813 913 326 127 915 284 1853 920 322 1853 672 323 1853 674 283 3197 3016 311 2196 2606 307 1228 2641 283 3197 3016 299 4134 3255 313 1732 3071 308 1230 3112 299 4134 3255 283 3197 3016 313 4034 668 314 3082 726 320 4018 670 284 3726 839 316 1573 1713 306 1295 1036 156 652 2480 155 2654 2456 157 1699 2454 160 1193 2444 136 1700 2388 133 1195 2446 350 2748 3150 351 3926 3145 358 3933 3162 437 3181 1730 355 738 2842 349 4121 2844 370 2762 2628 369 3252 2768 368 827 2746 352 1473 3443 362 1481 3287 359 1001 3244 434 1 3310 373 1549 3397 412 3918 3360 357 2489 3441 361 488 3295 362 1481 3287 372 809 3348 364 3697 3019 412 3918 3360 359 1001 3244 446 1004 3232 363 3890 3306 365 1270 2857 369 3252 2768 415 1794 2889 371 2527 2483 370 2762 2628 375 2014 2495 343 250 2595 392 2747 2750 389 1275 2609 353 0 3181 357 113 3186 350 2748 3150 350 2748 3150 357 113 3186 352 1283 3168 367 1060 2418 371 2527 2483 375 2014 2495 350 2748 3150 358 3933 3162 353 0 3181 359 1001 3244 447 2467 2847 446 1004 3232 412 3918 3360 379 246 3366 372 809 3348 347 40 3565 365 40 3630 343 40 3632 343 3607 523 366 3136 461 344 3608 459 383 2425 2455 385 1437 2410 381 3364 2457 370 1165 3340 347 4061 3455 348 4060 3342 348 1293 2264 401 2258 2459 404 1294 2293 382 489 2779 378 2488 2572 383 485 2788 382 3353 1535 379 389 1652 374 3824 1654 386 2285 1034 351 315 846 344 40 844 373 475 2570 420 2932 2566 384 474 2764 373 475 2570 383 485 2788 378 2488 2572 361 2389 1007 358 388 848 360 345 1013 401 2258 2459 343 250 2595 389 1275 2609 372 3282 1650 381 3780 1519 385 291 1456 407 1062 2123 348 1293 2264 404 1294 2293 356 1061 2094 354 2528 2139 346 559 2068 377 444 5 354 1436 607 356 1932 609 354 40 3648 370 40 3715 348 40 3717 365 1270 2857 364 3697 3019 366 1795 2990 412 3918 3360 378 1056 3424 374 3249 3415 412 3918 3360 373 1549 3397 378 1056 3424 376 3277 3697 356 306 3748 355 3750 3695 374 3249 3415 379 246 3366 412 3918 3360 342 2012 3084 352 1283 3168 345 554 3115 392 2747 2750 351 3926 3145 350 2748 3150 360 3365 2387 362 2424 2389 361 384 2361 380 467 2955 386 988 3338 385 2924 2957 360 345 1013 351 315 846 386 2285 1034 513 1992 1646 520 3913 870 492 3708 825 543 2885 1813 526 3324 1789 541 863 1787 530 3585 3463 511 1666 3013 510 3116 3577 515 3343 902 511 3343 872 518 3343 1135 514 231 874 521 2751 783 480 3 813 526 820 821 492 3708 825 520 3913 870 540 2450 113 537 2451 15 535 3415 43 541 863 1787 520 309 1712 540 285 1714 468 799 2587 511 1796 1889 471 247 1866 475 2999 2877 523 3948 3023 519 1527 2998 534 3251 803 518 1298 1056 516 2768 1434 521 3893 2272 542 3444 2585 535 999 2607 527 2353 1783 539 1416 1811 538 1836 1785 535 999 2607 531 2464 2642 509 2933 2536 544 295 1716 510 2529 1166 524 3753 1710 524 3753 1710 538 1836 1785 544 295 1716 529 1020 3254 539 1971 3093 525 1008 3258 541 901 1953 535 397 1803 542 3819 1872 534 2997 1690 517 1547 1793 515 3484 1797 528 1973 2270 543 2483 2579 542 3444 2585 543 383 1898 541 901 1953 542 3819 1872 513 2378 3525 547 1898 3733 508 2369 3523 511 1796 1889 517 1547 1793 471 247 1866 523 2937 3256 536 1013 3089 529 1020 3254 488 783 3517 534 784 2953 516 778 3504 547 558 2840 324 2499 3205 325 1030 3206 524 1539 2985 468 799 2587 519 1527 2998 523 3948 3023 529 549 3042 519 1527 2998 492 3708 825 528 1 785 521 2751 783 525 1284 3048 527 1788 3033 519 1527 2998 492 3708 825 526 820 821 522 1285 797 519 1527 2998 527 1788 3033 524 1539 2985 528 1 785 492 3708 825 522 1285 797 519 1527 2998 529 549 3042 525 1284 3048 538 2352 727 539 1863 733 536 917 717 325 2032 734 546 588 914 547 599 736 508 3550 921 547 3550 675 546 3550 673 535 999 2607 507 3889 3017 531 2464 2642 507 3889 3017 537 2466 3072 523 2937 3256 532 2934 3113 523 2937 3256 512 998 3260 538 2352 727 537 1873 669 544 3315 671 530 3491 1037 540 285 1714 508 2530 840 382 2348 2481 383 2425 2455 381 3364 2457 386 2907 2445 362 2424 2389 360 3365 2387 645 2694 944 656 1715 1315 653 3172 967 640 778 3061 639 795 3128 643 786 3134 645 778 3239 648 778 3572 649 778 3570 643 3178 4326 641 2188 4429 640 2702 4439 645 785 3239 639 795 3128 644 778 3241 643 1203 3458 653 4107 3416 654 4106 3425 652 1930 192 664 1435 266 651 1434 272 655 3710 556 759 3681 705 760 200 704 655 3090 86 649 2624 122 650 4037 58 647 4068 3855 649 2141 3706 648 4070 3857 650 3229 2908 768 30 2669 759 15 2907 642 116 742 653 90 855 646 67 853 652 2289 2975 656 3747 2927 655 1821 3020 652 2289 2975 760 185 3058 761 186 3002 651 274 2922 653 2027 2541 656 3747 2927 646 514 1280 662 524 1141 642 508 1189 646 514 1280 664 506 1776 657 525 1256 765 12 1875 662 177 2005 766 54 1876 668 1463 4430 670 1463 4327 667 1463 4440 666 522 3129 667 511 3062 670 516 3135 672 1449 945 776 3414 1316 769 966 1381 759 3681 705 775 1051 557 760 200 704 681 211 3839 676 280 3882 757 836 3840 757 2621 2275 677 1649 2382 756 2625 2273 684 92 3283 677 218 3170 683 118 3169 756 3162 1094 679 3163 1023 678 2171 991 679 132 2332 685 182 2610 678 104 2283 676 119 3116 683 118 3169 677 218 3170 697 492 4220 694 2487 4277 690 1014 4218 692 3837 4431 690 2884 4381 694 3395 4433 687 275 4037 692 276 3859 689 3025 3903 686 2516 2705 695 541 2442 696 2975 2415 706 3955 3875 704 1771 3770 707 2015 3877 700 2186 4014 702 3177 4283 701 2185 4012 686 1316 1633 701 293 2330 691 2284 1620 693 3332 3298 689 902 3452 692 2848 3079 699 2167 2939 752 2677 3104 702 726 2934 696 2975 2415 756 1 2365 680 1 2324 707 3581 1317 712 3086 1125 711 667 1207 716 1331 3434 713 3751 3333 715 312 3470 750 3730 116 702 3255 24 752 833 28 705 286 3119 707 1311 2973 704 2230 3120 710 3065 3136 715 3066 3163 713 2084 3288 698 2338 3759 706 2354 3905 707 1862 3907 706 2354 3905 753 905 3755 755 2370 3949 698 1143 1492 711 667 1207 710 668 1181 695 1905 3207 714 1400 3325 709 3349 3203 713 2386 3323 691 921 3394 693 925 3392 710 3354 3201 693 925 3392 698 3825 3187 709 2827 1956 716 2336 1828 712 374 1830 712 2864 4271 715 411 4397 711 412 4269 722 2685 2017 729 2172 1721 730 2172 1719 739 4112 475 748 1201 358 740 2689 473 723 3168 2108 720 2710 2087 724 2178 2106 731 3400 3412 734 451 3221 733 1942 3219 745 1354 1254 744 3034 1294 746 883 1252 731 3400 3412 726 3344 3430 732 957 3410 743 2061 1296 742 637 1350 744 3034 1294 727 1608 4230 724 1114 4091 728 2052 4232 749 1935 1211 746 883 1252 750 3861 1209 741 4115 507 736 747 491 742 2695 505 719 1738 2089 718 1739 2059 720 2710 2087 747 2168 3763 734 2678 3690 748 3632 3692 730 2169 3132 687 3161 2966 689 3633 2962 718 1739 2059 721 2174 2019 722 1707 2017 725 3757 4257 728 2052 4232 726 2297 4255 735 3212 493 738 1740 483 736 747 491 738 1740 483 739 4112 475 740 2689 473 749 1935 1211 752 450 1120 751 2440 1113 709 3573 1092 708 2100 1050 695 1654 969 706 3955 3875 754 1564 3768 703 2525 3767 692 2848 3079 698 1886 3085 693 3332 3298 757 2268 3585 705 228 3502 681 2504 3515 756 1775 3712 708 2763 3615 757 2268 3585 689 2275 26 722 840 236 730 2274 38 701 3729 172 746 832 146 744 3724 164 691 3259 503 724 2264 298 720 2271 290 740 1299 130 734 2266 34 732 831 232 726 273 260 736 2766 166 732 831 232 672 505 3240 675 505 3573 671 505 3242 642 116 742 764 171 680 654 115 681 769 1880 123 775 1381 87 770 1879 59 652 196 2029 762 112 2124 663 111 2027 784 4094 267 772 715 193 771 716 273 670 3869 3459 773 3408 3417 672 3870 3461 672 505 3240 666 522 3129 670 516 3135 654 35 2235 758 131 2142 641 99 2143 674 1413 3856 769 1414 3707 770 3832 3699 768 30 2669 770 3455 2909 759 15 2907 773 140 856 669 203 743 673 139 854 772 3976 2976 776 2044 2928 771 565 2923 760 185 3058 772 3976 2976 761 186 3002 771 565 2923 773 2775 2542 673 161 2577 782 794 1142 673 791 1281 669 779 1190 673 791 1281 784 793 1777 771 782 1763 765 12 1875 782 207 2006 669 144 2004 681 211 3839 785 574 3883 682 210 3884 786 896 2383 858 2842 2276 857 3803 2274 786 93 3171 684 92 3283 683 118 3169 857 2911 1095 788 958 1024 786 2437 1091 857 3450 1009 789 3450 958 787 3450 862 788 160 2333 685 182 2610 684 160 2611 785 94 3117 683 118 3169 682 53 3118 801 2721 4221 798 3217 4278 802 3670 4274 796 3134 4432 794 1173 4382 792 3129 4308 791 570 4038 796 571 3860 792 2546 4036 790 3941 2706 799 1782 2443 795 3479 2721 704 1771 3770 807 272 3876 808 3253 3878 806 978 4284 804 461 4015 805 1948 4013 790 2031 1634 805 3504 2331 804 825 2329 797 3577 3299 796 2104 3080 793 663 3453 803 2909 2940 853 2433 3105 852 1938 3107 800 2745 2416 857 1 2366 799 1782 2443 813 1378 1126 808 1890 1318 812 3337 1208 817 3977 3435 814 1589 3334 815 1086 3312 851 2019 117 806 2017 25 805 3494 173 705 286 3119 808 3013 2974 809 576 2972 811 366 3137 816 2826 3164 812 2334 3098 802 2615 3760 807 4035 3906 801 1646 3758 807 3083 3906 854 4043 3756 801 2620 3758 812 3337 1208 802 2371 1493 811 2852 1182 799 1157 3208 815 3595 3326 795 684 3395 795 684 3395 814 1158 3324 797 4057 3393 811 3123 3202 797 4057 3393 814 1158 3324 810 1635 1957 817 1634 1829 815 2608 1955 813 3109 4272 816 3592 4398 817 2124 4396 823 452 2018 830 2439 1722 822 454 2020 849 2438 359 840 3410 476 841 964 474 821 2935 2088 824 1944 2109 825 1944 2107 832 723 3413 835 1200 3222 833 4102 3411 845 3756 1295 846 3048 1255 847 3063 1253 827 679 3431 832 723 3413 833 4102 3411 843 2823 1351 844 1353 1297 845 3756 1295 825 1851 4092 828 1352 4231 829 321 4233 847 3063 1253 850 1196 1212 851 1704 1210 837 1963 492 842 1451 508 843 1451 506 819 1970 2060 820 3899 2090 821 3430 2088 835 3866 3691 848 2910 3764 849 3867 3693 831 3403 3133 791 3404 2967 830 1440 3131 819 1970 2060 822 454 2020 818 486 2062 829 3285 4233 826 2564 4258 827 2564 4256 839 1483 484 836 2482 494 837 3891 492 839 1483 484 840 3410 476 838 487 486 850 1196 1212 853 727 1121 851 1704 1210 809 1380 1051 810 2360 1093 799 394 970 855 1301 3769 807 272 3876 703 2525 3767 802 2105 3086 796 2104 3080 797 3577 3299 705 228 3502 858 3962 3586 681 2504 3515 809 3489 3616 857 7 3713 858 3962 3586 793 2028 27 823 3502 237 797 3964 327 845 3490 165 847 3958 147 805 3494 173 821 1073 291 825 3493 299 795 575 504 835 1069 35 841 3959 131 833 564 233 833 564 233 839 1067 163 837 2531 167 669 203 743 764 171 680 765 116 741 772 197 2030 762 112 2124 761 216 2125 758 131 2142 774 35 2236 668 99 2144 865 2217 3390 876 1247 3290 872 772 3235 862 503 3398 867 1978 3146 861 2957 3400 863 2774 62 861 2773 102 864 1306 44 867 1979 3146 866 2958 2765 861 3452 3400 869 1745 3069 859 3677 2872 863 771 2759 870 1080 739 867 598 881 868 3022 737 862 2281 4347 859 846 4200 860 301 4349 870 830 3421 860 3728 3530 859 278 3532 867 2521 2870 872 3949 2688 871 2998 2686 876 2013 2188 873 2523 2057 875 3487 2192 866 2958 2765 875 2492 2905 873 3907 2780 871 1817 1419 876 1818 1242 875 305 1240 866 2036 3073 874 1583 3138 865 2038 3142 869 1745 3069 864 4154 2761 865 2216 3390 860 1024 3307 867 1978 3146 862 503 3398 894 1022 3291 883 2491 3391 890 498 3236 880 777 3399 879 3225 3401 885 1748 3147 879 2026 103 881 1074 63 882 3498 45 884 3678 2766 885 1748 3147 879 3225 3401 887 3448 3070 877 3451 2873 888 3449 3001 885 3271 882 888 3270 740 886 300 738 880 2544 4348 877 2037 4201 881 3020 4199 888 1559 3422 878 1065 3531 886 826 3419 885 1803 2871 890 3717 2689 887 260 2869 891 2761 2058 894 1288 2189 893 1289 2193 884 2218 2766 893 3226 2906 889 2220 2970 889 3024 1420 894 2043 1243 890 1082 1422 892 3269 3139 884 845 3074 883 2283 3143 882 3906 2762 881 497 2760 887 3448 3070 878 1248 3308 885 1748 3147 886 4158 3193 939 3284 168 949 2296 595 946 2288 597 898 2960 3686 914 2496 3726 903 1493 3725 924 729 2999 897 2672 3123 902 3171 3003 901 4096 3823 930 2673 3852 911 2166 3809 935 179 315 926 179 380 965 148 381 898 314 2616 911 850 2568 908 603 2613 900 1488 3687 913 3904 3728 907 1490 3685 937 134 3688 903 83 3420 942 134 3689 929 1718 2379 912 3640 2285 928 1208 2326 928 3166 3853 911 2166 3809 930 2673 3852 910 2562 594 909 2047 644 912 3515 642 912 607 2567 908 603 2613 911 850 2568 908 1989 3683 915 3447 3727 914 2496 3726 915 3447 3727 907 1490 3685 913 3904 3728 902 3171 3003 932 2697 2924 924 729 2999 910 2562 594 900 2560 169 907 2550 596 910 3169 2327 929 1718 2379 931 1205 2465 910 3169 2327 932 2697 2924 902 3171 3003 932 3113 4066 921 1156 4011 919 2645 3937 932 2804 1079 922 2803 828 920 1348 990 921 1250 4032 922 1249 4236 923 3679 4031 931 3631 4122 923 4101 4024 922 2676 4123 939 3284 168 902 2561 129 941 322 128 899 4155 2898 926 766 2845 896 778 2929 933 2214 2530 929 4151 2406 928 4152 2436 933 2214 2530 928 4152 2436 930 2213 2460 933 3224 2530 926 766 2845 899 4155 2898 933 2214 2530 931 3218 2362 929 4151 2406 937 3516 2949 901 3283 2575 898 314 2616 939 209 4260 906 56 4088 900 72 4259 936 192 2008 902 215 2437 897 215 2427 965 128 3566 901 129 3497 940 151 3496 964 45 3702 897 44 3738 925 43 3701 937 2726 1698 953 2727 1248 947 2730 1249 963 3406 2007 936 2906 1885 964 3367 1858 969 3393 3834 940 3859 3869 950 3401 3881 939 1241 695 952 3673 1157 945 3220 694 950 3980 2978 937 3516 2949 947 310 2950 968 3875 2713 951 1946 2784 949 972 2735 967 2445 3831 950 3401 3881 951 3412 3870 949 2296 595 948 2794 645 946 2288 597 951 2291 2979 947 310 2950 948 2796 2951 954 3674 1196 947 2730 1249 953 2727 1248 954 3674 1196 946 1744 1158 948 770 1197 941 1454 2000 963 3406 2007 971 2448 2097 949 972 2735 970 1945 2633 968 3875 2713 949 972 2735 971 2448 2097 970 1945 2633 960 2867 1609 971 1398 1402 958 2868 1337 971 2571 3943 961 2058 3800 970 1603 3944 960 1494 4250 961 2493 4041 959 2961 4050 970 2431 1016 962 3399 1124 972 3397 983 958 1015 1047 963 2947 1104 964 1017 1035 964 494 1035 966 3446 780 958 3445 1047 938 1491 3705 935 505 3744 965 1019 3799 972 3905 3700 967 3903 3789 968 2950 3777 972 3905 3700 969 1489 3798 967 3903 3789 965 1019 3799 972 3905 3700 938 1491 3705 972 3905 3700 968 2950 3777 970 2948 3718 958 1015 1047 971 2949 1115 963 2947 1104 934 40 3473 925 40 3701 895 40 3472 983 538 450 991 223 568 992 529 555 980 126 1286 975 95 1046 976 125 1054 994 2920 3618 977 987 3653 978 466 3582 975 1623 1731 974 4009 1892 985 3060 2002 986 612 3584 981 606 3638 976 1304 3574 1000 86 605 973 224 391 997 86 390 979 1365 1596 980 2341 1195 993 1371 1191 993 325 3583 980 563 3575 990 1824 3637 981 606 3638 988 3533 3608 983 1626 3640 983 1626 3640 987 4051 3620 984 4063 3642 984 4063 3642 985 3179 3617 982 1213 3643 994 2920 3618 991 3361 3641 989 3423 3644 996 920 3619 992 361 3639 991 3361 3641 995 3772 3607 990 1824 3637 992 361 3639 973 3187 3654 985 3179 3617 974 3650 3581 977 495 4385 1002 495 4248 978 495 4386 991 223 568 982 544 422 989 229 575 1002 2364 3300 979 2365 3153 978 1391 3315 973 2215 4346 999 1244 4441 997 2724 4325 982 544 422 977 539 604 989 229 575 979 73 3197 998 73 2938 975 73 2933 975 2630 4315 999 3096 4121 974 1664 4316 980 563 3575 981 606 3638 990 1824 3637 981 526 464 992 529 555 990 63 548 979 1365 1596 993 1371 1191 995 1367 1194 979 1365 1596 995 1367 1194 996 1366 1200 978 1845 1473 979 1365 1596 994 2820 1233 994 2820 1233 979 1365 1596 996 1366 1200 975 1623 1731 985 3060 2002 987 1624 2033 975 1623 1731 987 1624 2033 988 1117 2053 975 1623 1731 988 1117 2053 986 4020 2054 976 1640 2052 975 1623 1731 986 4020 2054 1036 2415 3049 1031 2415 3371 1033 2896 3367 1038 1 338 1036 1 654 1033 1 334 1035 2661 3211 1038 1187 3249 1032 1693 3215 1029 3 1111 1039 2522 1017 1070 1029 1109 1028 2520 829 1043 3950 1014 1039 2522 1017 1027 1 660 1041 2987 822 1028 2520 829 1048 4085 4186 1044 3156 4336 1045 4086 4330 1047 1753 4190 1046 1756 4340 1044 2223 4338 1068 2901 3623 1052 2901 3679 1030 2901 3621 1051 1177 268 1050 1177 178 1070 1177 270 1051 1 1223 1070 1029 1109 1058 3696 1221 1052 2541 4237 1045 590 4353 1030 1077 4351 1054 3514 4375 1053 3514 4427 1051 3514 4425 1056 442 3985 1055 442 4051 1054 442 3983 1057 1021 4371 1058 1021 4423 1059 1021 4421 1059 3374 2850 1069 3374 2791 1060 3374 2852 1042 436 2718 1060 2900 2670 1069 2894 2672 1064 1516 4196 1061 1515 4332 1067 3909 4194 1063 3852 4241 1064 952 4357 1066 1926 4355 1027 2668 3275 1046 2157 3279 1049 2158 3321 1065 2273 4222 1066 287 4344 1119 241 4342 1061 2414 2916 1042 3387 2718 1067 1420 2914 1070 3855 3625 1050 2422 3681 1068 2903 3623 1040 3621 3273 1049 2158 3321 1065 3158 3319 1119 4081 3277 1040 1190 3273 1065 4090 3319 1069 819 1107 1043 3950 1014 1042 259 1105 1039 2522 1017 1069 819 1107 1070 1029 1109 1128 3849 3050 1123 1422 3372 1125 948 3368 1130 1 339 1128 1 655 1125 1 335 1127 4089 3212 1130 1186 3250 1124 1694 3216 1160 711 3373 1165 711 3051 1162 711 3369 1167 2737 340 1165 1263 656 1166 1789 652 1167 1424 3251 1164 1424 3213 1161 1424 3217 1158 3 1112 1199 3 1110 1157 3 1018 1173 823 1015 1169 3248 830 1157 3718 1018 1171 817 823 1168 1257 661 1169 3248 830 1156 1427 4337 1175 951 4187 1159 3851 4331 1155 1503 4341 1174 1988 4191 1156 1987 4339 1197 1698 3624 1180 4091 3680 1177 2156 3682 1177 2409 179 1178 940 269 1199 431 271 1182 1996 1307 1184 2996 1305 1186 3937 1222 1159 2278 4354 1180 2779 4238 1179 3742 4352 1181 2791 4428 1182 1327 4376 1178 1328 4426 1183 714 4052 1184 1192 3986 1182 4092 3984 1186 769 4424 1185 768 4372 1187 1245 4422 1198 701 2792 1187 701 2851 1188 701 2853 1172 3148 2719 1198 3146 2673 1188 2154 2671 1192 1767 4197 1189 1768 4333 1190 1760 4335 1192 3157 4358 1191 3157 4242 1195 3157 4356 1168 954 3276 1176 3854 3322 1155 2902 3280 1195 2033 4345 1194 2033 4223 1193 2033 4343 1172 4083 2719 1189 709 2917 1196 2149 2915 1199 4093 3626 1197 4093 3624 1177 4093 3682 1170 1927 3274 1176 3854 3322 1168 954 3276 1193 3389 3278 1194 3390 3320 1170 2423 3274 1198 555 1108 1172 555 1106 1173 555 1015 1198 2233 1108 1157 3718 1018 1199 1 1110 1244 710 3374 1249 710 3052 1246 710 3370 1251 3470 341 1249 2983 657 1250 547 653 1251 1424 3252 1248 1424 3214 1245 1424 3218 1638 3810 1069 1637 1850 922 1636 2328 965 1638 3810 1069 1641 3822 1167 1639 1892 1057 1640 928 1143 1643 2393 1388 1641 3822 1167 1644 1908 1524 1643 2393 1388 1642 2394 1311 1646 1392 1597 1645 3350 1586 1644 1908 1524 1648 879 1622 1647 2361 1639 1646 1392 1597 1648 879 1622 1651 3768 1725 1649 3787 1723 1650 1830 1624 1653 1260 1641 1651 3768 1725 1654 3992 1528 1653 1260 1641 1652 3237 1599 1654 3992 1528 1657 1621 1390 1655 1097 1584 1656 3549 1319 1659 4040 1173 1657 1621 1390 1658 1146 1151 1661 1159 1059 1659 4040 1173 1660 1676 1073 1663 3125 934 1661 1159 1059 1664 2131 879 1663 3125 934 1662 3124 971 1666 3101 806 1665 3118 818 1664 2131 879 1668 1627 760 1667 662 714 1666 3101 806 1670 2570 758 1669 2075 624 1668 1627 760 1670 2570 758 1633 797 710 1671 3527 622 1636 2328 965 1635 2306 816 1634 1342 877 1676 3990 3552 1675 2053 3494 1674 1091 3554 1678 4012 3550 1677 621 3492 1676 3990 3552 1680 3594 3548 1679 2092 3490 1678 4012 3550 1680 3594 3548 1683 3147 3486 1681 3115 3488 1684 3160 3544 1683 3147 3486 1682 1184 3546 1684 3160 3544 1687 4082 3482 1685 722 3484 1688 4052 3536 1687 4082 3482 1686 707 3542 1688 4052 3536 1691 3068 3478 1689 3114 3480 1692 2063 3540 1691 3068 3478 1690 3552 3534 1673 2054 3538 1693 617 3476 1692 2063 3540 1714 2208 592 1711 3653 542 1686 752 636 1505 1237 136 1710 750 190 1661 3202 60 1467 3122 200 1667 1713 72 1669 3097 76 1667 1713 72 1465 3654 194 1665 4139 68 1661 3202 60 1709 1714 188 1659 2177 54 1709 1714 188 1657 3597 48 1659 2177 54 1708 2631 186 1655 2597 46 1657 3597 48 1655 2597 46 1706 614 88 1653 3038 36 1653 3289 124 1705 2312 294 1651 2818 292 1651 2818 292 1704 2863 364 1649 2381 362 1704 2863 364 1647 970 487 1649 2381 362 1647 970 487 1702 478 590 1645 2943 588 1645 2943 588 1701 520 794 1643 505 792 1701 520 794 1641 2944 924 1643 505 792 1700 1005 926 1639 3872 1061 1641 2944 924 1696 1605 202 1669 3097 76 1671 623 70 1715 1256 2625 1677 3463 3189 1672 34 2582 1697 3298 1407 1633 1340 1605 1635 3298 1405 1707 1096 534 1676 1620 616 1674 3525 614 1510 3591 536 1676 1620 616 1707 1096 534 1680 3164 620 1510 3591 536 1511 733 538 1714 2208 592 1684 1747 634 1712 774 586 1682 4135 628 1512 1733 540 1713 1236 584 1688 2692 638 1711 3653 542 1513 732 532 1671 623 70 1694 1094 90 1696 1605 202 1698 927 1171 1639 3872 1061 1699 458 1063 1692 2074 612 1695 1155 528 1509 3991 526 1673 615 610 1696 1605 202 1694 1094 90 1674 3525 614 1464 2569 182 1707 1096 534 1695 1155 528 1688 2692 638 1513 732 532 1663 2219 66 1504 2207 140 1503 773 138 1509 3991 526 1673 3037 610 1692 2074 612 1505 1237 136 1663 2219 66 1503 773 138 1682 4135 628 1511 733 538 1512 1733 540 1465 3654 194 1504 2207 140 1665 4139 68 1684 1747 634 1713 1236 584 1712 774 586 1697 3298 1407 1637 2854 1169 1698 927 1171 1634 1342 877 1633 797 710 1632 6 804 1693 1784 2604 1677 3463 3189 1679 2509 3156 1691 2243 2659 1679 2509 3156 1681 3474 3102 1691 2243 2659 1683 2519 3024 1689 2510 2738 1687 1804 2821 1683 2519 3024 1685 2524 2945 1889 2082 923 1890 2114 1070 1888 2598 966 1890 2114 1070 1893 3117 1168 1892 2130 1144 1892 2130 1144 1895 2134 1389 1894 3126 1312 1895 2134 1389 1896 1675 1525 1894 3126 1312 1897 686 1587 1898 1145 1598 1896 1675 1525 1899 3576 1640 1900 3547 1623 1898 1145 1598 1900 3547 1623 1903 3998 1726 1902 3039 1625 1902 3039 1625 1905 3691 1642 1904 3688 1600 1905 3691 1642 1906 3763 1529 1904 3688 1600 1906 3763 1529 1909 1844 1391 1908 2824 1320 1908 2824 1320 1911 2847 1174 1910 1896 1152 1910 1896 1152 1913 2873 1060 1912 2877 1074 1912 2877 1074 1915 933 935 1914 416 972 1915 933 935 1916 3357 880 1914 416 972 1917 922 819 1918 911 807 1916 3357 880 1919 3806 715 1920 1852 761 1918 911 807 1921 2819 625 1922 858 759 1920 1852 761 1922 858 759 1885 527 711 1884 1519 805 1887 3997 817 1888 2598 966 1886 1602 878 1927 1828 3495 1928 3291 3553 1926 1828 3555 1929 2806 3493 1930 1849 3551 1928 2303 3553 1931 1374 3491 1932 2385 3549 1930 1849 3551 1932 2385 3549 1935 2895 3487 1934 1421 3547 1935 2895 3487 1936 446 3545 1934 1421 3547 1936 446 3545 1939 3383 3483 1938 2413 3543 1939 3383 3483 1940 1904 3537 1938 2413 3543 1940 1904 3537 1943 1857 3479 1942 3313 3535 1943 1857 3479 1944 341 3541 1942 3313 3535 1945 2302 3477 1925 2299 3539 1944 341 3541 1966 2945 593 1938 2470 637 1963 2463 543 1757 3901 137 1913 1476 61 1962 1475 191 1919 2914 73 1719 2876 201 1921 2853 77 1919 2914 73 1717 1472 195 1718 967 199 1913 1476 61 1961 2446 189 1962 1475 191 1909 3352 49 1961 2446 189 1911 457 55 1907 3303 47 1960 2366 187 1909 3352 49 1907 3303 47 1958 854 89 1716 1343 183 1905 3036 125 1957 1609 295 1958 1601 127 1903 2599 293 1956 3108 365 1957 1609 295 1899 2691 488 1956 3108 365 1901 3107 363 1899 2691 488 1954 2711 591 1955 2691 490 1897 4145 589 1953 788 795 1954 2711 591 1893 4144 925 1953 788 795 1895 778 793 1891 3639 1062 1952 2712 927 1893 4144 925 1921 2853 77 1948 3765 203 1923 2315 71 1929 3916 3190 1967 2979 2626 1924 3932 2583 1885 3989 1606 1949 3051 1408 1887 2582 1406 1959 3762 535 1926 855 615 1928 354 617 1762 410 537 1928 354 617 1930 2382 619 1762 410 537 1932 2442 621 1763 3876 539 1966 2945 593 1936 1492 635 1938 2470 637 1934 477 629 1965 2484 585 1764 1474 541 1963 2463 543 1940 3413 639 1765 968 533 1923 2315 71 1946 334 91 1885 1829 41 1891 3639 1062 1950 688 1172 1951 3638 1064 1947 1901 529 1944 876 613 1761 857 527 1925 332 611 1948 336 203 1761 857 527 1716 335 183 1926 855 615 1959 3762 535 1947 1901 529 1940 3413 639 1942 3820 627 1915 1975 67 1756 1010 141 1917 3895 69 1761 857 527 1944 876 613 1925 332 611 1757 3901 137 1915 1975 67 1913 1476 61 1763 3876 539 1934 477 629 1764 1474 541 1717 1472 195 1917 3895 69 1756 1010 141 1936 1492 635 1965 2484 585 1934 477 629 1889 2632 1170 1949 3051 1408 1950 688 1172 1885 527 711 1886 1602 878 1884 1519 805 1945 1532 2605 1929 243 3190 1924 33 2583 1943 3923 2660 1931 2241 3157 1945 1532 2605 1935 2254 3025 1943 3923 2660 1941 3241 2739 1939 1058 2822 1935 2254 3025 1941 3241 2739 129 464 2841 150 3881 1727 211 2921 1729 144 1063 2627 142 3001 2745 143 1557 2767 136 3214 3286 131 764 3440 126 748 3442 208 1 3309 186 3686 3359 147 2757 3396 135 1238 3294 127 1239 3438 131 764 3440 138 1043 3018 140 2985 2989 146 1038 3347 133 3199 3243 126 748 3442 137 1231 3305 126 748 3442 119 2195 3446 137 1231 3305 139 1045 2856 189 2514 2888 143 1557 2767 144 1063 2627 203 3954 2639 145 270 2482 166 1523 2749 118 0 2731 117 1536 2594 150 3720 2300 151 828 2438 141 2257 2417 151 828 2438 149 3722 2494 141 2257 2417 149 3722 2494 145 270 2482 141 2257 2417 133 3199 3243 220 2198 3231 221 3200 2846 139 40 3629 142 40 3562 121 40 3564 140 3370 460 139 3369 524 117 3838 522 159 1703 2409 154 1194 2407 157 1699 2454 121 2398 3454 142 2397 3456 144 2398 3339 175 3953 2458 121 1555 2440 122 3002 2263 156 761 2778 157 3213 2787 152 763 2571 156 2647 1534 148 1673 1653 153 3566 1651 146 2556 1649 140 40 1647 159 586 1455 140 40 1647 118 40 843 159 586 1455 118 40 843 125 1593 845 160 600 1033 154 3656 2811 221 3200 2846 158 3198 2763 158 3198 2763 194 2709 2565 147 4133 2569 147 4133 2569 152 763 2571 157 3213 2787 135 3598 1006 134 1612 1012 132 2094 847 175 3953 2458 163 1537 2608 117 1536 2594 146 2556 1649 159 586 1455 155 2070 1518 181 829 2122 178 3003 2292 122 3002 2263 120 269 2067 181 829 2122 128 3723 2138 128 3723 2138 130 1292 2093 120 269 2067 130 1292 2093 129 3719 1994 120 269 2067 128 1702 606 149 717 2 151 717 4 144 40 3714 149 40 3645 128 40 3647 139 1045 2856 140 2985 2989 138 1043 3018 130 2547 3747 151 1084 3749 150 1085 3696 116 1801 3083 119 1287 3114 126 3945 3167 166 1523 2749 124 542 3149 125 3695 3144 160 741 3337 133 3188 3335 154 1217 2954 134 1612 1012 160 600 1033 125 1593 845 296 802 869 284 1 1717 289 3682 1645 302 655 1788 298 3611 1814 319 3137 1812 306 2373 3462 286 2870 3576 287 2373 3012 290 535 873 254 3 812 297 3939 782 316 2181 112 311 2180 42 313 1207 14 317 3532 1786 316 581 1713 296 2046 1711 287 1546 1888 286 238 2592 242 1785 2586 249 2256 2876 295 226 2997 299 1802 3022 310 566 802 292 566 1433 294 566 1055 318 2720 2584 304 765 2269 297 751 2271 303 1648 1782 314 2580 1784 315 4072 1810 297 751 2271 254 746 2281 285 3655 2535 285 3655 2535 307 1228 2641 311 2196 2606 320 3506 1715 300 3520 1709 286 2259 1165 300 3520 1709 320 3506 1715 314 2580 1784 315 1234 3092 312 2209 3088 305 4153 3253 311 3575 1802 316 1639 1968 317 3572 1952 293 821 1792 309 3250 1669 310 3716 1689 304 765 2269 318 2720 2584 319 4150 2578 323 2123 3732 321 4054 3771 289 1152 3524 293 821 1792 291 1286 1796 287 1546 1888 312 2209 3088 313 1732 3071 299 4134 3255 310 512 2952 309 513 2925 262 523 3516 324 2499 3205 321 138 2823 323 1291 2839 242 1785 2586 286 238 2592 300 1790 2984 325 3261 734 323 303 735 322 1813 913 283 3197 3016 313 1732 3071 311 2196 2606 308 1230 3112 288 1229 3259 299 4134 3255 313 4034 668 312 2121 716 314 3082 726 296 2046 1711 316 581 1713 284 2765 839 316 1573 1713 320 3506 1715 306 1295 1036 160 1193 2444 134 2137 2386 136 1700 2388 437 3181 1730 376 4122 1728 355 738 2842 370 2762 2628 429 1806 2640 369 3252 2768 352 1473 3443 357 2489 3441 362 1481 3287 434 1 3310 420 1 3328 373 1549 3397 357 2489 3441 353 490 3439 361 488 3295 372 809 3348 366 1795 2990 364 3697 3019 345 2931 3447 352 1473 3443 363 3890 3306 352 1473 3443 359 1001 3244 363 3890 3306 365 1270 2857 368 827 2746 369 3252 2768 371 2527 2483 429 1806 2640 370 2762 2628 343 250 2595 344 1786 2732 392 2747 2750 375 2014 2495 377 1558 2439 367 1060 2418 377 1558 2439 376 3952 2301 367 1060 2418 376 3952 2301 437 1 2260 367 1060 2418 359 1001 3244 380 3892 2812 447 2467 2847 347 40 3565 368 40 3563 365 40 3630 343 3607 523 365 3609 525 366 3136 461 383 2425 2455 380 2429 2408 385 1437 2410 370 1165 3340 368 693 3457 347 4061 3455 348 1293 2264 347 1805 2441 401 2258 2459 382 489 2779 374 491 2574 378 2488 2572 382 3353 1535 381 3780 1519 379 389 1652 344 40 844 366 40 1648 385 291 1456 366 40 1648 372 3282 1650 385 291 1456 385 291 1456 386 2285 1034 344 40 844 384 474 2764 447 2467 2847 380 3892 2812 380 3892 2812 373 475 2570 384 474 2764 373 475 2570 380 3892 2812 383 485 2788 361 2389 1007 353 926 842 358 388 848 401 2258 2459 347 1805 2441 343 250 2595 372 3282 1650 379 389 1652 381 3780 1519 407 1062 2123 354 2528 2139 348 1293 2264 354 2528 2139 407 1062 2123 346 559 2068 346 559 2068 349 0 1971 355 3951 1995 355 3951 1995 356 1061 2094 346 559 2068 377 444 5 375 444 3 354 1436 607 354 40 3648 375 40 3646 370 40 3715 365 1270 2857 415 1794 2889 364 3697 3019 376 3277 3697 377 2790 3750 356 306 3748 342 2012 3084 350 2748 3150 352 1283 3168 392 2747 2750 344 1786 2732 351 3926 3145 380 467 2955 359 2925 3336 386 988 3338 360 345 1013 358 388 848 351 315 846 513 1992 1646 508 530 1718 520 3913 870 543 2885 1813 522 3373 1815 526 3324 1789 530 3585 3463 518 644 3095 511 1666 3013 514 231 874 492 3708 825 521 2751 783 540 2450 113 544 3416 115 537 2451 15 541 863 1787 526 3324 1789 520 309 1712 468 799 2587 510 0 2593 511 1796 1889 475 2999 2877 512 3000 2931 523 3948 3023 534 3251 803 515 2993 801 518 1298 1056 521 3893 2272 528 1973 2270 542 3444 2585 527 2353 1783 525 427 1809 539 1416 1811 509 2933 2536 480 1962 2282 521 3893 2272 521 3893 2272 535 999 2607 509 2933 2536 544 295 1716 530 3004 1037 510 2529 1166 524 3753 1710 527 2353 1783 538 1836 1785 529 1020 3254 536 1013 3089 539 1971 3093 541 901 1953 540 371 1969 535 397 1803 534 1057 1690 533 1057 1670 517 1057 1793 528 1973 2270 522 1009 2268 543 2483 2579 513 2378 3525 545 2387 3772 547 1898 3733 511 1796 1889 515 3484 1797 517 1547 1793 523 2937 3256 537 2466 3072 536 1013 3089 488 783 3517 533 787 2926 534 784 2953 547 558 2840 545 199 2824 324 2499 3205 524 1539 2985 510 0 2593 468 799 2587 325 3261 734 326 127 915 546 3968 914 535 999 2607 537 2466 3072 507 3889 3017 532 2934 3113 507 3889 3017 523 2937 3256 538 2352 727 536 917 717 537 1873 669 544 295 1716 540 2272 1714 530 3004 1037 540 285 1714 520 309 1712 508 2530 840 386 2907 2445 359 1438 2447 362 2424 2389 645 2694 944 649 1712 1380 656 1715 1315 640 778 3061 638 4160 3063 639 795 3128 645 785 3239 644 778 3241 648 778 3572 643 3178 4326 654 2187 4321 641 2188 4429 645 785 3239 643 786 3134 639 795 3128 643 1203 3458 645 4108 3460 653 4107 3416 652 1930 192 663 1929 180 664 1435 266 655 3710 556 650 2755 530 759 3681 705 655 3090 86 656 3570 118 649 2624 122 647 4069 3855 650 3605 3698 649 3605 3706 650 3229 2908 647 31 2667 768 30 2669 642 116 742 654 115 681 653 90 855 652 2289 2975 651 274 2922 656 3747 2927 652 2289 2975 655 1821 3020 760 185 3058 651 274 2922 646 106 2576 653 2027 2541 646 514 1280 657 525 1256 662 524 1141 646 514 1280 651 507 1762 664 506 1776 765 12 1875 642 144 2003 662 177 2005 668 1950 4430 774 1950 4322 670 1950 4327 666 3910 3129 665 3910 3064 667 3910 3062 672 1449 945 773 1455 968 776 3414 1316 759 3681 705 770 1544 531 775 1051 557 681 211 3839 682 210 3884 676 280 3882 757 2621 2275 676 3565 2384 677 1649 2382 684 92 3283 679 172 3281 677 218 3170 756 3162 1094 677 2682 1090 679 3163 1023 679 132 2332 684 160 2611 685 182 2610 676 119 3116 682 53 3118 683 118 3169 697 2485 4220 698 493 4273 694 2486 4277 692 3836 4431 688 419 4307 690 2405 4381 687 275 4037 688 1325 4035 692 276 3859 686 3243 2705 691 3243 2720 695 3243 2442 706 3955 3875 703 2525 3767 704 1771 3770 700 2186 4014 699 3643 4303 702 3177 4283 686 1316 1633 700 1059 2328 701 293 2330 699 2167 2939 751 1197 3106 752 2677 3104 696 2975 2415 695 541 2442 756 1 2365 707 3581 1317 708 2100 1050 712 3086 1125 716 1331 3434 714 848 3311 713 3751 3333 750 3730 116 701 3729 172 702 3255 24 705 286 3119 708 3736 2971 707 1311 2973 710 3065 3136 711 2610 3097 715 3066 3163 698 2338 3759 697 2349 3757 706 2354 3905 706 2354 3905 697 2349 3757 753 905 3755 698 1143 1492 707 3581 1317 711 667 1207 695 1905 3207 691 921 3394 714 1400 3325 713 2386 3323 714 1400 3325 691 921 3394 710 3354 3201 713 2386 3323 693 925 3392 709 2827 1956 714 1854 1954 716 2336 1828 712 2864 4271 716 1902 4395 715 411 4397 722 1707 2017 721 2174 2019 729 4105 1721 739 4112 475 747 728 356 748 1201 358 723 3168 2108 719 1738 2089 720 2710 2087 731 3400 3412 732 957 3410 734 451 3221 745 1354 1254 743 2061 1296 744 3034 1294 731 3400 3412 725 2377 3432 726 3344 3430 743 2061 1296 741 2606 1352 742 637 1350 727 1608 4230 723 636 4089 724 1114 4091 749 1935 1211 745 1354 1254 746 883 1252 741 4115 507 735 3212 493 736 747 491 719 1738 2089 717 4149 2061 718 1739 2059 747 2168 3763 733 724 3765 734 2678 3690 730 2679 3132 729 1705 3130 687 725 2966 718 1739 2059 717 4149 2061 721 2174 2019 725 3757 4257 727 1608 4230 728 2052 4232 735 3212 493 737 760 485 738 1740 483 738 1740 483 737 760 485 739 4112 475 749 1935 1211 750 3861 1209 752 450 1120 709 3573 1092 712 3086 1125 708 2100 1050 706 3955 3875 755 2021 3879 754 1564 3768 692 2848 3079 694 1383 3036 698 1886 3085 757 2268 3585 708 2763 3615 705 228 3502 756 1775 3712 695 91 3778 708 2763 3615 689 2275 26 693 288 326 722 840 236 742 2265 170 691 3259 503 701 3729 172 701 3729 172 750 3730 116 746 832 146 744 3724 164 742 2265 170 701 3729 172 722 840 236 693 288 326 718 290 274 693 288 326 691 3259 503 720 2271 290 718 290 274 693 288 326 720 2271 290 740 1299 130 748 3257 32 734 2266 34 728 1296 282 724 2264 298 691 3259 503 691 3259 503 742 2265 170 728 1296 282 742 2265 170 736 2766 166 726 273 260 738 1808 162 740 1299 130 732 831 232 742 2265 170 726 273 260 728 1296 282 736 2766 166 738 1808 162 732 831 232 672 505 3240 769 505 3571 675 505 3573 642 116 742 765 116 741 764 171 680 769 1880 123 776 3326 119 775 1381 87 652 196 2029 761 216 2125 762 112 2124 784 4094 267 783 3622 181 772 715 193 670 3869 3459 774 1943 3426 773 3408 3417 672 505 3240 671 505 3242 666 522 3129 654 35 2235 764 74 2234 758 131 2142 674 1413 3856 675 3833 3858 769 1414 3707 768 30 2669 674 20 2668 770 3455 2909 773 140 856 774 203 682 669 203 743 772 3976 2976 775 1087 3021 776 2044 2928 760 185 3058 775 1087 3021 772 3976 2976 771 565 2923 776 2044 2928 773 2775 2542 782 794 1142 777 792 1257 673 791 1281 673 791 1281 777 792 1257 784 793 1777 765 12 1875 766 54 1876 782 207 2006 681 211 3839 858 1566 3841 785 574 3883 786 896 2383 785 387 2385 858 2842 2276 786 93 3171 788 141 3282 684 92 3283 857 2911 1095 787 1940 992 788 958 1024 788 160 2333 787 160 2284 685 182 2610 785 94 3117 786 93 3171 683 118 3169 801 2721 4221 794 1240 4219 798 3217 4278 796 3134 4432 798 3629 4434 794 1173 4382 791 569 4038 793 2788 3904 796 568 3860 790 3941 2706 800 2745 2416 799 1782 2443 704 1771 3770 703 2525 3767 807 272 3876 806 462 4284 803 3422 4304 804 1949 4015 790 1076 1634 795 2039 1621 805 1576 2331 803 3402 2940 806 447 2935 853 2434 3105 800 2745 2416 789 1 2325 857 1 2366 813 1378 1126 809 1380 1051 808 1890 1318 817 3977 3435 816 604 3471 814 1589 3334 851 2019 117 853 1068 29 806 2017 25 705 286 3119 704 2230 3120 808 3013 2974 811 366 3137 814 1856 3289 816 2826 3164 802 2615 3760 808 2088 3908 807 4035 3906 807 3083 3906 856 2634 3950 854 4043 3756 812 3337 1208 808 1890 1318 802 2371 1493 799 1157 3208 810 683 3204 815 3595 3326 795 684 3395 815 3595 3326 814 1158 3324 811 3123 3202 802 1161 3188 797 4057 3393 810 1635 1957 813 642 1831 817 1634 1829 813 3109 4272 812 3593 4270 816 3592 4398 823 452 2018 831 1941 1720 830 2439 1722 849 2438 359 848 959 357 840 3410 476 821 3430 2088 820 3899 2090 824 3873 2109 832 723 3413 834 2173 3220 835 1200 3222 845 3756 1295 844 1353 1297 846 3048 1255 827 679 3431 826 1149 3433 832 723 3413 843 2823 1351 842 362 1353 844 1353 1297 825 1851 4092 824 3788 4090 828 1352 4231 847 3063 1253 846 3048 1255 850 1196 1212 837 3891 492 836 2482 494 842 1452 508 819 1970 2060 818 486 2062 820 3899 2090 835 1441 3691 834 2432 3766 848 3865 3764 831 3403 3133 793 448 2963 791 3404 2967 819 1970 2060 823 452 2018 822 454 2020 829 321 4233 828 1352 4231 826 3986 4258 839 1483 484 838 487 486 836 2482 494 839 1483 484 841 964 474 840 3410 476 850 1196 1212 852 2683 1114 853 727 1121 809 1380 1051 813 1378 1126 810 2360 1093 855 1301 3769 856 277 3880 807 272 3876 802 2105 3086 798 4039 3037 796 2104 3080 705 228 3502 809 3489 3616 858 3962 3586 809 3489 3616 799 52 3779 857 7 3713 793 2028 27 831 583 39 823 3502 237 805 3494 173 795 575 504 843 3005 171 805 3494 173 843 3005 171 845 3490 165 847 3958 147 851 2019 117 805 3494 173 795 575 504 797 3964 327 821 1073 291 797 3964 327 823 3502 237 819 3965 275 797 3964 327 819 3965 275 821 1073 291 835 1069 35 849 3006 33 841 3959 131 795 575 504 825 3493 299 829 1562 283 827 1066 261 833 564 233 837 2531 167 833 564 233 841 3959 131 839 1067 163 795 575 504 829 1562 283 843 3005 171 829 1562 283 827 1066 261 843 3005 171 837 2531 167 843 3005 171 827 1066 261 669 203 743 774 203 682 764 171 680 772 197 2030 783 61 2028 762 112 2124 758 131 2142 764 74 2234 774 35 2236 865 2217 3390 874 1746 3361 876 1247 3290 863 2774 62 862 1812 100 861 2773 102 867 1979 3146 871 1976 2969 866 2958 2765 869 1745 3069 870 3675 3000 859 3677 2872 870 1080 739 869 3023 883 867 598 881 862 2281 4347 863 1320 4198 859 846 4200 870 830 3421 868 2526 3418 860 3728 3530 867 2521 2870 869 1552 2868 872 3949 2688 876 2013 2188 874 3485 2055 873 2523 2057 866 2958 2765 871 1976 2969 875 2492 2905 871 1817 1419 872 3272 1421 876 1818 1242 866 596 3073 873 2030 3075 874 1577 3138 865 2217 3390 872 772 3235 869 4156 3069 869 1745 3069 863 771 2759 864 4154 2761 860 1024 3307 868 3908 3192 867 1978 3146 894 1022 3291 892 1023 3362 883 2491 3391 879 582 103 880 2539 101 881 2537 63 884 2218 2766 889 2220 2970 885 2221 3147 887 3448 3070 881 497 2760 877 3451 2873 885 3271 882 887 2786 884 888 3270 740 880 2544 4348 878 3510 4350 877 2037 4201 888 1559 3422 877 572 3533 878 1065 3531 885 1803 2871 889 2760 2687 890 3717 2689 891 2761 2058 892 261 2056 894 1288 2189 884 2218 2766 891 4157 2781 893 3226 2906 889 3024 1420 893 602 1241 894 2043 1243 892 3269 3139 891 2777 3076 884 845 3074 887 2956 3070 890 498 3236 883 2491 3391 883 2491 3391 882 1974 2762 887 2956 3070 878 1248 3308 880 777 3399 885 1748 3147 939 3284 168 941 322 128 949 2296 595 898 2960 3686 908 1989 3683 914 2496 3726 924 729 2999 925 1172 3148 897 2672 3123 901 4096 3823 926 2670 3854 930 2673 3852 935 179 315 896 149 314 926 179 380 898 314 2616 901 3283 2575 911 850 2568 900 1488 3687 906 2951 3729 913 3904 3728 937 134 3688 898 58 3427 903 83 3420 929 1718 2379 910 3169 2327 912 3640 2285 928 3166 3853 912 2176 3822 911 2166 3809 910 2562 594 907 2550 596 909 2047 644 912 607 2567 909 1592 2612 908 603 2613 908 1989 3683 909 496 3684 915 3447 3727 915 3447 3727 909 496 3684 907 1490 3685 910 2562 594 902 2561 129 900 2560 169 910 3169 2327 931 1205 2465 932 2697 2924 932 3113 4066 920 3112 4065 921 1156 4011 932 2804 1079 931 1345 687 922 2803 828 921 3227 4032 920 3228 4184 922 2725 4236 931 3630 4122 933 4099 3942 923 4100 4024 939 3284 168 900 2560 169 902 2561 129 933 2214 2530 930 2213 2460 926 1243 2845 937 3516 2949 940 609 2977 901 3283 2575 939 209 4260 945 147 4087 906 56 4088 936 192 2008 941 215 2001 902 215 2437 965 128 3566 926 150 3567 901 129 3497 964 45 3702 936 42 3739 897 44 3738 937 2726 1698 942 1750 1697 953 2727 1248 963 3406 2007 941 1454 2000 936 2906 1885 969 3393 3834 965 2905 3830 940 3859 3869 939 1241 695 946 1744 1158 952 3673 1157 950 3980 2978 940 609 2977 937 3516 2949 968 3875 2713 967 1456 2740 951 1946 2784 967 2445 3831 969 3393 3834 950 3401 3881 949 2296 595 951 311 643 948 2794 645 951 2291 2979 950 3980 2978 947 310 2950 954 3674 1196 948 770 1197 947 2730 1249 954 3674 1196 952 3673 1157 946 1744 1158 949 972 2735 941 1454 2000 971 2448 2097 960 413 1609 959 2865 1626 971 2866 1402 971 2571 3943 959 1604 3788 961 2058 3800 960 1494 4250 962 3453 4249 961 2493 4041 970 2431 1016 961 956 1138 962 3399 1124 964 494 1035 934 1018 781 966 3446 780 965 1019 3799 969 1489 3798 972 3905 3700 934 40 3473 964 45 3702 925 43 3701 983 538 450 984 219 427 991 223 568 980 126 1286 979 96 1310 975 95 1046 994 2920 3618 989 3423 3644 977 987 3653 1000 62 605 977 539 604 973 536 391 981 606 3638 986 612 3584 988 3533 3608 983 1626 3640 988 3533 3608 987 4051 3620 984 4063 3642 987 4051 3620 985 3179 3617 994 2920 3618 996 920 3619 991 3361 3641 996 920 3619 995 3772 3607 992 361 3639 995 3772 3607 993 325 3583 990 1824 3637 973 3187 3654 982 1213 3643 985 3179 3617 977 2490 4385 1000 2490 4245 1002 2490 4248 991 223 568 984 219 427 982 544 422 1002 2364 3300 1001 403 3121 979 2365 3153 973 2215 4346 974 767 4442 999 1244 4441 982 544 422 973 536 391 977 539 604 979 97 3197 1001 97 3194 998 97 2938 975 669 4315 998 670 4185 999 2629 4121 980 563 3575 976 1304 3574 981 606 3638 981 526 464 983 538 450 992 529 555 1036 2415 3049 1034 2896 3053 1031 2415 3371 1038 3472 338 1037 3472 650 1036 3472 654 1035 2661 3211 1037 3152 3245 1038 1187 3249 1028 2520 829 1041 2987 822 1043 3950 1014 1027 1 660 1040 1 658 1041 2987 822 1048 4085 4186 1047 713 4188 1044 3156 4336 1047 1753 4190 1049 1764 4192 1046 1756 4340 1068 2903 3623 1050 2422 3681 1052 443 3679 1051 3140 268 1053 3140 176 1050 3140 178 1070 1029 1109 1069 819 1107 1058 3696 1221 1058 3696 1221 1056 3715 1304 1054 2744 1306 1054 2744 1306 1051 1 1223 1058 3696 1221 1052 2541 4237 1048 3507 4239 1045 590 4353 1054 2549 4375 1055 2549 4377 1053 2549 4427 1056 1928 3985 1057 1928 4053 1055 1928 4051 1057 1021 4371 1056 1021 4373 1058 1021 4423 1059 1917 2850 1058 1917 2789 1069 1917 2791 1064 1517 4196 1062 1501 4334 1061 1514 4332 1063 3852 4241 1062 1924 4243 1064 952 4357 1065 2273 4222 1063 297 4224 1066 287 4344 1061 2414 2916 1060 2419 2670 1042 3387 2718 1040 3621 3273 1027 2668 3275 1049 2158 3321 1039 2522 1017 1043 3950 1014 1069 819 1107 1128 3849 3050 1126 3849 3054 1123 1422 3372 1130 248 339 1129 248 651 1128 248 655 1127 4089 3212 1129 4088 3246 1130 1186 3250 1160 3151 3373 1163 3151 3055 1165 3151 3051 1167 2737 340 1162 1 336 1165 1263 656 1167 2897 3251 1166 2897 3247 1164 2897 3213 1173 823 1015 1171 817 823 1169 3248 830 1171 817 823 1170 1 659 1168 1257 661 1156 439 4337 1174 439 4189 1175 439 4187 1155 1982 4341 1176 1982 4193 1174 1982 4191 1197 1698 3624 1179 3620 3622 1180 4091 3680 1177 2409 179 1181 3841 177 1178 940 269 1186 3937 1222 1198 2233 1108 1199 1 1110 1199 1 1110 1178 1 1224 1186 3937 1222 1178 1 1224 1182 1996 1307 1186 3937 1222 1159 2778 4354 1175 2778 4240 1180 2778 4238 1181 2791 4428 1183 2287 4378 1182 1327 4376 1183 714 4052 1185 2159 4054 1184 1192 3986 1186 769 4424 1184 1246 4374 1185 768 4372 1198 701 2792 1186 701 2790 1187 701 2851 1192 1767 4197 1196 4159 4195 1189 1768 4333 1192 1692 4358 1190 1692 4244 1191 1692 4242 1195 2034 4345 1191 2034 4225 1194 2034 4223 1172 3148 2719 1188 2154 2671 1189 1691 2917 1170 2423 3274 1194 3390 3320 1176 2420 3322 1198 2233 1108 1173 823 1015 1157 3718 1018 1244 3151 3374 1247 3151 3056 1249 3151 3052 1251 3470 341 1246 3 337 1249 2983 657 1251 3386 3252 1250 3386 3248 1248 3386 3214 1638 3810 1069 1639 1892 1057 1637 1850 922 1638 3810 1069 1640 928 1143 1641 3822 1167 1640 928 1143 1642 2394 1311 1643 2393 1388 1644 1908 1524 1645 3350 1586 1643 2393 1388 1646 1392 1597 1647 2361 1639 1645 3350 1586 1648 879 1622 1649 3787 1723 1647 2361 1639 1648 879 1622 1650 1830 1624 1651 3768 1725 1650 1830 1624 1652 3237 1599 1653 1260 1641 1654 3992 1528 1655 1097 1584 1653 1260 1641 1654 3992 1528 1656 3549 1319 1657 1621 1390 1656 3549 1319 1658 1146 1151 1659 4040 1173 1658 1146 1151 1660 1676 1073 1661 1159 1059 1660 1676 1073 1662 3124 971 1663 3125 934 1664 2131 879 1665 3118 818 1663 3125 934 1666 3101 806 1667 662 714 1665 3118 818 1668 1627 760 1669 2075 624 1667 662 714 1670 2570 758 1671 3527 622 1669 2075 624 1670 2570 758 1632 6 804 1633 797 710 1636 2328 965 1637 1850 922 1635 2306 816 1676 3990 3552 1677 621 3492 1675 2053 3494 1678 4012 3550 1679 2092 3490 1677 621 3492 1680 3594 3548 1681 3115 3488 1679 2092 3490 1680 3594 3548 1682 1184 3546 1683 3147 3486 1684 3160 3544 1685 722 3484 1683 3147 3486 1684 3160 3544 1686 707 3542 1687 4082 3482 1688 4052 3536 1689 3114 3480 1687 4082 3482 1688 4052 3536 1690 3552 3534 1691 3068 3478 1692 2063 3540 1693 617 3476 1691 3068 3478 1673 2054 3538 1672 1092 3474 1693 617 3476 1467 3122 200 1466 2693 198 1667 1713 72 1667 1713 72 1466 2693 198 1465 3654 194 1661 3202 60 1710 750 190 1709 1714 188 1709 1714 188 1708 2631 186 1657 3597 48 1708 2631 186 1464 3526 182 1655 2597 46 1655 2597 46 1464 3526 182 1706 614 88 1653 3289 124 1706 1339 126 1705 2312 294 1651 2818 292 1705 2312 294 1704 2863 364 1704 2863 364 1703 969 489 1647 970 487 1647 970 487 1703 969 489 1702 478 590 1645 2943 588 1702 478 590 1701 520 794 1701 520 794 1700 1005 926 1641 2944 924 1700 1005 926 1699 458 1063 1639 3872 1061 1696 1605 202 1467 3122 200 1669 3097 76 1715 1256 2625 1675 230 3199 1677 3463 3189 1697 3298 1407 1694 1829 1607 1633 1340 1605 1510 3591 536 1678 681 618 1676 1620 616 1680 3164 620 1678 681 618 1510 3591 536 1714 2208 592 1686 752 636 1684 1747 634 1688 2692 638 1686 752 636 1711 3653 542 1671 623 70 1633 616 40 1694 1094 90 1698 927 1171 1637 2854 1169 1639 3872 1061 1692 2074 612 1690 1154 626 1695 1155 528 1673 3037 610 1509 3991 526 1696 3994 202 1674 3525 614 1706 2567 88 1464 2569 182 1695 1155 528 1690 1154 626 1688 2692 638 1663 2219 66 1665 4139 68 1504 2207 140 1505 1237 136 1661 3202 60 1663 2219 66 1682 4135 628 1680 3164 620 1511 733 538 1684 1747 634 1682 4135 628 1713 1236 584 1697 3298 1407 1635 3298 1405 1637 2854 1169 1634 1342 877 1635 2306 816 1633 797 710 1693 1784 2604 1672 34 2582 1677 3463 3189 1691 2243 2659 1693 1784 2604 1679 2509 3156 1691 2243 2659 1681 3474 3102 1683 2519 3024 1687 1804 2821 1689 2510 2738 1683 2519 3024 1889 2082 923 1891 3582 1058 1890 2114 1070 1890 2114 1070 1891 3582 1058 1893 3117 1168 1892 2130 1144 1893 3117 1168 1895 2134 1389 1895 2134 1389 1897 686 1587 1896 1675 1525 1897 686 1587 1899 3576 1640 1898 1145 1598 1899 3576 1640 1901 1113 1724 1900 3547 1623 1900 3547 1623 1901 1113 1724 1903 3998 1726 1902 3039 1625 1903 3998 1726 1905 3691 1642 1905 3691 1642 1907 3764 1585 1906 3763 1529 1906 3763 1529 1907 3764 1585 1909 1844 1391 1908 2824 1320 1909 1844 1391 1911 2847 1174 1910 1896 1152 1911 2847 1174 1913 2873 1060 1912 2877 1074 1913 2873 1060 1915 933 935 1915 933 935 1917 922 819 1916 3357 880 1917 922 819 1919 3806 715 1918 911 807 1919 3806 715 1921 2819 625 1920 1852 761 1921 2819 625 1923 1832 623 1922 858 759 1922 858 759 1923 1832 623 1885 527 711 1887 3997 817 1889 2082 923 1888 2598 966 1927 323 3495 1929 2806 3493 1928 2303 3553 1929 2806 3493 1931 1374 3491 1930 1849 3551 1931 1374 3491 1933 1399 3489 1932 2385 3549 1932 2385 3549 1933 1399 3489 1935 2895 3487 1935 2895 3487 1937 3864 3485 1936 446 3545 1936 446 3545 1937 3864 3485 1939 3383 3483 1939 3383 3483 1941 2869 3481 1940 1904 3537 1940 1904 3537 1941 2869 3481 1943 1857 3479 1943 1857 3479 1945 2302 3477 1944 341 3541 1945 1831 3477 1924 853 3475 1925 853 3539 1919 2914 73 1718 967 199 1719 2876 201 1919 2914 73 1917 3895 69 1717 1472 195 1913 1476 61 1911 457 55 1961 2446 189 1909 3352 49 1960 2366 187 1961 2446 189 1907 3303 47 1716 1343 183 1960 2366 187 1907 3303 47 1905 333 37 1958 854 89 1905 3036 125 1903 2599 293 1957 1609 295 1903 2599 293 1901 3107 363 1956 3108 365 1899 2691 488 1955 2691 490 1956 3108 365 1899 2691 488 1897 4145 589 1954 2711 591 1897 4145 589 1895 778 793 1953 788 795 1893 4144 925 1952 2712 927 1953 788 795 1891 3639 1062 1951 3638 1064 1952 2712 927 1921 2853 77 1719 2876 201 1948 3765 203 1929 3916 3190 1927 57 3200 1967 2979 2626 1885 3989 1606 1946 616 1608 1949 3051 1408 1762 410 537 1959 3762 535 1928 354 617 1762 410 537 1930 2382 619 1932 2442 621 1966 2945 593 1964 500 587 1936 1492 635 1963 2463 543 1938 2470 637 1940 3413 639 1923 2315 71 1948 3765 203 1946 334 91 1891 3639 1062 1889 2632 1170 1950 688 1172 1947 1901 529 1942 3820 627 1944 876 613 1925 332 611 1946 3760 91 1948 336 203 1716 1343 183 1958 854 89 1926 331 615 1947 1901 529 1765 968 533 1940 3413 639 1915 1975 67 1755 499 139 1756 1010 141 1757 3901 137 1755 499 139 1915 1975 67 1763 3876 539 1932 2442 621 1934 477 629 1936 1492 635 1964 500 587 1965 2484 585 1889 2632 1170 1887 2582 1406 1949 3051 1408 1885 527 711 1887 3997 817 1886 1602 878 1945 1532 2605 1931 2241 3157 1929 243 3190 1943 3923 2660 1933 1267 3103 1931 2241 3157 1935 2254 3025 1933 1267 3103 1943 3923 2660 1939 1058 2822 1937 2759 2946 1935 2254 3025</p>
        </triangles>
      </mesh>
    </geometry>
  </library_geometries>
  <library_controllers>
    <controller id="char_heavytoolController">
      <skin source="#char_heavytool-lib">
        <bind_shape_matrix>0.000000 -0.000000 0.010000 0.000000 0.000000 0.010000 0.000000 0.000000 -0.010000 -0.000000 0.000000 0.000000 0.000000 0.000000 0.000000 1.000000
        </bind_shape_matrix>
        <source id="char_heavytoolController-Joints">
          <Name_array id="char_heavytoolController-Joints-array" count="2">
 jnt_right_weapon root_item</Name_array>
          <technique_common>
            <accessor source="#char_heavytoolController-Joints-array" count="2">
              <param type="name"/>
            </accessor>
          </technique_common>
        </source>
        <source id="char_heavytoolController-Matrices">
          <float_array id="char_heavytoolController-Matrices-array" count="32">

100.000002 -0.000000 0.000000 -0.000000 -0.000000 100.000002 -0.000008 -0.000000 -0.000000 0.000008 100.000002 -0.000000 0.000000 0.000000 0.000000 1.000000
100.000002 -0.000000 0.000000 -0.000000 -0.000000 100.000002 -0.000008 -0.000000 -0.000000 0.000008 100.000002 -0.000000 0.000000 0.000000 0.000000 1.000000</float_array>
          <technique_common>
            <accessor source="#char_heavytoolController-Matrices-array" count="2" stride="16">
              <param type="float4x4"/>
            </accessor>
          </technique_common>
        </source>
        <source id="char_heavytoolController-Weights">
          <float_array id="char_heavytoolController-Weights-array" count="1969">

1.000000 1.000000 1.000000 1.000000 1.000000 1.000000 1.000000 1.000000 1.000000 1.000000 1.000000 1.000000 1.000000 1.000000 1.000000 1.000000
1.000000 1.000000 1.000000 1.000000 1.000000 1.000000 1.000000 1.000000 1.000000 1.000000 1.000000 1.000000 1.000000 1.000000 1.000000 1.000000
1.000000 1.000000 1.000000 1.000000 1.000000 1.000000 1.000000 1.000000 1.000000 1.000000 1.000000 1.000000 1.000000 1.000000 1.000000 1.000000
1.000000 1.000000 1.000000 1.000000 1.000000 1.000000 1.000000 1.000000 1.000000 1.000000 1.000000 1.000000 1.000000 1.000000 1.000000 1.000000
1.000000 1.000000 1.000000 1.000000 1.000000 1.000000 1.000000 1.000000 1.000000 1.000000 1.000000 1.000000 1.000000 1.000000 1.000000 1.000000
1.000000 1.000000 1.000000 1.000000 1.000000 1.000000 1.000000 1.000000 1.000000 1.000000 1.000000 1.000000 1.000000 1.000000 1.000000 1.000000
1.000000 1.000000 1.000000 1.000000 1.000000 1.000000 1.000000 1.000000 1.000000 1.000000 1.000000 1.000000 1.000000 1.000000 1.000000 1.000000
1.000000 1.000000 1.000000 1.000000 1.000000 1.000000 1.000000 1.000000 1.000000 1.000000 1.000000 1.000000 1.000000 1.000000 1.000000 1.000000
1.000000 1.000000 1.000000 1.000000 1.000000 1.000000 1.000000 1.000000 1.000000 1.000000 1.000000 1.000000 1.000000 1.000000 1.000000 1.000000
1.000000 1.000000 1.000000 1.000000 1.000000 1.000000 1.000000 1.000000 1.000000 1.000000 1.000000 1.000000 1.000000 1.000000 1.000000 1.000000
1.000000 1.000000 1.000000 1.000000 1.000000 1.000000 1.000000 1.000000 1.000000 1.000000 1.000000 1.000000 1.000000 1.000000 1.000000 1.000000
1.000000 1.000000 1.000000 1.000000 1.000000 1.000000 1.000000 1.000000 1.000000 1.000000 1.000000 1.000000 1.000000 1.000000 1.000000 1.000000
1.000000 1.000000 1.000000 1.000000 1.000000 1.000000 1.000000 1.000000 1.000000 1.000000 1.000000 1.000000 1.000000 1.000000 1.000000 1.000000
1.000000 1.000000 1.000000 1.000000 1.000000 1.000000 1.000000 1.000000 1.000000 1.000000 1.000000 1.000000 1.000000 1.000000 1.000000 1.000000
1.000000 1.000000 1.000000 1.000000 1.000000 1.000000 1.000000 1.000000 1.000000 1.000000 1.000000 1.000000 1.000000 1.000000 1.000000 1.000000
1.000000 1.000000 1.000000 1.000000 1.000000 1.000000 1.000000 1.000000 1.000000 1.000000 1.000000 1.000000 1.000000 1.000000 1.000000 1.000000
1.000000 1.000000 1.000000 1.000000 1.000000 1.000000 1.000000 1.000000 1.000000 1.000000 1.000000 1.000000 1.000000 1.000000 1.000000 1.000000
1.000000 1.000000 1.000000 1.000000 1.000000 1.000000 1.000000 1.000000 1.000000 1.000000 1.000000 1.000000 1.000000 1.000000 1.000000 1.000000
1.000000 1.000000 1.000000 1.000000 1.000000 1.000000 1.000000 1.000000 1.000000 1.000000 1.000000 1.000000 1.000000 1.000000 1.000000 1.000000
1.000000 1.000000 1.000000 1.000000 1.000000 1.000000 1.000000 1.000000 1.000000 1.000000 1.000000 1.000000 1.000000 1.000000 1.000000 1.000000
1.000000 1.000000 1.000000 1.000000 1.000000 1.000000 1.000000 1.000000 1.000000 1.000000 1.000000 1.000000 1.000000 1.000000 1.000000 1.000000
1.000000 1.000000 1.000000 1.000000 1.000000 1.000000 1.000000 1.000000 1.000000 1.000000 1.000000 1.000000 1.000000 1.000000 1.000000 1.000000
1.000000 1.000000 1.000000 1.000000 1.000000 1.000000 1.000000 1.000000 1.000000 1.000000 1.000000 1.000000 1.000000 1.000000 1.000000 1.000000
1.000000 1.000000 1.000000 1.000000 1.000000 1.000000 1.000000 1.000000 1.000000 1.000000 1.000000 1.000000 1.000000 1.000000 1.000000 1.000000
1.000000 1.000000 1.000000 1.000000 1.000000 1.000000 1.000000 1.000000 1.000000 1.000000 1.000000 1.000000 1.000000 1.000000 1.000000 1.000000
1.000000 1.000000 1.000000 1.000000 1.000000 1.000000 1.000000 1.000000 1.000000 1.000000 1.000000 1.000000 1.000000 1.000000 1.000000 1.000000
1.000000 1.000000 1.000000 1.000000 1.000000 1.000000 1.000000 1.000000 1.000000 1.000000 1.000000 1.000000 1.000000 1.000000 1.000000 1.000000
1.000000 1.000000 1.000000 1.000000 1.000000 1.000000 1.000000 1.000000 1.000000 1.000000 1.000000 1.000000 1.000000 1.000000 1.000000 1.000000
1.000000 1.000000 1.000000 1.000000 1.000000 1.000000 1.000000 1.000000 1.000000 1.000000 1.000000 1.000000 1.000000 1.000000 1.000000 1.000000
1.000000 1.000000 1.000000 1.000000 1.000000 1.000000 1.000000 1.000000 1.000000 1.000000 1.000000 1.000000 1.000000 1.000000 1.000000 1.000000
1.000000 1.000000 1.000000 1.000000 1.000000 1.000000 1.000000 1.000000 1.000000 1.000000 1.000000 1.000000 1.000000 1.000000 1.000000 1.000000
1.000000 1.000000 1.000000 1.000000 1.000000 1.000000 1.000000 1.000000 1.000000 1.000000 1.000000 1.000000 1.000000 1.000000 1.000000 1.000000
1.000000 1.000000 1.000000 1.000000 1.000000 1.000000 1.000000 1.000000 1.000000 1.000000 1.000000 1.000000 1.000000 1.000000 1.000000 1.000000
1.000000 1.000000 1.000000 1.000000 1.000000 1.000000 1.000000 1.000000 1.000000 1.000000 1.000000 1.000000 1.000000 1.000000 1.000000 1.000000
1.000000 1.000000 1.000000 1.000000 1.000000 1.000000 1.000000 1.000000 1.000000 1.000000 1.000000 1.000000 1.000000 1.000000 1.000000 1.000000
1.000000 1.000000 1.000000 1.000000 1.000000 1.000000 1.000000 1.000000 1.000000 1.000000 1.000000 1.000000 1.000000 1.000000 1.000000 1.000000
1.000000 1.000000 1.000000 1.000000 1.000000 1.000000 1.000000 1.000000 1.000000 1.000000 1.000000 1.000000 1.000000 1.000000 1.000000 1.000000
1.000000 1.000000 1.000000 1.000000 1.000000 1.000000 1.000000 1.000000 1.000000 1.000000 1.000000 1.000000 1.000000 1.000000 1.000000 1.000000
1.000000 1.000000 1.000000 1.000000 1.000000 1.000000 1.000000 1.000000 1.000000 1.000000 1.000000 1.000000 1.000000 1.000000 1.000000 1.000000
1.000000 1.000000 1.000000 1.000000 1.000000 1.000000 1.000000 1.000000 1.000000 1.000000 1.000000 1.000000 1.000000 1.000000 1.000000 1.000000
1.000000 1.000000 1.000000 1.000000 1.000000 1.000000 1.000000 1.000000 1.000000 1.000000 1.000000 1.000000 1.000000 1.000000 1.000000 1.000000
1.000000 1.000000 1.000000 1.000000 1.000000 1.000000 1.000000 1.000000 1.000000 1.000000 1.000000 1.000000 1.000000 1.000000 1.000000 1.000000
1.000000 1.000000 1.000000 1.000000 1.000000 1.000000 1.000000 1.000000 1.000000 1.000000 1.000000 1.000000 1.000000 1.000000 1.000000 1.000000
1.000000 1.000000 1.000000 1.000000 1.000000 1.000000 1.000000 1.000000 1.000000 1.000000 1.000000 1.000000 1.000000 1.000000 1.000000 1.000000
1.000000 1.000000 1.000000 1.000000 1.000000 1.000000 1.000000 1.000000 1.000000 1.000000 1.000000 1.000000 1.000000 1.000000 1.000000 1.000000
1.000000 1.000000 1.000000 1.000000 1.000000 1.000000 1.000000 1.000000 1.000000 1.000000 1.000000 1.000000 1.000000 1.000000 1.000000 1.000000
1.000000 1.000000 1.000000 1.000000 1.000000 1.000000 1.000000 1.000000 1.000000 1.000000 1.000000 1.000000 1.000000 1.000000 1.000000 1.000000
1.000000 1.000000 1.000000 1.000000 1.000000 1.000000 1.000000 1.000000 1.000000 1.000000 1.000000 1.000000 1.000000 1.000000 1.000000 1.000000
1.000000 1.000000 1.000000 1.000000 1.000000 1.000000 1.000000 1.000000 1.000000 1.000000 1.000000 1.000000 1.000000 1.000000 1.000000 1.000000
1.000000 1.000000 1.000000 1.000000 1.000000 1.000000 1.000000 1.000000 1.000000 1.000000 1.000000 1.000000 1.000000 1.000000 1.000000 1.000000
1.000000 1.000000 1.000000 1.000000 1.000000 1.000000 1.000000 1.000000 1.000000 1.000000 1.000000 1.000000 1.000000 1.000000 1.000000 1.000000
1.000000 1.000000 1.000000 1.000000 1.000000 1.000000 1.000000 1.000000 1.000000 1.000000 1.000000 1.000000 1.000000 1.000000 1.000000 1.000000
1.000000 1.000000 1.000000 1.000000 1.000000 1.000000 1.000000 1.000000 1.000000 1.000000 1.000000 1.000000 1.000000 1.000000 1.000000 1.000000
1.000000 1.000000 1.000000 1.000000 1.000000 1.000000 1.000000 1.000000 1.000000 1.000000 1.000000 1.000000 1.000000 1.000000 1.000000 1.000000
1.000000 1.000000 1.000000 1.000000 1.000000 1.000000 1.000000 1.000000 1.000000 1.000000 1.000000 1.000000 1.000000 1.000000 1.000000 1.000000
1.000000 1.000000 1.000000 1.000000 1.000000 1.000000 1.000000 1.000000 1.000000 1.000000 1.000000 1.000000 1.000000 1.000000 1.000000 1.000000
1.000000 1.000000 1.000000 1.000000 1.000000 1.000000 1.000000 1.000000 1.000000 1.000000 1.000000 1.000000 1.000000 1.000000 1.000000 1.000000
1.000000 1.000000 1.000000 1.000000 1.000000 1.000000 1.000000 1.000000 1.000000 1.000000 1.000000 1.000000 1.000000 1.000000 1.000000 1.000000
1.000000 1.000000 1.000000 1.000000 1.000000 1.000000 1.000000 1.000000 1.000000 1.000000 1.000000 1.000000 1.000000 1.000000 1.000000 1.000000
1.000000 1.000000 1.000000 1.000000 1.000000 1.000000 1.000000 1.000000 1.000000 1.000000 1.000000 1.000000 1.000000 1.000000 1.000000 1.000000
1.000000 1.000000 1.000000 1.000000 1.000000 1.000000 1.000000 1.000000 1.000000 1.000000 1.000000 1.000000 1.000000 1.000000 1.000000 1.000000
1.000000 1.000000 1.000000 1.000000 1.000000 1.000000 1.000000 1.000000 1.000000 1.000000 1.000000 1.000000 1.000000 1.000000 1.000000 1.000000
1.000000 1.000000 1.000000 1.000000 1.000000 1.000000 1.000000 1.000000 1.000000 1.000000 1.000000 1.000000 1.000000 1.000000 1.000000 1.000000
1.000000 1.000000 1.000000 1.000000 1.000000 1.000000 1.000000 1.000000 1.000000 1.000000 1.000000 1.000000 1.000000 1.000000 1.000000 1.000000
1.000000 1.000000 1.000000 1.000000 1.000000 1.000000 1.000000 1.000000 1.000000 1.000000 1.000000 1.000000 1.000000 1.000000 1.000000 1.000000
1.000000 1.000000 1.000000 1.000000 1.000000 1.000000 1.000000 1.000000 1.000000 1.000000 1.000000 1.000000 1.000000 1.000000 1.000000 1.000000
1.000000 1.000000 1.000000 1.000000 1.000000 1.000000 1.000000 1.000000 1.000000 1.000000 1.000000 1.000000 1.000000 1.000000 1.000000 1.000000
1.000000 1.000000 1.000000 1.000000 1.000000 1.000000 1.000000 1.000000 1.000000 1.000000 1.000000 1.000000 1.000000 1.000000 1.000000 1.000000
1.000000 1.000000 1.000000 1.000000 1.000000 1.000000 1.000000 1.000000 1.000000 1.000000 1.000000 1.000000 1.000000 1.000000 1.000000 1.000000
1.000000 1.000000 1.000000 1.000000 1.000000 1.000000 1.000000 1.000000 1.000000 1.000000 1.000000 1.000000 1.000000 1.000000 1.000000 1.000000
1.000000 1.000000 1.000000 1.000000 1.000000 1.000000 1.000000 1.000000 1.000000 1.000000 1.000000 1.000000 1.000000 1.000000 1.000000 1.000000
1.000000 1.000000 1.000000 1.000000 1.000000 1.000000 1.000000 1.000000 1.000000 1.000000 1.000000 1.000000 1.000000 1.000000 1.000000 1.000000
1.000000 1.000000 1.000000 1.000000 1.000000 1.000000 1.000000 1.000000 1.000000 1.000000 1.000000 1.000000 1.000000 1.000000 1.000000 1.000000
1.000000 1.000000 1.000000 1.000000 1.000000 1.000000 1.000000 1.000000 1.000000 1.000000 1.000000 1.000000 1.000000 1.000000 1.000000 1.000000
1.000000 1.000000 1.000000 1.000000 1.000000 1.000000 1.000000 1.000000 1.000000 1.000000 1.000000 1.000000 1.000000 1.000000 1.000000 1.000000
1.000000 1.000000 1.000000 1.000000 1.000000 1.000000 1.000000 1.000000 1.000000 1.000000 1.000000 1.000000 1.000000 1.000000 1.000000 1.000000
1.000000 1.000000 1.000000 1.000000 1.000000 1.000000 1.000000 1.000000 1.000000 1.000000 1.000000 1.000000 1.000000 1.000000 1.000000 1.000000
1.000000 1.000000 1.000000 1.000000 1.000000 1.000000 1.000000 1.000000 1.000000 1.000000 1.000000 1.000000 1.000000 1.000000 1.000000 1.000000
1.000000 1.000000 1.000000 1.000000 1.000000 1.000000 1.000000 1.000000 1.000000 1.000000 1.000000 1.000000 1.000000 1.000000 1.000000 1.000000
1.000000 1.000000 1.000000 1.000000 1.000000 1.000000 1.000000 1.000000 1.000000 1.000000 1.000000 1.000000 1.000000 1.000000 1.000000 1.000000
1.000000 1.000000 1.000000 1.000000 1.000000 1.000000 1.000000 1.000000 1.000000 1.000000 1.000000 1.000000 1.000000 1.000000 1.000000 1.000000
1.000000 1.000000 1.000000 1.000000 1.000000 1.000000 1.000000 1.000000 1.000000 1.000000 1.000000 1.000000 1.000000 1.000000 1.000000 1.000000
1.000000 1.000000 1.000000 1.000000 1.000000 1.000000 1.000000 1.000000 1.000000 1.000000 1.000000 1.000000 1.000000 1.000000 1.000000 1.000000
1.000000 1.000000 1.000000 1.000000 1.000000 1.000000 1.000000 1.000000 1.000000 1.000000 1.000000 1.000000 1.000000 1.000000 1.000000 1.000000
1.000000 1.000000 1.000000 1.000000 1.000000 1.000000 1.000000 1.000000 1.000000 1.000000 1.000000 1.000000 1.000000 1.000000 1.000000 1.000000
1.000000 1.000000 1.000000 1.000000 1.000000 1.000000 1.000000 1.000000 1.000000 1.000000 1.000000 1.000000 1.000000 1.000000 1.000000 1.000000
1.000000 1.000000 1.000000 1.000000 1.000000 1.000000 1.000000 1.000000 1.000000 1.000000 1.000000 1.000000 1.000000 1.000000 1.000000 1.000000
1.000000 1.000000 1.000000 1.000000 1.000000 1.000000 1.000000 1.000000 1.000000 1.000000 1.000000 1.000000 1.000000 1.000000 1.000000 1.000000
1.000000 1.000000 1.000000 1.000000 1.000000 1.000000 1.000000 1.000000 1.000000 1.000000 1.000000 1.000000 1.000000 1.000000 1.000000 1.000000
1.000000 1.000000 1.000000 1.000000 1.000000 1.000000 1.000000 1.000000 1.000000 1.000000 1.000000 1.000000 1.000000 1.000000 1.000000 1.000000
1.000000 1.000000 1.000000 1.000000 1.000000 1.000000 1.000000 1.000000 1.000000 1.000000 1.000000 1.000000 1.000000 1.000000 1.000000 1.000000
1.000000 1.000000 1.000000 1.000000 1.000000 1.000000 1.000000 1.000000 1.000000 1.000000 1.000000 1.000000 1.000000 1.000000 1.000000 1.000000
1.000000 1.000000 1.000000 1.000000 1.000000 1.000000 1.000000 1.000000 1.000000 1.000000 1.000000 1.000000 1.000000 1.000000 1.000000 1.000000
1.000000 1.000000 1.000000 1.000000 1.000000 1.000000 1.000000 1.000000 1.000000 1.000000 1.000000 1.000000 1.000000 1.000000 1.000000 1.000000
1.000000 1.000000 1.000000 1.000000 1.000000 1.000000 1.000000 1.000000 1.000000 1.000000 1.000000 1.000000 1.000000 1.000000 1.000000 1.000000
1.000000 1.000000 1.000000 1.000000 1.000000 1.000000 1.000000 1.000000 1.000000 1.000000 1.000000 1.000000 1.000000 1.000000 1.000000 1.000000
1.000000 1.000000 1.000000 1.000000 1.000000 1.000000 1.000000 1.000000 1.000000 1.000000 1.000000 1.000000 1.000000 1.000000 1.000000 1.000000
1.000000 1.000000 1.000000 1.000000 1.000000 1.000000 1.000000 1.000000 1.000000 1.000000 1.000000 1.000000 1.000000 1.000000 1.000000 1.000000
1.000000 1.000000 1.000000 1.000000 1.000000 1.000000 1.000000 1.000000 1.000000 1.000000 1.000000 1.000000 1.000000 1.000000 1.000000 1.000000
1.000000 1.000000 1.000000 1.000000 1.000000 1.000000 1.000000 1.000000 1.000000 1.000000 1.000000 1.000000 1.000000 1.000000 1.000000 1.000000
1.000000 1.000000 1.000000 1.000000 1.000000 1.000000 1.000000 1.000000 1.000000 1.000000 1.000000 1.000000 1.000000 1.000000 1.000000 1.000000
1.000000 1.000000 1.000000 1.000000 1.000000 1.000000 1.000000 1.000000 1.000000 1.000000 1.000000 1.000000 1.000000 1.000000 1.000000 1.000000
1.000000 1.000000 1.000000 1.000000 1.000000 1.000000 1.000000 1.000000 1.000000 1.000000 1.000000 1.000000 1.000000 1.000000 1.000000 1.000000
1.000000 1.000000 1.000000 1.000000 1.000000 1.000000 1.000000 1.000000 1.000000 1.000000 1.000000 1.000000 1.000000 1.000000 1.000000 1.000000
1.000000 1.000000 1.000000 1.000000 1.000000 1.000000 1.000000 1.000000 1.000000 1.000000 1.000000 1.000000 1.000000 1.000000 1.000000 1.000000
1.000000 1.000000 1.000000 1.000000 1.000000 1.000000 1.000000 1.000000 1.000000 1.000000 1.000000 1.000000 1.000000 1.000000 1.000000 1.000000
1.000000 1.000000 1.000000 1.000000 1.000000 1.000000 1.000000 1.000000 1.000000 1.000000 1.000000 1.000000 1.000000 1.000000 1.000000 1.000000
1.000000 1.000000 1.000000 1.000000 1.000000 1.000000 1.000000 1.000000 1.000000 1.000000 1.000000 1.000000 1.000000 1.000000 1.000000 1.000000
1.000000 1.000000 1.000000 1.000000 1.000000 1.000000 1.000000 1.000000 1.000000 1.000000 1.000000 1.000000 1.000000 1.000000 1.000000 1.000000
1.000000 1.000000 1.000000 1.000000 1.000000 1.000000 1.000000 1.000000 1.000000 1.000000 1.000000 1.000000 1.000000 1.000000 1.000000 1.000000
1.000000 1.000000 1.000000 1.000000 1.000000 1.000000 1.000000 1.000000 1.000000 1.000000 1.000000 1.000000 1.000000 1.000000 1.000000 1.000000
1.000000 1.000000 1.000000 1.000000 1.000000 1.000000 1.000000 1.000000 1.000000 1.000000 1.000000 1.000000 1.000000 1.000000 1.000000 1.000000
1.000000 1.000000 1.000000 1.000000 1.000000 1.000000 1.000000 1.000000 1.000000 1.000000 1.000000 1.000000 1.000000 1.000000 1.000000 1.000000
1.000000 1.000000 1.000000 1.000000 1.000000 1.000000 1.000000 1.000000 1.000000 1.000000 1.000000 1.000000 1.000000 1.000000 1.000000 1.000000
1.000000 1.000000 1.000000 1.000000 1.000000 1.000000 1.000000 1.000000 1.000000 1.000000 1.000000 1.000000 1.000000 1.000000 1.000000 1.000000
1.000000 1.000000 1.000000 1.000000 1.000000 1.000000 1.000000 1.000000 1.000000 1.000000 1.000000 1.000000 1.000000 1.000000 1.000000 1.000000
1.000000 1.000000 1.000000 1.000000 1.000000 1.000000 1.000000 1.000000 1.000000 1.000000 1.000000 1.000000 1.000000 1.000000 1.000000 1.000000
1.000000 1.000000 1.000000 1.000000 1.000000 1.000000 1.000000 1.000000 1.000000 1.000000 1.000000 1.000000 1.000000 1.000000 1.000000 1.000000
1.000000 1.000000 1.000000 1.000000 1.000000 1.000000 1.000000 1.000000 1.000000 1.000000 1.000000 1.000000 1.000000 1.000000 1.000000 1.000000
1.000000 1.000000 1.000000 1.000000 1.000000 1.000000 1.000000 1.000000 1.000000 1.000000 1.000000 1.000000 1.000000 1.000000 1.000000 1.000000
1.000000 1.000000 1.000000 1.000000 1.000000 1.000000 1.000000 1.000000 1.000000 1.000000 1.000000 1.000000 1.000000 1.000000 1.000000 1.000000
1.000000 1.000000 1.000000 1.000000 1.000000 1.000000 1.000000 1.000000 1.000000 1.000000 1.000000 1.000000 1.000000 1.000000 1.000000 1.000000
1.000000 1.000000 1.000000 1.000000 1.000000 1.000000 1.000000 1.000000 1.000000 1.000000 1.000000 1.000000 1.000000 1.000000 1.000000 1.000000
1.000000</float_array>
          <technique_common>
            <accessor source="#char_heavytoolController-Weights-array" count="1969">
              <param type="float"/>
            </accessor>
          </technique_common>
        </source>
        <joints>
          <input semantic="JOINT" source="#char_heavytoolController-Joints"/>
          <input semantic="INV_BIND_MATRIX" source="#char_heavytoolController-Matrices"/>
        </joints>
        <vertex_weights count="1968">
          <input semantic="JOINT" offset="0" source="#char_heavytoolController-Joints"/>
          <input semantic="WEIGHT" offset="1" source="#char_heavytoolController-Weights"/>
          <vcount>1 1 1 1 1 1 1 1 1 1 1 1 1 1 1 1 1 1 1 1 1 1 1 1 1 1 1 1 1 1 1 1 1 1 1 1 1 1 1 1 1 1 1 1 1 1 1 1 1 1 1 1 1 1 1 1 1 1 1 1 1 1 1 1 1 1 1 1 1 1 1 1 1 1 1 1 1 1 1 1 1 1 1 1 1 1 1 1 1 1 1 1 1 1 1 1 1 1 1 1 1 1 1 1 1 1 1 1 1 1 1 1 1 1 1 1 1 1 1 1 1 1 1 1 1 1 1 1 1 1 1 1 1 1 1 1 1 1 1 1 1 1 1 1 1 1 1 1 1 1 1 1 1 1 1 1 1 1 1 1 1 1 1 1 1 1 1 1 1 1 1 1 1 1 1 1 1 1 1 1 1 1 1 1 1 1 1 1 1 1 1 1 1 1 1 1 1 1 1 1 1 1 1 1 1 1 1 1 1 1 1 1 1 1 1 1 1 1 1 1 1 1 1 1 1 1 1 1 1 1 1 1 1 1 1 1 1 1 1 1 1 1 1 1 1 1 1 1 1 1 1 1 1 1 1 1 1 1 1 1 1 1 1 1 1 1 1 1 1 1 1 1 1 1 1 1 1 1 1 1 1 1 1 1 1 1 1 1 1 1 1 1 1 1 1 1 1 1 1 1 1 1 1 1 1 1 1 1 1 1 1 1 1 1 1 1 1 1 1 1 1 1 1 1 1 1 1 1 1 1 1 1 1 1 1 1 1 1 1 1 1 1 1 1 1 1 1 1 1 1 1 1 1 1 1 1 1 1 1 1 1 1 1 1 1 1 1 1 1 1 1 1 1 1 1 1 1 1 1 1 1 1 1 1 1 1 1 1 1 1 1 1 1 1 1 1 1 1 1 1 1 1 1 1 1 1 1 1 1 1 1 1 1 1 1 1 1 1 1 1 1 1 1 1 1 1 1 1 1 1 1 1 1 1 1 1 1 1 1 1 1 1 1 1 1 1 1 1 1 1 1 1 1 1 1 1 1 1 1 1 1 1 1 1 1 1 1 1 1 1 1 1 1 1 1 1 1 1 1 1 1 1 1 1 1 1 1 1 1 1 1 1 1 1 1 1 1 1 1 1 1 1 1 1 1 1 1 1 1 1 1 1 1 1 1 1 1 1 1 1 1 1 1 1 1 1 1 1 1 1 1 1 1 1 1 1 1 1 1 1 1 1 1 1 1 1 1 1 1 1 1 1 1 1 1 1 1 1 1 1 1 1 1 1 1 1 1 1 1 1 1 1 1 1 1 1 1 1 1 1 1 1 1 1 1 1 1 1 1 1 1 1 1 1 1 1 1 1 1 1 1 1 1 1 1 1 1 1 1 1 1 1 1 1 1 1 1 1 1 1 1 1 1 1 1 1 1 1 1 1 1 1 1 1 1 1 1 1 1 1 1 1 1 1 1 1 1 1 1 1 1 1 1 1 1 1 1 1 1 1 1 1 1 1 1 1 1 1 1 1 1 1 1 1 1 1 1 1 1 1 1 1 1 1 1 1 1 1 1 1 1 1 1 1 1 1 1 1 1 1 1 1 1 1 1 1 1 1 1 1 1 1 1 1 1 1 1 1 1 1 1 1 1 1 1 1 1 1 1 1 1 1 1 1 1 1 1 1 1 1 1 1 1 1 1 1 1 1 1 1 1 1 1 1 1 1 1 1 1 1 1 1 1 1 1 1 1 1 1 1 1 1 1 1 1 1 1 1 1 1 1 1 1 1 1 1 1 1 1 1 1 1 1 1 1 1 1 1 1 1 1 1 1 1 1 1 1 1 1 1 1 1 1 1 1 1 1 1 1 1 1 1 1 1 1 1 1 1 1 1 1 1 1 1 1 1 1 1 1 1 1 1 1 1 1 1 1 1 1 1 1 1 1 1 1 1 1 1 1 1 1 1 1 1 1 1 1 1 1 1 1 1 1 1 1 1 1 1 1 1 1 1 1 1 1 1 1 1 1 1 1 1 1 1 1 1 1 1 1 1 1 1 1 1 1 1 1 1 1 1 1 1 1 1 1 1 1 1 1 1 1 1 1 1 1 1 1 1 1 1 1 1 1 1 1 1 1 1 1 1 1 1 1 1 1 1 1 1 1 1 1 1 1 1 1 1 1 1 1 1 1 1 1 1 1 1 1 1 1 1 1 1 1 1 1 1 1 1 1 1 1 1 1 1 1 1 1 1 1 1 1 1 1 1 1 1 1 1 1 1 1 1 1 1 1 1 1 1 1 1 1 1 1 1 1 1 1 1 1 1 1 1 1 1 1 1 1 1 1 1 1 1 1 1 1 1 1 1 1 1 1 1 1 1 1 1 1 1 1 1 1 1 1 1 1 1 1 1 1 1 1 1 1 1 1 1 1 1 1 1 1 1 1 1 1 1 1 1 1 1 1 1 1 1 1 1 1 1 1 1 1 1 1 1 1 1 1 1 1 1 1 1 1 1 1 1 1 1 1 1 1 1 1 1 1 1 1 1 1 1 1 1 1 1 1 1 1 1 1 1 1 1 1 1 1 1 1 1 1 1 1 1 1 1 1 1 1 1 1 1 1 1 1 1 1 1 1 1 1 1 1 1 1 1 1 1 1 1 1 1 1 1 1 1 1 1 1 1 1 1 1 1 1 1 1 1 1 1 1 1 1 1 1 1 1 1 1 1 1 1 1 1 1 1 1 1 1 1 1 1 1 1 1 1 1 1 1 1 1 1 1 1 1 1 1 1 1 1 1 1 1 1 1 1 1 1 1 1 1 1 1 1 1 1 1 1 1 1 1 1 1 1 1 1 1 1 1 1 1 1 1 1 1 1 1 1 1 1 1 1 1 1 1 1 1 1 1 1 1 1 1 1 1 1 1 1 1 1 1 1 1 1 1 1 1 1 1 1 1 1 1 1 1 1 1 1 1 1 1 1 1 1 1 1 1 1 1 1 1 1 1 1 1 1 1 1 1 1 1 1 1 1 1 1 1 1 1 1 1 1 1 1 1 1 1 1 1 1 1 1 1 1 1 1 1 1 1 1 1 1 1 1 1 1 1 1 1 1 1 1 1 1 1 1 1 1 1 1 1 1 1 1 1 1 1 1 1 1 1 1 1 1 1 1 1 1 1 1 1 1 1 1 1 1 1 1 1 1 1 1 1 1 1 1 1 1 1 1 1 1 1 1 1 1 1 1 1 1 1 1 1 1 1 1 1 1 1 1 1 1 1 1 1 1 1 1 1 1 1 1 1 1 1 1 1 1 1 1 1 1 1 1 1 1 1 1 1 1 1 1 1 1 1 1 1 1 1 1 1 1 1 1 1 1 1 1 1 1 1 1 1 1 1 1 1 1 1 1 1 1 1 1 1 1 1 1 1 1 1 1 1 1 1 1 1 1 1 1 1 1 1 1 1 1 1 1 1 1 1 1 1 1 1 1 1 1 1 1 1 1 1 1 1 1 1 1 1 1 1 1 1 1 1 1 1 1 1 1 1 1 1 1 1 1 1 1 1 1 1 1 1 1 1 1 1 1 1 1 1 1 1 1 1 1 1 1 1 1 1 1 1 1 1 1 1 1 1 1 1 1 1 1 1 1 1 1 1 1 1 1 1 1 1 1 1 1 1 1 1 1 1 1 1 1 1 1 1 1 1 1 1 1 1 1 1 1 1 1 1 1 1 1 1 1 1 1 1 1 1 1 1 1 1 1 1 1 1 1 1 1 1 1 1 1 1 1 1 1 1 1 1 1 1 1 1 1 1 1 1 1 1 1 1 1 1 1 1 1 1 1 1 1 1 1 1 1 1 1 1 1 1 1 1 1 1 1 1 1 1 1 1 1 1 1 1 1 1 1 1 1 1 1 1 1 1 1 1 1 1 1 1 1 1 1 1 1 1 1 1 1 1 1 1 1 1 1 1 1 1 1 1 1 1 1 1 1 1 1 1 1 1 1 1 1 1 1 1 1 1 1 1 1 1 1 1 1 1 1 1 1 1 1 1 1 1 1 1 1 1 1 1 1 1 1 1 1 1 1 1 1 1 1 1 1 1 1 1 1 1 1 1 1 1 1 1 1 1 1 1 1 1 1 1 1 1 1 1 1 1 1 1 1 1 1 1 1 1 1 1 1 1 1 1 1 1 1 1 1 1 1 1 1 1 1 1 1 1 1 1 1 1 1 1 1 1 1 1 1 1 1 1 1 1 1 1 1 1 1 1 1 1 1 1 1 1 1 1 1 1 1 1 1 1 1 1 1 1 1 1 1 1 1 1 1 1 1 1 1 1 1 1 1 1 1 1 1 1 1 1 1 1 1 1 1 1 1 1 1 1 1 1 1 1 1 1 1 1 1 1 1 1 1 1 1 1 1 1 1 1 1 1 1 1 1 1 1 1 1 1 1 1 1 1 1 1 1 1 1</vcount>
          <v>1 1 1 2 1 3 1 4 1 5 1 6 1 7 1 8 1 9 1 10 1 11 1 12 1 13 1 14 1 15 1 16 1 17 1 18 1 19 1 20 1 21 1 22 1 23 1 24 1 25 1 26 1 27 1 28 1 29 1 30 1 31 1 32 1 33 1 34 1 35 1 36 1 37 1 38 1 39 1 40 1 41 1 42 1 43 1 44 1 45 1 46 1 47 1 48 1 49 1 50 1 51 1 52 1 53 1 54 1 55 1 56 1 57 1 58 1 59 1 60 1 61 1 62 1 63 1 64 1 65 1 66 1 67 1 68 1 69 1 70 1 71 1 72 1 73 1 74 1 75 1 76 1 77 1 78 1 79 1 80 1 81 1 82 1 83 1 84 1 85 1 86 1 87 1 88 1 89 1 90 1 91 1 92 1 93 1 94 1 95 1 96 1 97 1 98 1 99 1 100 1 101 1 102 1 103 1 104 1 105 1 106 1 107 1 108 1 109 1 110 1 111 1 112 1 113 1 114 1 115 1 116 1 117 1 118 1 119 1 120 1 121 1 122 1 123 1 124 1 125 1 126 1 127 1 128 1 129 1 130 1 131 1 132 1 133 1 134 1 135 1 136 1 137 1 138 1 139 1 140 1 141 1 142 1 143 1 144 1 145 1 146 1 147 1 148 1 149 1 150 1 151 1 152 1 153 1 154 1 155 1 156 1 157 1 158 1 159 1 160 1 161 1 162 1 163 1 164 1 165 1 166 1 167 1 168 1 169 1 170 1 171 1 172 1 173 1 174 1 175 1 176 1 177 1 178 1 179 1 180 1 181 1 182 1 183 1 184 1 185 1 186 1 187 1 188 1 189 1 190 1 191 1 192 1 193 1 194 1 195 1 196 1 197 1 198 1 199 1 200 1 201 1 202 1 203 1 204 1 205 1 206 1 207 1 208 1 209 1 210 1 211 1 212 1 213 1 214 1 215 1 216 1 217 1 218 1 219 1 220 1 221 1 222 1 223 1 224 1 225 1 226 1 227 1 228 1 229 1 230 1 231 1 232 1 233 1 234 1 235 1 236 1 237 1 238 1 239 1 240 1 241 1 242 1 243 1 244 1 245 1 246 1 247 1 248 1 249 1 250 1 251 1 252 1 253 1 254 1 255 1 256 1 257 1 258 1 259 1 260 1 261 1 262 1 263 1 264 1 265 1 266 1 267 1 268 1 269 1 270 1 271 1 272 1 273 1 274 1 275 1 276 1 277 1 278 1 279 1 280 1 281 1 282 1 283 1 284 1 285 1 286 1 287 1 288 1 289 1 290 1 291 1 292 1 293 1 294 1 295 1 296 1 297 1 298 1 299 1 300 1 301 1 302 1 303 1 304 1 305 1 306 1 307 1 308 1 309 1 310 1 311 1 312 1 313 1 314 1 315 1 316 1 317 1 318 1 319 1 320 1 321 1 322 1 323 1 324 1 325 1 326 1 327 1 328 1 329 1 330 1 331 1 332 1 333 1 334 1 335 1 336 1 337 1 338 1 339 1 340 1 341 1 342 1 343 1 344 1 345 1 346 1 347 1 348 1 349 1 350 1 351 1 352 1 353 1 354 1 355 1 356 1 357 1 358 1 359 1 360 1 361 1 362 1 363 1 364 1 365 1 366 1 367 1 368 1 369 1 370 1 371 1 372 1 373 1 374 1 375 1 376 1 377 1 378 1 379 1 380 1 381 1 382 1 383 1 384 1 385 1 386 1 387 1 388 1 389 1 390 1 391 1 392 1 393 1 394 1 395 1 396 1 397 1 398 1 399 1 400 1 401 1 402 1 403 1 404 1 405 1 406 1 407 1 408 1 409 1 410 1 411 1 412 1 413 1 414 1 415 1 416 1 417 1 418 1 419 1 420 1 421 1 422 1 423 1 424 1 425 1 426 1 427 1 428 1 429 1 430 1 431 1 432 1 433 1 434 1 435 1 436 1 437 1 438 1 439 1 440 1 441 1 442 1 443 1 444 1 445 1 446 1 447 1 448 1 449 1 450 1 451 1 452 1 453 1 454 1 455 1 456 1 457 1 458 1 459 1 460 1 461 1 462 1 463 1 464 1 465 1 466 1 467 1 468 1 469 1 470 1 471 1 472 1 473 1 474 1 475 1 476 1 477 1 478 1 479 1 480 1 481 1 482 1 483 1 484 1 485 1 486 1 487 1 488 1 489 1 490 1 491 1 492 1 493 1 494 1 495 1 496 1 497 1 498 1 499 1 500 1 501 1 502 1 503 1 504 1 505 1 506 1 507 1 508 1 509 1 510 1 511 1 512 1 513 1 514 1 515 1 516 1 517 1 518 1 519 1 520 1 521 1 522 1 523 1 524 1 525 1 526 1 527 1 528 1 529 1 530 1 531 1 532 1 533 1 534 1 535 1 536 1 537 1 538 1 539 1 540 1 541 1 542 1 543 1 544 1 545 1 546 1 547 1 548 1 549 1 550 1 551 1 552 1 553 1 554 1 555 1 556 1 557 1 558 1 559 1 560 1 561 1 562 1 563 1 564 1 565 1 566 1 567 1 568 1 569 1 570 1 571 1 572 1 573 1 574 1 575 1 576 1 577 1 578 1 579 1 580 1 581 1 582 1 583 1 584 1 585 1 586 1 587 1 588 1 589 1 590 1 591 1 592 1 593 1 594 1 595 1 596 1 597 1 598 1 599 1 600 1 601 1 602 1 603 1 604 1 605 1 606 1 607 1 608 1 609 1 610 1 611 1 612 1 613 1 614 1 615 1 616 1 617 1 618 1 619 1 620 1 621 1 622 1 623 1 624 1 625 1 626 1 627 1 628 1 629 1 630 1 631 1 632 1 633 1 634 1 635 1 636 1 637 1 638 1 639 1 640 1 641 1 642 1 643 1 644 1 645 1 646 1 647 1 648 1 649 1 650 1 651 1 652 1 653 1 654 1 655 1 656 1 657 1 658 1 659 1 660 1 661 1 662 1 663 1 664 1 665 1 666 1 667 1 668 1 669 1 670 1 671 1 672 1 673 1 674 1 675 1 676 1 677 1 678 1 679 1 680 1 681 1 682 1 683 1 684 1 685 1 686 1 687 1 688 1 689 1 690 1 691 1 692 1 693 1 694 1 695 1 696 1 697 1 698 1 699 1 700 1 701 1 702 1 703 1 704 1 705 1 706 1 707 1 708 1 709 1 710 1 711 1 712 1 713 1 714 1 715 1 716 1 717 1 718 1 719 1 720 1 721 1 722 1 723 1 724 1 725 1 726 1 727 1 728 1 729 1 730 1 731 1 732 1 733 1 734 1 735 1 736 1 737 1 738 1 739 1 740 1 741 1 742 1 743 1 744 1 745 1 746 1 747 1 748 1 749 1 750 1 751 1 752 1 753 1 754 1 755 1 756 1 757 1 758 1 759 1 760 1 761 1 762 1 763 1 764 1 765 1 766 1 767 1 768 1 769 1 770 1 771 1 772 1 773 1 774 1 775 1 776 1 777 1 778 1 779 1 780 1 781 1 782 1 783 1 784 1 785 1 786 1 787 1 788 1 789 1 790 1 791 1 792 1 793 1 794 1 795 1 796 1 797 1 798 1 799 1 800 1 801 1 802 1 803 1 804 1 805 1 806 1 807 1 808 1 809 1 810 1 811 1 812 1 813 1 814 1 815 1 816 1 817 1 818 1 819 1 820 1 821 1 822 1 823 1 824 1 825 1 826 1 827 1 828 1 829 1 830 1 831 1 832 1 833 1 834 1 835 1 836 1 837 1 838 1 839 1 840 1 841 1 842 1 843 1 844 1 845 1 846 1 847 1 848 1 849 1 850 1 851 1 852 1 853 1 854 1 855 1 856 1 857 1 858 1 859 1 860 1 861 1 862 1 863 1 864 1 865 1 866 1 867 1 868 1 869 1 870 1 871 1 872 1 873 1 874 1 875 1 876 1 877 1 878 1 879 1 880 1 881 1 882 1 883 1 884 1 885 1 886 1 887 1 888 1 889 1 890 1 891 1 892 1 893 1 894 1 895 1 896 1 897 1 898 1 899 1 900 1 901 1 902 1 903 1 904 1 905 1 906 1 907 1 908 1 909 1 910 1 911 1 912 1 913 1 914 1 915 1 916 1 917 1 918 1 919 1 920 1 921 1 922 1 923 1 924 1 925 1 926 1 927 1 928 1 929 1 930 1 931 1 932 1 933 1 934 1 935 1 936 1 937 1 938 1 939 1 940 1 941 1 942 1 943 1 944 1 945 1 946 1 947 1 948 1 949 1 950 1 951 1 952 1 953 1 954 1 955 1 956 1 957 1 958 1 959 1 960 1 961 1 962 1 963 1 964 1 965 1 966 1 967 1 968 1 969 1 970 1 971 1 972 1 973 1 974 1 975 1 976 1 977 1 978 1 979 1 980 1 981 1 982 1 983 1 984 1 985 1 986 1 987 1 988 1 989 1 990 1 991 1 992 1 993 1 994 1 995 1 996 1 997 1 998 1 999 1 1000 1 1001 1 1002 1 1003 1 1004 1 1005 1 1006 1 1007 1 1008 1 1009 1 1010 1 1011 1 1012 1 1013 1 1014 1 1015 1 1016 1 1017 1 1018 1 1019 1 1020 1 1021 1 1022 1 1023 1 1024 1 1025 1 1026 1 1027 1 1028 1 1029 1 1030 1 1031 1 1032 1 1033 1 1034 1 1035 1 1036 1 1037 1 1038 1 1039 1 1040 1 1041 1 1042 1 1043 1 1044 1 1045 1 1046 1 1047 1 1048 1 1049 1 1050 1 1051 1 1052 1 1053 1 1054 1 1055 1 1056 1 1057 1 1058 1 1059 1 1060 1 1061 1 1062 1 1063 1 1064 1 1065 1 1066 1 1067 1 1068 1 1069 1 1070 1 1071 1 1072 1 1073 1 1074 1 1075 1 1076 1 1077 1 1078 1 1079 1 1080 1 1081 1 1082 1 1083 1 1084 1 1085 1 1086 1 1087 1 1088 1 1089 1 1090 1 1091 1 1092 1 1093 1 1094 1 1095 1 1096 1 1097 1 1098 1 1099 1 1100 1 1101 1 1102 1 1103 1 1104 1 1105 1 1106 1 1107 1 1108 1 1109 1 1110 1 1111 1 1112 1 1113 1 1114 1 1115 1 1116 1 1117 1 1118 1 1119 1 1120 1 1121 1 1122 1 1123 1 1124 1 1125 1 1126 1 1127 1 1128 1 1129 1 1130 1 1131 1 1132 1 1133 1 1134 1 1135 1 1136 1 1137 1 1138 1 1139 1 1140 1 1141 1 1142 1 1143 1 1144 1 1145 1 1146 1 1147 1 1148 1 1149 1 1150 1 1151 1 1152 1 1153 1 1154 1 1155 1 1156 1 1157 1 1158 1 1159 1 1160 1 1161 1 1162 1 1163 1 1164 1 1165 1 1166 1 1167 1 1168 1 1169 1 1170 1 1171 1 1172 1 1173 1 1174 1 1175 1 1176 1 1177 1 1178 1 1179 1 1180 1 1181 1 1182 1 1183 1 1184 1 1185 1 1186 1 1187 1 1188 1 1189 1 1190 1 1191 1 1192 1 1193 1 1194 1 1195 1 1196 1 1197 1 1198 1 1199 1 1200 1 1201 1 1202 1 1203 1 1204 1 1205 1 1206 1 1207 1 1208 1 1209 1 1210 1 1211 1 1212 1 1213 1 1214 1 1215 1 1216 1 1217 1 1218 1 1219 1 1220 1 1221 1 1222 1 1223 1 1224 1 1225 1 1226 1 1227 1 1228 1 1229 1 1230 1 1231 1 1232 1 1233 1 1234 1 1235 1 1236 1 1237 1 1238 1 1239 1 1240 1 1241 1 1242 1 1243 1 1244 1 1245 1 1246 1 1247 1 1248 1 1249 1 1250 1 1251 1 1252 1 1253 1 1254 1 1255 1 1256 1 1257 1 1258 1 1259 1 1260 1 1261 1 1262 1 1263 1 1264 1 1265 1 1266 1 1267 1 1268 1 1269 1 1270 1 1271 1 1272 1 1273 1 1274 1 1275 1 1276 1 1277 1 1278 1 1279 1 1280 1 1281 1 1282 1 1283 1 1284 1 1285 1 1286 1 1287 1 1288 1 1289 1 1290 1 1291 1 1292 1 1293 1 1294 1 1295 1 1296 1 1297 1 1298 1 1299 1 1300 1 1301 1 1302 1 1303 1 1304 1 1305 1 1306 1 1307 1 1308 1 1309 1 1310 1 1311 1 1312 1 1313 1 1314 1 1315 1 1316 1 1317 1 1318 1 1319 1 1320 1 1321 1 1322 1 1323 1 1324 1 1325 1 1326 1 1327 1 1328 1 1329 1 1330 1 1331 1 1332 1 1333 1 1334 1 1335 1 1336 1 1337 1 1338 1 1339 1 1340 1 1341 1 1342 1 1343 1 1344 1 1345 1 1346 1 1347 1 1348 1 1349 1 1350 1 1351 1 1352 1 1353 1 1354 1 1355 1 1356 1 1357 1 1358 1 1359 1 1360 1 1361 1 1362 1 1363 1 1364 1 1365 1 1366 1 1367 1 1368 1 1369 1 1370 1 1371 1 1372 1 1373 1 1374 1 1375 1 1376 1 1377 1 1378 1 1379 1 1380 1 1381 1 1382 1 1383 1 1384 1 1385 1 1386 1 1387 1 1388 1 1389 1 1390 1 1391 1 1392 1 1393 1 1394 1 1395 1 1396 1 1397 1 1398 1 1399 1 1400 1 1401 1 1402 1 1403 1 1404 1 1405 1 1406 1 1407 1 1408 1 1409 1 1410 1 1411 1 1412 1 1413 1 1414 1 1415 1 1416 1 1417 1 1418 1 1419 1 1420 1 1421 1 1422 1 1423 1 1424 1 1425 1 1426 1 1427 1 1428 1 1429 1 1430 1 1431 1 1432 1 1433 1 1434 1 1435 1 1436 1 1437 1 1438 1 1439 1 1440 1 1441 1 1442 1 1443 1 1444 1 1445 1 1446 1 1447 1 1448 1 1449 1 1450 1 1451 1 1452 1 1453 1 1454 1 1455 1 1456 1 1457 1 1458 1 1459 1 1460 1 1461 1 1462 1 1463 1 1464 1 1465 1 1466 1 1467 1 1468 1 1469 1 1470 1 1471 1 1472 1 1473 1 1474 1 1475 1 1476 1 1477 1 1478 1 1479 1 1480 1 1481 1 1482 1 1483 1 1484 1 1485 1 1486 1 1487 1 1488 1 1489 1 1490 1 1491 1 1492 1 1493 1 1494 1 1495 1 1496 1 1497 1 1498 1 1499 1 1500 1 1501 1 1502 1 1503 1 1504 1 1505 1 1506 1 1507 1 1508 1 1509 1 1510 1 1511 1 1512 1 1513 1 1514 1 1515 1 1516 1 1517 1 1518 1 1519 1 1520 1 1521 1 1522 1 1523 1 1524 1 1525 1 1526 1 1527 1 1528 1 1529 1 1530 1 1531 1 1532 1 1533 1 1534 1 1535 1 1536 1 1537 1 1538 1 1539 1 1540 1 1541 1 1542 1 1543 1 1544 1 1545 1 1546 1 1547 1 1548 1 1549 1 1550 1 1551 1 1552 1 1553 1 1554 1 1555 1 1556 1 1557 1 1558 1 1559 1 1560 1 1561 1 1562 1 1563 1 1564 1 1565 1 1566 1 1567 1 1568 1 1569 1 1570 1 1571 1 1572 1 1573 1 1574 1 1575 1 1576 1 1577 1 1578 1 1579 1 1580 1 1581 1 1582 1 1583 1 1584 1 1585 1 1586 1 1587 1 1588 1 1589 1 1590 1 1591 1 1592 1 1593 1 1594 1 1595 1 1596 1 1597 1 1598 1 1599 1 1600 1 1601 1 1602 1 1603 1 1604 1 1605 1 1606 1 1607 1 1608 1 1609 1 1610 1 1611 1 1612 1 1613 1 1614 1 1615 1 1616 1 1617 1 1618 1 1619 1 1620 1 1621 1 1622 1 1623 1 1624 1 1625 1 1626 1 1627 1 1628 1 1629 1 1630 1 1631 1 1632 1 1633 1 1634 1 1635 1 1636 1 1637 1 1638 1 1639 1 1640 1 1641 1 1642 1 1643 1 1644 1 1645 1 1646 1 1647 1 1648 1 1649 1 1650 1 1651 1 1652 1 1653 1 1654 1 1655 1 1656 1 1657 1 1658 1 1659 1 1660 1 1661 1 1662 1 1663 1 1664 1 1665 1 1666 1 1667 1 1668 1 1669 1 1670 1 1671 1 1672 1 1673 1 1674 1 1675 1 1676 1 1677 1 1678 1 1679 1 1680 1 1681 1 1682 1 1683 1 1684 1 1685 1 1686 1 1687 1 1688 1 1689 1 1690 1 1691 1 1692 1 1693 1 1694 1 1695 1 1696 1 1697 1 1698 1 1699 1 1700 1 1701 1 1702 1 1703 1 1704 1 1705 1 1706 1 1707 1 1708 1 1709 1 1710 1 1711 1 1712 1 1713 1 1714 1 1715 1 1716 1 1717 1 1718 1 1719 1 1720 1 1721 1 1722 1 1723 1 1724 1 1725 1 1726 1 1727 1 1728 1 1729 1 1730 1 1731 1 1732 1 1733 1 1734 1 1735 1 1736 1 1737 1 1738 1 1739 1 1740 1 1741 1 1742 1 1743 1 1744 1 1745 1 1746 1 1747 1 1748 1 1749 1 1750 1 1751 1 1752 1 1753 1 1754 1 1755 1 1756 1 1757 1 1758 1 1759 1 1760 1 1761 1 1762 1 1763 1 1764 1 1765 1 1766 1 1767 1 1768 1 1769 1 1770 1 1771 1 1772 1 1773 1 1774 1 1775 1 1776 1 1777 1 1778 1 1779 1 1780 1 1781 1 1782 1 1783 1 1784 1 1785 1 1786 1 1787 1 1788 1 1789 1 1790 1 1791 1 1792 1 1793 1 1794 1 1795 1 1796 1 1797 1 1798 1 1799 1 1800 1 1801 1 1802 1 1803 1 1804 1 1805 1 1806 1 1807 1 1808 1 1809 1 1810 1 1811 1 1812 1 1813 1 1814 1 1815 1 1816 1 1817 1 1818 1 1819 1 1820 1 1821 1 1822 1 1823 1 1824 1 1825 1 1826 1 1827 1 1828 1 1829 1 1830 1 1831 1 1832 1 1833 1 1834 1 1835 1 1836 1 1837 1 1838 1 1839 1 1840 1 1841 1 1842 1 1843 1 1844 1 1845 1 1846 1 1847 1 1848 1 1849 1 1850 1 1851 1 1852 1 1853 1 1854 1 1855 1 1856 1 1857 1 1858 1 1859 1 1860 1 1861 1 1862 1 1863 1 1864 1 1865 1 1866 1 1867 1 1868 1 1869 1 1870 1 1871 1 1872 1 1873 1 1874 1 1875 1 1876 1 1877 1 1878 1 1879 1 1880 1 1881 1 1882 1 1883 1 1884 1 1885 1 1886 1 1887 1 1888 1 1889 1 1890 1 1891 1 1892 1 1893 1 1894 1 1895 1 1896 1 1897 1 1898 1 1899 1 1900 1 1901 1 1902 1 1903 1 1904 1 1905 1 1906 1 1907 1 1908 1 1909 1 1910 1 1911 1 1912 1 1913 1 1914 1 1915 1 1916 1 1917 1 1918 1 1919 1 1920 1 1921 1 1922 1 1923 1 1924 1 1925 1 1926 1 1927 1 1928 1 1929 1 1930 1 1931 1 1932 1 1933 1 1934 1 1935 1 1936 1 1937 1 1938 1 1939 1 1940 1 1941 1 1942 1 1943 1 1944 1 1945 1 1946 1 1947 1 1948 1 1949 1 1950 1 1951 1 1952 1 1953 1 1954 1 1955 1 1956 1 1957 1 1958 1 1959 1 1960 1 1961 1 1962 1 1963 1 1964 1 1965 1 1966 1 1967 1 1968</v>
        </vertex_weights>
      </skin>
    </controller>
  </library_controllers>
  <library_visual_scenes>
    <visual_scene id="Scene" name="Scene">
      <node name="jnt_right_weapon" id="jnt_right_weapon" sid="jnt_right_weapon" type="JOINT">
        <matrix sid="matrix">1.000000 0.000000 0.000000 0.000000 0.000000 1.000000 0.000000 0.000000 0.000000 -0.000000 1.000000 0.000000 0.000000 0.000000 0.000000 1.000000</matrix>
        <extra>
          <technique profile="FCOLLADA">
            <visibility>1.000000</visibility>
          </technique>
        </extra>
        <node name="root_item" id="root_item" sid="root_item" type="JOINT">
          <matrix sid="matrix">1.000000 0.000000 0.000000 0.000000 0.000000 1.000000 0.000000 0.000000 0.000000 -0.000000 1.000000 0.000000 0.000000 0.000000 0.000000 1.000000</matrix>
          <extra>
            <technique profile="FCOLLADA">
              <visibility>1.000000</visibility>
            </technique>
          </extra>
          <node name="root_item_end" id="root_item_end" sid="root_item_end" type="JOINT">
            <matrix sid="matrix">1.000000 0.000000 0.000000 0.000000 0.000000 1.000000 0.000000 0.010000 0.000000 -0.000000 1.000000 -0.000000 0.000000 0.000000 0.000000 1.000000</matrix>
            <extra>
              <technique profile="FCOLLADA">
                <visibility>1.000000</visibility>
              </technique>
            </extra>
          </node>
        </node>
      </node>
      <node name="char_heavytool" id="char_heavytool" sid="char_heavytool">
        <instance_controller url="#char_heavytoolController">
          <bind_material>
            <technique_common>
              <instance_material symbol="m_bars" target="#m_bars"/>
              <instance_material symbol="m_screen" target="#m_screen"/>
              <instance_material symbol="m_boombox" target="#m_boombox"/>
              <instance_material symbol="m_boombox_matcap" target="#m_boombox_matcap"/>
            </technique_common>
          </bind_material>
        </instance_controller>
        <extra>
          <technique profile="FCOLLADA">
            <visibility>1.000000</visibility>
          </technique>
        </extra>
      </node>
      <node name="tool_settings_ctrl" id="tool_settings_ctrl" sid="tool_settings_ctrl">
        <matrix sid="matrix">0.010000 0.000000 0.000000 0.000000 0.000000 0.010000 0.000000 0.000000 0.000000 -0.000000 0.010000 0.000000 0.000000 0.000000 0.000000 1.000000</matrix>
        <extra>
          <technique profile="FCOLLADA">
            <visibility>1.000000</visibility>
          </technique>
        </extra>
        <node name="tool_pspace_crv" id="tool_pspace_crv" sid="tool_pspace_crv">
          <matrix sid="matrix">1.000000 0.000000 0.000000 0.000000 0.000000 1.000000 0.000000 0.000000 0.000000 -0.000000 1.000000 0.000000 0.000000 0.000000 0.000000 1.000000</matrix>
          <extra>
            <technique profile="FCOLLADA">
              <visibility>1.000000</visibility>
            </technique>
          </extra>
          <node name="item_ctrl" id="item_ctrl" sid="item_ctrl">
            <matrix sid="matrix">1.000000 0.000000 0.000000 0.000000 0.000000 1.000000 0.000000 0.000000 0.000000 -0.000000 1.000000 0.000000 0.000000 0.000000 0.000000 1.000000</matrix>
            <extra>
              <technique profile="FCOLLADA">
                <visibility>1.000000</visibility>
              </technique>
            </extra>
          </node>
        </node>
      </node>
      <extra>
        <technique profile="MAX3D">
          <frame_rate>24.000000</frame_rate>
        </technique>
        <technique profile="FCOLLADA">
          <start_time>0.000000</start_time>
          <end_time>1.000000</end_time>
        </technique>
      </extra>
    </visual_scene>
  </library_visual_scenes>
  <scene>
    <instance_visual_scene url="#Scene"></instance_visual_scene>
  </scene>
</COLLADA>
